hoa_id,property_id,HOA,HOA_Flag
1,1,460,No
2,1,476,Yes
3,2,322,Yes
4,2,219,Yes
5,3,242,Yes
6,3,470,Yes
7,4,500,Yes
8,5,197,Yes
9,5,424,Yes
10,7,413,No
11,7,335,No
12,8,155,No
13,10,72,Yes
14,12,297,No
15,12,34,Yes
16,13,365,No
17,14,98,No
18,14,296,No
19,15,463,No
20,16,288,Yes
21,16,184,No
22,18,22,Yes
23,18,333,No
24,20,415,Yes
25,21,138,No
26,21,465,No
27,25,161,Yes
28,29,202,No
29,29,328,Yes
30,31,130,No
31,31,402,No
32,32,476,Yes
33,32,15,No
34,33,500,Yes
35,34,465,No
36,34,197,Yes
37,35,360,Yes
38,35,41,Yes
39,36,230,Yes
40,37,216,No
41,37,429,No
42,38,85,Yes
43,39,391,Yes
44,41,478,Yes
45,43,206,Yes
46,43,187,Yes
47,45,83,No
48,45,244,No
49,46,205,Yes
50,47,52,Yes
51,48,439,Yes
52,51,335,Yes
53,51,168,Yes
54,52,460,No
55,53,172,Yes
56,53,286,Yes
57,55,154,Yes
58,55,282,No
59,56,399,No
60,56,149,Yes
61,57,472,Yes
62,59,389,Yes
63,60,44,Yes
64,60,75,Yes
65,61,270,Yes
66,61,290,No
67,62,471,No
68,63,309,No
69,64,343,No
70,64,226,Yes
71,65,451,No
72,65,114,No
73,66,449,Yes
74,66,200,Yes
75,67,329,Yes
76,67,75,No
77,68,43,Yes
78,69,6,No
79,70,360,Yes
80,71,312,Yes
81,71,316,No
82,72,279,No
83,72,408,Yes
84,74,438,No
85,74,388,No
86,75,419,No
87,75,458,No
88,78,186,No
89,79,479,No
90,79,250,No
91,81,336,No
92,82,177,Yes
93,82,464,No
94,83,373,No
95,83,471,No
96,86,168,No
97,87,128,Yes
98,88,355,Yes
99,91,145,No
100,91,92,Yes
101,94,243,No
102,95,104,No
103,95,456,No
104,96,8,No
105,96,235,Yes
106,98,240,Yes
107,98,191,No
108,101,412,No
109,103,62,Yes
110,106,154,No
111,110,382,No
112,111,182,No
113,111,92,No
114,114,163,Yes
115,114,419,Yes
116,115,79,Yes
117,115,161,No
118,118,414,No
119,120,305,Yes
120,122,116,No
121,122,166,Yes
122,124,432,No
123,124,79,Yes
124,125,63,No
125,126,239,Yes
126,127,104,No
127,128,258,Yes
128,128,355,No
129,129,19,Yes
130,129,197,No
131,130,436,Yes
132,132,202,Yes
133,133,362,No
134,133,33,No
135,135,323,No
136,136,414,No
137,137,132,Yes
138,137,70,Yes
139,139,421,Yes
140,142,244,Yes
141,144,56,No
142,145,103,No
143,145,231,No
144,146,49,No
145,149,346,No
146,149,291,No
147,150,442,No
148,152,371,No
149,153,473,No
150,154,271,Yes
151,155,123,Yes
152,155,204,Yes
153,156,275,No
154,158,435,Yes
155,160,407,Yes
156,161,16,Yes
157,161,69,No
158,162,245,Yes
159,162,356,No
160,163,399,No
161,165,423,No
162,166,256,No
163,170,63,No
164,170,253,Yes
165,173,99,Yes
166,175,427,Yes
167,175,132,Yes
168,176,74,Yes
169,177,100,Yes
170,179,414,No
171,180,340,Yes
172,182,295,Yes
173,183,350,Yes
174,187,251,No
175,188,232,No
176,188,18,Yes
177,191,327,Yes
178,192,75,Yes
179,192,315,Yes
180,193,176,No
181,193,311,Yes
182,194,347,Yes
183,194,461,No
184,196,22,No
185,200,420,Yes
186,201,240,No
187,205,335,No
188,207,287,Yes
189,208,240,No
190,210,311,Yes
191,211,360,Yes
192,212,63,Yes
193,213,158,Yes
194,215,222,Yes
195,216,142,No
196,217,175,No
197,217,225,No
198,218,448,Yes
199,218,261,No
200,219,218,Yes
201,219,27,Yes
202,220,23,Yes
203,222,499,No
204,223,44,No
205,223,474,Yes
206,224,257,Yes
207,225,399,Yes
208,225,6,No
209,227,51,No
210,227,262,No
211,230,375,Yes
212,231,142,Yes
213,231,98,No
214,232,211,No
215,232,205,Yes
216,234,93,No
217,235,410,No
218,235,236,No
219,236,11,Yes
220,237,84,Yes
221,238,122,No
222,239,340,No
223,241,357,Yes
224,242,323,No
225,242,145,No
226,243,372,Yes
227,245,101,Yes
228,245,197,Yes
229,246,369,No
230,247,13,No
231,248,182,Yes
232,250,158,No
233,252,369,Yes
234,252,487,No
235,253,435,Yes
236,255,15,No
237,255,51,No
238,256,494,No
239,257,423,Yes
240,257,223,Yes
241,258,455,Yes
242,258,327,Yes
243,260,28,Yes
244,262,458,No
245,263,303,Yes
246,263,30,No
247,264,257,No
248,264,241,Yes
249,265,455,Yes
250,265,205,Yes
251,266,105,Yes
252,266,199,Yes
253,267,149,Yes
254,267,151,No
255,268,491,Yes
256,268,235,Yes
257,269,462,No
258,269,243,No
259,270,448,Yes
260,270,396,No
261,273,95,Yes
262,275,447,No
263,275,366,Yes
264,277,452,No
265,277,4,Yes
266,278,97,No
267,278,140,Yes
268,279,78,Yes
269,280,346,Yes
270,280,291,No
271,281,7,No
272,281,220,No
273,282,443,Yes
274,282,421,Yes
275,283,472,Yes
276,286,454,No
277,287,205,Yes
278,288,280,No
279,289,449,Yes
280,289,371,No
281,294,57,No
282,294,253,Yes
283,295,269,No
284,297,18,Yes
285,297,260,Yes
286,300,482,Yes
287,301,463,Yes
288,302,138,No
289,302,203,Yes
290,303,114,No
291,303,491,No
292,304,290,No
293,305,17,Yes
294,305,159,Yes
295,306,325,No
296,307,258,Yes
297,308,483,Yes
298,308,241,Yes
299,309,410,Yes
300,309,239,Yes
301,311,259,Yes
302,312,221,Yes
303,313,347,No
304,314,285,Yes
305,314,167,No
306,315,154,Yes
307,315,442,No
308,316,89,No
309,316,318,No
310,317,111,Yes
311,318,451,Yes
312,322,374,No
313,322,40,No
314,323,270,No
315,323,250,No
316,324,84,Yes
317,324,450,No
318,325,211,Yes
319,326,400,Yes
320,326,319,No
321,329,128,Yes
322,333,54,Yes
323,333,69,No
324,334,401,Yes
325,338,13,Yes
326,338,215,Yes
327,339,457,No
328,339,378,Yes
329,340,284,Yes
330,341,357,Yes
331,342,64,No
332,342,67,No
333,343,381,No
334,343,337,Yes
335,344,271,Yes
336,345,163,No
337,345,149,Yes
338,347,39,No
339,347,247,No
340,350,364,No
341,350,456,Yes
342,351,331,No
343,351,461,No
344,353,90,Yes
345,354,212,No
346,354,163,Yes
347,355,216,No
348,355,244,No
349,356,11,Yes
350,356,320,Yes
351,357,220,Yes
352,357,401,No
353,358,132,No
354,358,246,No
355,359,276,Yes
356,360,139,Yes
357,360,291,No
358,362,154,Yes
359,363,140,Yes
360,363,246,No
361,364,450,Yes
362,364,273,No
363,365,1,Yes
364,365,409,No
365,366,165,Yes
366,366,402,No
367,369,378,Yes
368,369,477,Yes
369,370,371,Yes
370,371,73,No
371,371,122,Yes
372,372,221,No
373,373,174,No
374,373,165,Yes
375,374,457,Yes
376,375,173,No
377,375,489,Yes
378,377,278,No
379,378,334,No
380,378,134,Yes
381,380,172,No
382,380,87,No
383,382,177,No
384,383,103,No
385,383,453,No
386,384,251,No
387,386,318,Yes
388,387,300,Yes
389,388,15,No
390,388,120,Yes
391,390,412,Yes
392,390,151,No
393,391,497,No
394,391,245,Yes
395,392,218,No
396,393,80,Yes
397,394,470,Yes
398,395,338,Yes
399,395,342,Yes
400,398,487,No
401,400,478,Yes
402,402,390,Yes
403,403,390,No
404,406,298,Yes
405,406,203,No
406,407,74,Yes
407,407,137,Yes
408,411,43,Yes
409,412,239,Yes
410,414,318,Yes
411,414,165,No
412,415,24,No
413,416,299,No
414,419,118,Yes
415,420,449,No
416,420,360,No
417,421,98,Yes
418,421,367,Yes
419,422,114,Yes
420,422,433,No
421,423,205,No
422,423,321,No
423,424,81,No
424,425,445,Yes
425,425,139,No
426,426,158,No
427,426,226,No
428,427,457,Yes
429,428,177,Yes
430,428,327,Yes
431,429,402,No
432,430,44,Yes
433,430,356,No
434,431,27,No
435,432,103,No
436,432,124,No
437,433,397,No
438,434,112,Yes
439,434,164,No
440,435,379,No
441,436,149,Yes
442,436,261,Yes
443,439,236,No
444,439,454,Yes
445,440,121,No
446,442,191,Yes
447,442,2,Yes
448,443,44,Yes
449,443,405,Yes
450,444,34,Yes
451,444,131,Yes
452,445,230,Yes
453,448,357,Yes
454,448,56,No
455,450,446,No
456,450,45,No
457,453,214,No
458,454,441,Yes
459,454,234,Yes
460,455,20,Yes
461,455,389,Yes
462,456,19,Yes
463,458,98,No
464,458,365,Yes
465,459,475,No
466,460,414,No
467,460,214,Yes
468,461,257,No
469,461,33,No
470,462,7,No
471,462,497,No
472,463,193,Yes
473,465,229,No
474,466,6,No
475,469,341,Yes
476,470,433,Yes
477,470,466,No
478,471,32,No
479,471,429,Yes
480,474,144,Yes
481,474,302,No
482,475,252,No
483,475,172,Yes
484,477,470,No
485,477,354,No
486,478,286,No
487,480,172,Yes
488,480,416,Yes
489,481,67,No
490,481,181,No
491,483,442,No
492,483,81,No
493,485,89,Yes
494,485,123,Yes
495,486,84,No
496,487,263,Yes
497,488,162,No
498,489,182,Yes
499,489,322,No
500,491,475,No
501,491,427,No
502,493,459,No
503,494,230,No
504,497,335,Yes
505,498,483,No
506,498,296,Yes
507,499,372,Yes
508,503,274,No
509,503,261,No
510,505,374,No
511,506,162,Yes
512,507,271,Yes
513,508,396,Yes
514,508,104,Yes
515,509,100,Yes
516,511,123,No
517,514,209,No
518,514,65,Yes
519,517,465,Yes
520,518,494,Yes
521,519,3,No
522,519,380,No
523,520,51,Yes
524,521,329,Yes
525,521,43,No
526,522,262,Yes
527,523,340,Yes
528,523,446,Yes
529,524,330,No
530,524,181,No
531,525,53,Yes
532,527,126,No
533,527,138,Yes
534,528,114,No
535,528,380,No
536,532,178,No
537,532,32,No
538,533,265,Yes
539,533,311,No
540,534,345,Yes
541,535,202,No
542,535,127,Yes
543,537,133,No
544,538,399,No
545,540,421,No
546,541,424,No
547,541,35,Yes
548,542,130,No
549,542,447,No
550,543,370,Yes
551,543,88,No
552,545,67,No
553,545,253,Yes
554,546,147,Yes
555,546,131,No
556,547,380,No
557,547,446,No
558,549,353,No
559,549,276,No
560,550,168,No
561,551,441,Yes
562,553,189,No
563,555,123,Yes
564,555,239,No
565,556,354,No
566,556,145,Yes
567,557,294,No
568,558,364,Yes
569,559,386,Yes
570,559,142,Yes
571,560,141,No
572,560,481,No
573,561,91,Yes
574,561,271,Yes
575,563,102,No
576,563,51,Yes
577,565,118,No
578,568,64,Yes
579,569,438,Yes
580,570,158,Yes
581,572,127,Yes
582,574,487,No
583,575,172,Yes
584,575,226,Yes
585,576,158,Yes
586,576,256,Yes
587,579,202,Yes
588,580,117,No
589,582,482,Yes
590,582,309,No
591,584,266,No
592,584,337,Yes
593,585,479,No
594,586,416,Yes
595,587,489,Yes
596,589,142,Yes
597,589,243,No
598,590,222,No
599,590,167,Yes
600,592,189,Yes
601,593,8,Yes
602,593,500,Yes
603,594,362,No
604,596,39,No
605,597,132,Yes
606,599,4,Yes
607,604,468,Yes
608,604,40,No
609,605,229,No
610,606,426,No
611,607,145,No
612,607,132,Yes
613,609,361,No
614,610,51,Yes
615,610,93,No
616,611,12,Yes
617,612,30,Yes
618,612,407,Yes
619,614,204,No
620,617,481,No
621,619,76,No
622,619,398,No
623,620,106,Yes
624,622,30,No
625,623,57,Yes
626,623,209,No
627,624,97,No
628,627,418,No
629,628,322,No
630,628,463,No
631,629,276,Yes
632,630,272,No
633,630,319,No
634,632,354,No
635,632,474,Yes
636,634,271,Yes
637,634,409,Yes
638,636,49,No
639,638,332,No
640,638,459,No
641,639,313,No
642,640,327,No
643,641,92,Yes
644,641,385,No
645,642,262,Yes
646,643,58,Yes
647,643,407,Yes
648,644,350,No
649,644,237,Yes
650,649,35,No
651,650,350,No
652,651,432,Yes
653,651,26,Yes
654,652,401,No
655,654,261,Yes
656,655,213,Yes
657,655,375,Yes
658,656,73,Yes
659,657,306,No
660,657,277,Yes
661,658,375,Yes
662,658,438,Yes
663,659,64,No
664,661,441,Yes
665,662,422,Yes
666,664,428,No
667,665,229,No
668,666,27,No
669,666,387,No
670,667,302,Yes
671,667,88,Yes
672,668,163,Yes
673,668,120,Yes
674,670,139,No
675,672,78,Yes
676,672,48,Yes
677,673,379,No
678,674,460,Yes
679,675,342,No
680,675,381,No
681,678,59,Yes
682,678,47,No
683,679,214,Yes
684,680,84,No
685,681,426,No
686,681,257,Yes
687,682,438,Yes
688,682,9,No
689,684,187,No
690,684,232,Yes
691,690,443,Yes
692,690,393,Yes
693,691,312,No
694,691,62,No
695,692,412,Yes
696,692,481,Yes
697,694,392,Yes
698,695,180,No
699,697,6,No
700,697,87,No
701,698,111,No
702,699,459,Yes
703,699,434,No
704,703,452,Yes
705,703,193,No
706,705,87,Yes
707,707,375,Yes
708,711,488,Yes
709,711,112,No
710,712,422,No
711,712,59,Yes
712,713,400,No
713,713,144,Yes
714,714,104,No
715,714,386,No
716,715,99,Yes
717,720,56,Yes
718,721,416,No
719,721,413,Yes
720,722,237,No
721,723,463,Yes
722,725,192,No
723,731,111,No
724,731,318,Yes
725,738,305,No
726,738,376,No
727,740,161,Yes
728,740,198,No
729,742,163,Yes
730,742,110,No
731,743,272,Yes
732,743,441,No
733,744,313,Yes
734,747,209,No
735,749,409,Yes
736,749,413,No
737,751,451,No
738,752,215,No
739,754,126,Yes
740,754,411,Yes
741,755,269,Yes
742,755,472,Yes
743,756,221,No
744,757,396,No
745,757,134,No
746,758,328,No
747,758,198,Yes
748,760,443,No
749,760,228,No
750,761,126,No
751,765,122,No
752,765,176,No
753,766,411,Yes
754,766,461,Yes
755,767,489,No
756,769,268,No
757,769,404,Yes
758,771,375,No
759,772,297,No
760,774,97,Yes
761,774,191,Yes
762,775,458,No
763,775,133,No
764,776,159,Yes
765,776,141,No
766,777,72,Yes
767,777,197,Yes
768,778,450,Yes
769,778,59,Yes
770,779,309,Yes
771,780,349,No
772,780,241,No
773,781,60,Yes
774,781,185,No
775,782,66,No
776,782,76,Yes
777,783,482,No
778,783,478,Yes
779,785,11,Yes
780,785,474,Yes
781,786,63,Yes
782,786,54,No
783,788,205,No
784,790,336,Yes
785,793,129,No
786,793,257,Yes
787,794,363,No
788,796,220,Yes
789,797,41,Yes
790,797,490,Yes
791,798,311,No
792,799,486,No
793,800,212,No
794,800,172,Yes
795,803,112,Yes
796,803,232,Yes
797,804,145,Yes
798,806,62,No
799,806,397,Yes
800,807,450,No
801,809,323,No
802,809,148,Yes
803,811,2,Yes
804,811,52,Yes
805,812,181,Yes
806,812,153,Yes
807,821,395,Yes
808,821,0,Yes
809,822,395,No
810,822,126,No
811,823,497,Yes
812,823,38,Yes
813,824,286,No
814,825,473,No
815,826,390,Yes
816,827,393,Yes
817,831,0,No
818,831,327,No
819,832,2,No
820,832,169,No
821,833,113,No
822,835,5,Yes
823,837,136,Yes
824,837,122,No
825,838,350,Yes
826,839,198,No
827,839,108,Yes
828,840,467,No
829,840,470,Yes
830,841,325,Yes
831,842,174,No
832,842,294,No
833,843,322,No
834,843,79,Yes
835,846,465,Yes
836,846,390,Yes
837,847,170,Yes
838,847,71,Yes
839,850,440,Yes
840,850,36,No
841,851,286,Yes
842,852,297,Yes
843,853,399,Yes
844,854,121,Yes
845,856,48,No
846,856,284,No
847,858,91,No
848,859,414,No
849,859,69,No
850,860,412,No
851,862,162,No
852,863,130,Yes
853,865,126,No
854,865,228,Yes
855,866,399,Yes
856,866,424,Yes
857,868,165,No
858,869,209,Yes
859,869,52,Yes
860,873,136,No
861,874,271,Yes
862,875,336,Yes
863,878,212,No
864,879,188,No
865,880,313,Yes
866,880,93,No
867,881,303,No
868,882,47,Yes
869,883,269,No
870,883,423,No
871,884,365,Yes
872,885,388,No
873,886,305,Yes
874,886,500,Yes
875,887,54,Yes
876,887,17,No
877,889,143,No
878,889,199,No
879,890,426,No
880,891,168,No
881,894,362,No
882,894,70,No
883,895,316,Yes
884,896,331,Yes
885,896,210,No
886,897,175,Yes
887,898,94,Yes
888,899,21,No
889,901,214,Yes
890,901,140,No
891,902,141,Yes
892,902,436,No
893,903,202,Yes
894,904,412,No
895,907,450,Yes
896,907,447,Yes
897,908,461,Yes
898,908,276,Yes
899,909,244,No
900,909,186,Yes
901,910,485,No
902,910,435,No
903,911,318,Yes
904,911,57,Yes
905,912,328,Yes
906,912,193,No
907,913,423,No
908,914,156,Yes
909,914,417,No
910,916,346,Yes
911,916,9,Yes
912,917,21,Yes
913,917,51,No
914,918,186,Yes
915,919,277,No
916,919,152,Yes
917,921,384,No
918,921,263,No
919,922,470,No
920,922,42,Yes
921,924,401,No
922,924,10,Yes
923,926,135,Yes
924,929,18,Yes
925,930,266,No
926,930,147,Yes
927,931,73,Yes
928,931,301,No
929,932,8,Yes
930,932,20,Yes
931,933,276,Yes
932,933,344,Yes
933,934,55,Yes
934,934,38,No
935,935,326,No
936,937,59,Yes
937,937,34,No
938,938,89,No
939,938,219,No
940,939,115,No
941,940,360,No
942,940,189,Yes
943,942,170,No
944,944,494,No
945,944,227,No
946,945,334,Yes
947,945,212,Yes
948,947,220,Yes
949,948,317,Yes
950,948,342,No
951,950,304,No
952,951,375,No
953,952,57,No
954,955,0,No
955,956,299,No
956,956,350,No
957,957,75,No
958,957,350,Yes
959,960,182,No
960,960,159,No
961,961,392,Yes
962,961,155,No
963,962,385,No
964,963,42,No
965,963,185,No
966,964,431,No
967,964,392,Yes
968,965,256,Yes
969,965,447,No
970,966,18,No
971,967,162,Yes
972,967,422,No
973,968,87,No
974,970,106,No
975,970,120,Yes
976,971,498,No
977,971,16,No
978,972,133,No
979,972,252,Yes
980,974,322,No
981,974,124,No
982,976,432,Yes
983,976,58,No
984,977,466,Yes
985,977,391,No
986,981,383,No
987,984,209,Yes
988,984,301,Yes
989,985,432,No
990,985,482,No
991,986,343,No
992,987,389,Yes
993,989,183,Yes
994,990,316,Yes
995,994,109,Yes
996,996,388,Yes
997,996,265,No
998,997,134,Yes
999,998,116,Yes
1000,998,235,Yes
1001,1001,104,No
1002,1003,63,Yes
1003,1007,178,No
1004,1008,441,Yes
1005,1008,8,No
1006,1009,12,Yes
1007,1009,212,Yes
1008,1011,257,No
1009,1011,495,No
1010,1012,390,Yes
1011,1015,368,No
1012,1016,365,Yes
1013,1016,212,Yes
1014,1017,59,No
1015,1017,344,Yes
1016,1018,103,No
1017,1020,281,Yes
1018,1022,120,Yes
1019,1023,30,Yes
1020,1024,149,No
1021,1025,385,Yes
1022,1026,10,No
1023,1027,471,Yes
1024,1028,452,Yes
1025,1032,298,Yes
1026,1033,266,No
1027,1033,455,No
1028,1034,383,Yes
1029,1034,92,Yes
1030,1035,296,No
1031,1039,77,No
1032,1039,102,Yes
1033,1040,385,Yes
1034,1040,46,No
1035,1045,173,Yes
1036,1045,157,Yes
1037,1046,320,Yes
1038,1046,499,No
1039,1048,152,Yes
1040,1048,195,No
1041,1051,486,No
1042,1051,197,No
1043,1052,465,No
1044,1052,168,Yes
1045,1053,138,Yes
1046,1053,431,No
1047,1054,206,No
1048,1054,293,No
1049,1057,216,No
1050,1057,15,No
1051,1061,307,Yes
1052,1061,440,No
1053,1062,338,No
1054,1064,93,Yes
1055,1064,319,No
1056,1066,452,No
1057,1069,295,Yes
1058,1071,321,No
1059,1072,316,No
1060,1072,427,No
1061,1073,234,No
1062,1074,67,No
1063,1075,249,No
1064,1076,66,Yes
1065,1076,473,No
1066,1077,58,No
1067,1080,225,No
1068,1081,142,Yes
1069,1081,429,No
1070,1083,340,No
1071,1084,215,Yes
1072,1087,324,No
1073,1087,237,No
1074,1088,374,No
1075,1089,108,No
1076,1090,31,No
1077,1091,386,Yes
1078,1091,195,Yes
1079,1092,313,No
1080,1093,319,No
1081,1093,428,No
1082,1094,321,No
1083,1096,115,Yes
1084,1099,293,Yes
1085,1099,103,No
1086,1100,92,Yes
1087,1100,58,No
1088,1102,32,Yes
1089,1103,389,No
1090,1103,452,Yes
1091,1104,479,No
1092,1105,333,Yes
1093,1105,405,No
1094,1106,373,No
1095,1106,409,Yes
1096,1107,244,No
1097,1108,171,Yes
1098,1111,350,Yes
1099,1113,304,No
1100,1113,249,Yes
1101,1114,477,Yes
1102,1114,186,Yes
1103,1115,258,Yes
1104,1115,255,No
1105,1117,484,Yes
1106,1117,478,No
1107,1118,348,Yes
1108,1119,205,Yes
1109,1120,498,No
1110,1121,182,No
1111,1123,315,No
1112,1123,91,Yes
1113,1124,263,No
1114,1124,393,Yes
1115,1127,261,No
1116,1127,123,Yes
1117,1128,175,Yes
1118,1128,357,No
1119,1130,338,No
1120,1133,263,No
1121,1134,216,No
1122,1135,367,No
1123,1135,354,No
1124,1136,118,No
1125,1137,112,Yes
1126,1139,328,No
1127,1140,404,No
1128,1140,194,Yes
1129,1141,377,Yes
1130,1141,442,Yes
1131,1142,278,Yes
1132,1146,270,Yes
1133,1146,369,Yes
1134,1147,450,No
1135,1147,94,No
1136,1150,56,No
1137,1150,494,No
1138,1151,155,No
1139,1152,340,No
1140,1155,330,No
1141,1156,72,No
1142,1160,69,No
1143,1160,443,Yes
1144,1161,66,No
1145,1162,33,No
1146,1162,132,No
1147,1163,317,Yes
1148,1163,208,Yes
1149,1164,370,Yes
1150,1166,371,Yes
1151,1166,299,No
1152,1167,156,Yes
1153,1167,9,Yes
1154,1170,202,No
1155,1170,158,No
1156,1172,58,Yes
1157,1172,305,No
1158,1173,464,Yes
1159,1173,258,No
1160,1174,90,Yes
1161,1175,293,Yes
1162,1176,175,No
1163,1177,403,No
1164,1177,229,No
1165,1178,164,Yes
1166,1179,30,Yes
1167,1181,93,Yes
1168,1181,376,Yes
1169,1183,232,Yes
1170,1188,45,Yes
1171,1188,26,No
1172,1190,301,Yes
1173,1190,421,Yes
1174,1191,436,Yes
1175,1191,98,Yes
1176,1192,439,No
1177,1192,468,Yes
1178,1197,22,No
1179,1198,486,No
1180,1198,214,Yes
1181,1199,119,Yes
1182,1200,374,No
1183,1202,414,Yes
1184,1203,62,Yes
1185,1204,298,No
1186,1208,500,Yes
1187,1208,453,No
1188,1209,418,Yes
1189,1209,257,No
1190,1210,64,No
1191,1211,153,No
1192,1211,408,Yes
1193,1214,170,No
1194,1214,395,Yes
1195,1215,248,Yes
1196,1217,201,Yes
1197,1217,311,No
1198,1218,142,Yes
1199,1218,268,No
1200,1220,225,No
1201,1223,328,No
1202,1223,184,No
1203,1224,432,No
1204,1225,498,No
1205,1225,325,Yes
1206,1226,0,No
1207,1229,317,No
1208,1229,271,Yes
1209,1231,459,No
1210,1231,122,Yes
1211,1233,458,Yes
1212,1234,329,Yes
1213,1235,221,Yes
1214,1235,55,No
1215,1236,460,No
1216,1236,80,Yes
1217,1237,438,Yes
1218,1237,367,No
1219,1238,69,No
1220,1240,74,No
1221,1241,67,Yes
1222,1243,220,Yes
1223,1246,44,Yes
1224,1247,28,No
1225,1247,319,No
1226,1248,358,Yes
1227,1250,296,Yes
1228,1251,90,Yes
1229,1252,452,No
1230,1254,338,Yes
1231,1254,411,Yes
1232,1256,484,Yes
1233,1257,485,Yes
1234,1257,49,No
1235,1258,119,Yes
1236,1258,474,Yes
1237,1260,188,Yes
1238,1261,223,No
1239,1263,123,Yes
1240,1263,440,Yes
1241,1264,213,Yes
1242,1264,421,No
1243,1265,159,Yes
1244,1265,71,Yes
1245,1267,38,No
1246,1267,92,Yes
1247,1269,414,Yes
1248,1269,165,Yes
1249,1270,484,No
1250,1270,212,No
1251,1271,74,No
1252,1272,58,Yes
1253,1273,252,Yes
1254,1274,159,No
1255,1274,102,No
1256,1275,405,Yes
1257,1275,60,Yes
1258,1276,204,No
1259,1277,485,No
1260,1278,470,Yes
1261,1280,63,No
1262,1280,73,Yes
1263,1281,489,Yes
1264,1282,154,No
1265,1282,44,Yes
1266,1283,496,Yes
1267,1284,151,No
1268,1284,360,No
1269,1286,320,Yes
1270,1287,63,No
1271,1288,77,No
1272,1288,26,No
1273,1289,387,No
1274,1291,402,Yes
1275,1292,22,Yes
1276,1292,147,No
1277,1293,159,Yes
1278,1294,4,Yes
1279,1294,257,Yes
1280,1295,90,No
1281,1295,400,Yes
1282,1296,343,Yes
1283,1297,107,No
1284,1297,161,Yes
1285,1298,137,No
1286,1298,34,Yes
1287,1299,191,Yes
1288,1300,467,Yes
1289,1301,469,Yes
1290,1303,482,Yes
1291,1306,495,Yes
1292,1306,144,No
1293,1308,133,Yes
1294,1308,471,Yes
1295,1310,192,Yes
1296,1312,434,No
1297,1313,60,No
1298,1314,7,No
1299,1315,500,No
1300,1315,80,No
1301,1317,469,Yes
1302,1317,402,Yes
1303,1318,383,No
1304,1319,389,No
1305,1320,249,Yes
1306,1323,118,Yes
1307,1324,2,No
1308,1325,68,No
1309,1325,29,Yes
1310,1326,336,No
1311,1326,300,No
1312,1327,242,Yes
1313,1329,147,Yes
1314,1329,455,No
1315,1330,347,No
1316,1330,261,No
1317,1331,197,Yes
1318,1331,0,Yes
1319,1332,128,No
1320,1333,173,No
1321,1333,363,No
1322,1335,26,Yes
1323,1336,270,Yes
1324,1336,410,No
1325,1338,101,Yes
1326,1339,306,No
1327,1339,406,Yes
1328,1340,51,No
1329,1340,261,No
1330,1342,155,No
1331,1342,29,Yes
1332,1344,444,No
1333,1347,415,Yes
1334,1350,254,No
1335,1352,23,Yes
1336,1352,408,Yes
1337,1353,45,Yes
1338,1354,52,No
1339,1356,21,No
1340,1356,141,Yes
1341,1358,188,No
1342,1358,187,No
1343,1359,83,No
1344,1359,467,Yes
1345,1360,445,No
1346,1360,342,No
1347,1361,474,Yes
1348,1362,212,Yes
1349,1364,281,Yes
1350,1364,139,Yes
1351,1365,390,No
1352,1366,256,Yes
1353,1367,368,No
1354,1367,343,No
1355,1368,205,Yes
1356,1372,95,Yes
1357,1375,212,No
1358,1376,20,Yes
1359,1377,474,No
1360,1378,327,No
1361,1378,284,No
1362,1379,366,No
1363,1379,71,Yes
1364,1384,155,No
1365,1384,333,Yes
1366,1387,378,Yes
1367,1387,83,Yes
1368,1388,66,No
1369,1392,380,No
1370,1392,467,No
1371,1395,489,Yes
1372,1396,97,Yes
1373,1396,314,Yes
1374,1397,244,No
1375,1397,434,Yes
1376,1398,87,No
1377,1398,280,No
1378,1399,66,No
1379,1401,368,No
1380,1402,122,No
1381,1402,141,No
1382,1405,59,No
1383,1405,102,No
1384,1406,136,Yes
1385,1406,277,No
1386,1407,436,No
1387,1407,490,No
1388,1408,21,Yes
1389,1411,317,No
1390,1411,381,Yes
1391,1412,337,No
1392,1415,160,Yes
1393,1415,76,No
1394,1416,214,Yes
1395,1416,262,Yes
1396,1418,152,No
1397,1418,497,Yes
1398,1419,36,Yes
1399,1419,309,Yes
1400,1421,159,Yes
1401,1421,86,No
1402,1422,458,Yes
1403,1422,218,Yes
1404,1425,53,No
1405,1425,310,Yes
1406,1428,60,No
1407,1428,240,Yes
1408,1429,388,Yes
1409,1429,100,No
1410,1430,295,No
1411,1431,321,Yes
1412,1433,255,Yes
1413,1433,28,Yes
1414,1435,112,Yes
1415,1437,498,Yes
1416,1437,384,No
1417,1438,347,Yes
1418,1439,315,No
1419,1443,335,Yes
1420,1443,496,Yes
1421,1444,69,Yes
1422,1444,78,No
1423,1445,2,Yes
1424,1446,304,Yes
1425,1446,269,No
1426,1449,368,Yes
1427,1449,461,No
1428,1450,69,Yes
1429,1450,318,No
1430,1451,222,No
1431,1452,246,No
1432,1453,407,No
1433,1453,399,No
1434,1455,319,No
1435,1455,46,No
1436,1456,155,Yes
1437,1456,443,No
1438,1457,278,No
1439,1457,119,No
1440,1458,51,Yes
1441,1459,338,Yes
1442,1460,409,No
1443,1460,191,Yes
1444,1461,154,Yes
1445,1461,282,Yes
1446,1462,346,Yes
1447,1463,449,Yes
1448,1465,251,Yes
1449,1466,398,Yes
1450,1468,392,Yes
1451,1468,174,Yes
1452,1469,184,No
1453,1470,167,Yes
1454,1470,161,No
1455,1471,109,No
1456,1471,83,No
1457,1473,155,No
1458,1474,135,Yes
1459,1474,83,Yes
1460,1475,472,No
1461,1475,222,Yes
1462,1476,373,No
1463,1480,472,Yes
1464,1480,224,Yes
1465,1481,425,Yes
1466,1481,41,Yes
1467,1482,389,No
1468,1483,387,Yes
1469,1485,92,No
1470,1487,301,No
1471,1488,198,Yes
1472,1488,7,No
1473,1489,199,No
1474,1489,46,No
1475,1491,193,Yes
1476,1493,20,No
1477,1494,324,Yes
1478,1495,49,No
1479,1496,42,No
1480,1497,460,Yes
1481,1499,147,No
1482,1499,305,Yes
1483,1500,394,Yes
1484,1503,264,No
1485,1503,492,Yes
1486,1507,447,No
1487,1507,383,No
1488,1508,401,No
1489,1510,336,No
1490,1511,461,No
1491,1513,423,No
1492,1513,269,Yes
1493,1515,182,No
1494,1515,345,No
1495,1516,56,No
1496,1517,135,Yes
1497,1517,382,No
1498,1519,328,Yes
1499,1522,214,No
1500,1522,348,Yes
1501,1523,187,No
1502,1523,89,Yes
1503,1524,36,Yes
1504,1525,2,Yes
1505,1526,134,No
1506,1528,104,Yes
1507,1531,421,No
1508,1532,94,No
1509,1532,60,Yes
1510,1533,436,Yes
1511,1533,52,No
1512,1534,109,No
1513,1534,298,Yes
1514,1535,296,No
1515,1535,229,No
1516,1536,17,No
1517,1537,278,No
1518,1539,247,Yes
1519,1540,87,No
1520,1541,488,Yes
1521,1542,381,No
1522,1543,367,Yes
1523,1545,178,No
1524,1545,381,Yes
1525,1546,165,No
1526,1546,187,Yes
1527,1548,369,No
1528,1548,273,No
1529,1549,446,Yes
1530,1549,156,Yes
1531,1551,1,No
1532,1551,163,Yes
1533,1553,308,No
1534,1553,361,Yes
1535,1554,402,No
1536,1554,378,No
1537,1557,74,No
1538,1560,205,No
1539,1560,234,No
1540,1561,302,Yes
1541,1563,169,No
1542,1563,305,No
1543,1564,74,No
1544,1564,234,No
1545,1565,204,No
1546,1565,319,No
1547,1566,492,Yes
1548,1568,306,No
1549,1570,221,No
1550,1573,245,No
1551,1574,254,Yes
1552,1574,196,Yes
1553,1575,265,Yes
1554,1577,270,No
1555,1580,272,Yes
1556,1581,292,No
1557,1582,102,No
1558,1583,167,No
1559,1583,91,Yes
1560,1585,189,Yes
1561,1585,406,No
1562,1586,472,No
1563,1586,131,No
1564,1588,114,No
1565,1589,276,No
1566,1590,132,No
1567,1591,146,No
1568,1591,57,No
1569,1592,216,No
1570,1592,243,Yes
1571,1593,33,Yes
1572,1593,356,No
1573,1595,86,No
1574,1596,486,Yes
1575,1596,216,Yes
1576,1598,223,No
1577,1598,451,No
1578,1599,308,Yes
1579,1599,471,No
1580,1600,156,Yes
1581,1600,478,No
1582,1601,339,Yes
1583,1601,49,Yes
1584,1602,395,Yes
1585,1603,308,No
1586,1603,291,No
1587,1605,352,Yes
1588,1605,35,Yes
1589,1606,272,No
1590,1607,275,Yes
1591,1609,97,Yes
1592,1612,215,Yes
1593,1615,219,No
1594,1616,438,No
1595,1617,143,No
1596,1619,176,No
1597,1619,411,No
1598,1620,410,No
1599,1621,252,No
1600,1621,44,No
1601,1622,70,Yes
1602,1623,306,Yes
1603,1623,358,Yes
1604,1624,130,No
1605,1626,403,No
1606,1627,122,No
1607,1627,308,No
1608,1628,331,No
1609,1629,189,No
1610,1630,3,No
1611,1630,462,No
1612,1631,487,Yes
1613,1631,466,No
1614,1632,30,Yes
1615,1633,470,No
1616,1633,252,Yes
1617,1634,389,Yes
1618,1635,230,Yes
1619,1635,386,No
1620,1637,188,No
1621,1639,394,No
1622,1639,442,Yes
1623,1642,376,No
1624,1643,95,No
1625,1643,132,No
1626,1644,159,No
1627,1644,417,Yes
1628,1645,31,Yes
1629,1645,313,Yes
1630,1646,298,Yes
1631,1648,96,Yes
1632,1648,463,No
1633,1649,14,No
1634,1649,455,No
1635,1651,326,No
1636,1652,385,No
1637,1654,191,No
1638,1654,177,No
1639,1658,9,No
1640,1658,182,No
1641,1659,99,No
1642,1661,449,No
1643,1662,105,Yes
1644,1664,307,No
1645,1665,478,No
1646,1665,166,No
1647,1668,220,Yes
1648,1668,333,Yes
1649,1671,198,No
1650,1671,489,Yes
1651,1672,220,No
1652,1674,349,No
1653,1674,414,Yes
1654,1675,141,Yes
1655,1675,121,Yes
1656,1677,405,No
1657,1677,428,No
1658,1678,153,Yes
1659,1678,317,No
1660,1679,29,No
1661,1680,117,Yes
1662,1680,364,No
1663,1682,113,No
1664,1683,269,Yes
1665,1683,436,Yes
1666,1684,148,Yes
1667,1685,182,No
1668,1685,166,No
1669,1686,300,No
1670,1686,76,Yes
1671,1687,38,No
1672,1688,361,Yes
1673,1689,230,No
1674,1689,448,No
1675,1690,224,No
1676,1691,368,No
1677,1691,437,No
1678,1693,228,Yes
1679,1693,188,No
1680,1694,195,Yes
1681,1694,337,No
1682,1695,133,No
1683,1697,481,No
1684,1698,40,Yes
1685,1698,418,Yes
1686,1699,314,No
1687,1700,440,Yes
1688,1700,371,No
1689,1701,279,Yes
1690,1702,362,Yes
1691,1706,382,No
1692,1707,138,Yes
1693,1707,107,Yes
1694,1709,487,Yes
1695,1709,144,Yes
1696,1710,36,No
1697,1711,107,Yes
1698,1711,444,No
1699,1712,219,No
1700,1713,239,No
1701,1714,78,No
1702,1714,107,No
1703,1715,129,Yes
1704,1715,343,No
1705,1716,222,Yes
1706,1718,248,No
1707,1718,50,Yes
1708,1719,64,No
1709,1719,481,Yes
1710,1720,26,Yes
1711,1722,159,Yes
1712,1722,122,Yes
1713,1725,497,No
1714,1725,19,No
1715,1726,381,Yes
1716,1727,210,No
1717,1727,109,Yes
1718,1730,261,No
1719,1731,211,Yes
1720,1732,403,No
1721,1732,411,Yes
1722,1734,34,Yes
1723,1734,237,Yes
1724,1736,476,Yes
1725,1738,435,Yes
1726,1739,241,No
1727,1740,404,No
1728,1740,449,No
1729,1741,338,No
1730,1741,125,Yes
1731,1743,332,Yes
1732,1744,126,Yes
1733,1746,429,No
1734,1747,265,No
1735,1747,309,Yes
1736,1748,2,No
1737,1748,486,No
1738,1749,73,Yes
1739,1749,416,No
1740,1750,438,Yes
1741,1751,275,No
1742,1752,320,No
1743,1752,383,Yes
1744,1753,311,No
1745,1755,86,Yes
1746,1756,316,Yes
1747,1756,317,Yes
1748,1757,223,Yes
1749,1758,16,No
1750,1758,427,No
1751,1759,184,No
1752,1761,294,No
1753,1763,55,No
1754,1766,101,No
1755,1767,60,Yes
1756,1768,78,Yes
1757,1768,397,No
1758,1769,38,No
1759,1770,490,No
1760,1770,28,No
1761,1771,392,Yes
1762,1772,328,Yes
1763,1772,328,Yes
1764,1775,112,Yes
1765,1775,295,Yes
1766,1777,134,No
1767,1777,229,Yes
1768,1778,59,No
1769,1779,132,Yes
1770,1779,492,Yes
1771,1780,377,No
1772,1780,39,No
1773,1781,196,Yes
1774,1782,204,No
1775,1782,466,No
1776,1783,262,No
1777,1784,173,Yes
1778,1785,113,No
1779,1786,139,No
1780,1787,108,No
1781,1787,253,No
1782,1788,27,Yes
1783,1789,496,No
1784,1790,86,Yes
1785,1791,38,No
1786,1792,343,Yes
1787,1793,5,Yes
1788,1793,473,Yes
1789,1794,355,No
1790,1794,270,Yes
1791,1797,137,No
1792,1797,467,Yes
1793,1799,425,No
1794,1800,253,No
1795,1801,437,Yes
1796,1802,337,Yes
1797,1802,114,No
1798,1803,385,Yes
1799,1804,245,No
1800,1805,79,No
1801,1805,183,Yes
1802,1806,87,No
1803,1806,42,No
1804,1808,373,Yes
1805,1809,460,Yes
1806,1809,225,Yes
1807,1811,9,Yes
1808,1815,216,No
1809,1816,427,Yes
1810,1817,98,Yes
1811,1817,354,No
1812,1818,76,Yes
1813,1819,236,Yes
1814,1819,9,No
1815,1822,94,No
1816,1823,484,Yes
1817,1825,173,No
1818,1826,79,No
1819,1826,195,No
1820,1827,8,No
1821,1827,73,No
1822,1828,147,Yes
1823,1828,39,Yes
1824,1829,45,Yes
1825,1831,247,Yes
1826,1831,190,Yes
1827,1833,467,Yes
1828,1835,293,Yes
1829,1835,330,Yes
1830,1836,346,Yes
1831,1836,415,Yes
1832,1837,194,Yes
1833,1837,452,Yes
1834,1838,380,Yes
1835,1841,298,Yes
1836,1841,212,Yes
1837,1843,468,No
1838,1844,135,No
1839,1844,244,No
1840,1845,371,No
1841,1846,388,Yes
1842,1846,402,No
1843,1847,226,Yes
1844,1849,207,Yes
1845,1851,407,No
1846,1852,301,No
1847,1854,201,No
1848,1855,480,Yes
1849,1856,87,Yes
1850,1858,302,Yes
1851,1860,299,Yes
1852,1861,57,No
1853,1863,76,No
1854,1864,356,Yes
1855,1865,90,No
1856,1866,147,Yes
1857,1866,376,Yes
1858,1867,165,Yes
1859,1867,305,No
1860,1869,315,Yes
1861,1869,344,No
1862,1870,342,No
1863,1870,466,Yes
1864,1871,310,No
1865,1872,432,No
1866,1874,114,Yes
1867,1875,178,Yes
1868,1875,421,Yes
1869,1876,29,Yes
1870,1876,19,No
1871,1877,8,No
1872,1878,325,Yes
1873,1878,361,Yes
1874,1880,310,Yes
1875,1880,427,No
1876,1883,222,No
1877,1885,469,No
1878,1886,171,Yes
1879,1886,335,No
1880,1888,175,No
1881,1889,393,No
1882,1889,78,No
1883,1890,121,No
1884,1890,370,Yes
1885,1891,192,No
1886,1892,288,No
1887,1893,450,No
1888,1894,43,No
1889,1895,357,No
1890,1896,310,Yes
1891,1898,73,Yes
1892,1898,280,Yes
1893,1900,12,Yes
1894,1900,313,Yes
1895,1901,141,Yes
1896,1903,97,Yes
1897,1904,480,Yes
1898,1904,422,No
1899,1905,218,No
1900,1906,383,No
1901,1906,177,No
1902,1908,150,Yes
1903,1908,424,Yes
1904,1911,184,Yes
1905,1913,333,Yes
1906,1914,50,No
1907,1914,243,No
1908,1919,152,Yes
1909,1920,318,Yes
1910,1921,269,Yes
1911,1921,382,Yes
1912,1923,413,No
1913,1925,216,No
1914,1925,105,No
1915,1926,85,No
1916,1926,31,Yes
1917,1927,265,Yes
1918,1927,369,Yes
1919,1928,191,No
1920,1929,21,Yes
1921,1931,389,Yes
1922,1932,163,No
1923,1932,255,Yes
1924,1933,52,No
1925,1933,378,Yes
1926,1935,236,Yes
1927,1935,477,No
1928,1937,338,No
1929,1938,175,No
1930,1938,185,Yes
1931,1940,301,No
1932,1940,478,Yes
1933,1941,465,No
1934,1941,456,Yes
1935,1942,397,Yes
1936,1943,418,No
1937,1943,376,No
1938,1944,385,Yes
1939,1944,85,No
1940,1945,156,No
1941,1945,7,No
1942,1946,47,No
1943,1946,20,Yes
1944,1947,203,No
1945,1947,463,Yes
1946,1948,331,No
1947,1948,468,No
1948,1950,35,No
1949,1951,470,Yes
1950,1952,267,Yes
1951,1952,294,No
1952,1953,345,Yes
1953,1953,418,Yes
1954,1956,471,Yes
1955,1956,479,No
1956,1957,2,No
1957,1957,421,Yes
1958,1960,30,No
1959,1960,452,Yes
1960,1961,392,Yes
1961,1962,81,No
1962,1962,30,Yes
1963,1963,490,Yes
1964,1963,245,Yes
1965,1966,469,No
1966,1966,111,No
1967,1967,168,No
1968,1967,48,Yes
1969,1972,144,Yes
1970,1972,440,No
1971,1974,181,Yes
1972,1976,490,No
1973,1978,266,No
1974,1979,433,Yes
1975,1979,146,No
1976,1980,432,Yes
1977,1980,249,No
1978,1982,416,Yes
1979,1982,208,No
1980,1983,164,No
1981,1984,276,No
1982,1987,36,Yes
1983,1987,345,No
1984,1988,471,No
1985,1989,376,No
1986,1989,79,No
1987,1990,325,No
1988,1991,208,No
1989,1991,105,Yes
1990,1992,138,Yes
1991,1992,264,Yes
1992,1993,199,Yes
1993,1993,45,No
1994,1996,174,No
1995,1997,423,No
1996,1997,346,Yes
1997,1998,237,No
1998,1998,340,No
1999,1999,213,Yes
2000,2000,274,Yes
2001,2000,86,No
2002,2001,347,Yes
2003,2001,299,Yes
2004,2002,454,Yes
2005,2002,148,Yes
2006,2004,50,No
2007,2005,447,Yes
2008,2006,414,No
2009,2006,215,No
2010,2007,51,Yes
2011,2011,434,No
2012,2012,84,No
2013,2012,434,No
2014,2013,385,Yes
2015,2013,121,No
2016,2014,434,Yes
2017,2015,386,Yes
2018,2016,126,Yes
2019,2016,39,Yes
2020,2017,185,Yes
2021,2017,470,Yes
2022,2020,166,No
2023,2020,29,No
2024,2021,413,No
2025,2023,438,No
2026,2025,294,Yes
2027,2028,11,Yes
2028,2029,33,No
2029,2029,143,No
2030,2030,422,No
2031,2030,101,No
2032,2032,75,Yes
2033,2032,273,Yes
2034,2033,58,No
2035,2034,435,No
2036,2034,190,No
2037,2035,334,Yes
2038,2036,295,No
2039,2036,203,Yes
2040,2038,359,No
2041,2038,297,Yes
2042,2042,204,Yes
2043,2042,215,No
2044,2044,126,No
2045,2044,442,No
2046,2045,143,No
2047,2045,341,No
2048,2046,127,No
2049,2047,458,Yes
2050,2048,481,No
2051,2049,181,No
2052,2050,139,No
2053,2050,407,No
2054,2051,105,No
2055,2053,127,No
2056,2054,172,No
2057,2054,262,Yes
2058,2055,30,No
2059,2056,281,No
2060,2056,242,Yes
2061,2057,127,Yes
2062,2057,39,No
2063,2062,298,No
2064,2064,484,No
2065,2066,460,No
2066,2066,81,Yes
2067,2067,370,Yes
2068,2067,377,Yes
2069,2069,48,Yes
2070,2070,397,Yes
2071,2070,95,Yes
2072,2071,267,No
2073,2074,179,No
2074,2074,148,No
2075,2075,493,No
2076,2076,284,No
2077,2079,208,No
2078,2081,202,Yes
2079,2082,183,Yes
2080,2082,154,Yes
2081,2084,206,No
2082,2085,91,Yes
2083,2085,11,No
2084,2086,368,No
2085,2087,3,No
2086,2091,62,Yes
2087,2091,215,No
2088,2093,217,Yes
2089,2093,251,No
2090,2094,312,Yes
2091,2094,160,Yes
2092,2095,397,No
2093,2095,165,No
2094,2096,304,No
2095,2097,366,Yes
2096,2097,453,Yes
2097,2100,470,No
2098,2103,214,No
2099,2104,169,No
2100,2105,2,No
2101,2106,114,Yes
2102,2106,401,Yes
2103,2107,27,Yes
2104,2108,52,Yes
2105,2109,144,Yes
2106,2109,132,Yes
2107,2110,221,Yes
2108,2110,143,No
2109,2111,321,Yes
2110,2111,490,No
2111,2113,359,No
2112,2113,196,Yes
2113,2114,26,No
2114,2115,204,No
2115,2116,358,No
2116,2116,343,No
2117,2117,178,No
2118,2117,208,No
2119,2118,346,No
2120,2118,345,No
2121,2119,56,Yes
2122,2119,46,No
2123,2120,379,Yes
2124,2122,89,Yes
2125,2122,164,Yes
2126,2125,330,No
2127,2125,199,Yes
2128,2127,246,Yes
2129,2127,399,No
2130,2128,154,Yes
2131,2129,246,No
2132,2129,304,Yes
2133,2131,340,No
2134,2135,55,Yes
2135,2135,442,No
2136,2136,290,No
2137,2137,422,No
2138,2138,176,No
2139,2138,72,No
2140,2139,445,Yes
2141,2143,69,Yes
2142,2143,226,No
2143,2148,227,Yes
2144,2148,314,No
2145,2150,273,No
2146,2150,100,No
2147,2153,351,Yes
2148,2153,54,Yes
2149,2155,217,Yes
2150,2156,494,Yes
2151,2157,35,No
2152,2157,482,No
2153,2158,156,Yes
2154,2158,27,Yes
2155,2159,102,Yes
2156,2159,97,No
2157,2163,92,Yes
2158,2164,284,No
2159,2165,313,Yes
2160,2166,417,Yes
2161,2167,363,Yes
2162,2167,2,No
2163,2169,354,No
2164,2170,383,Yes
2165,2170,93,No
2166,2171,499,Yes
2167,2171,346,No
2168,2172,483,Yes
2169,2177,298,No
2170,2177,230,Yes
2171,2178,110,No
2172,2180,137,No
2173,2180,313,No
2174,2183,299,Yes
2175,2183,152,No
2176,2184,1,No
2177,2184,486,Yes
2178,2186,246,No
2179,2188,242,Yes
2180,2188,66,No
2181,2189,261,No
2182,2191,0,Yes
2183,2191,196,Yes
2184,2192,213,No
2185,2192,230,Yes
2186,2195,412,Yes
2187,2195,362,Yes
2188,2198,373,No
2189,2200,199,Yes
2190,2202,95,No
2191,2203,352,No
2192,2203,102,No
2193,2204,437,No
2194,2204,158,Yes
2195,2205,210,No
2196,2206,432,Yes
2197,2207,474,Yes
2198,2207,276,No
2199,2208,141,Yes
2200,2210,172,No
2201,2210,487,Yes
2202,2211,468,Yes
2203,2213,148,No
2204,2213,499,No
2205,2219,130,No
2206,2219,478,No
2207,2220,459,Yes
2208,2220,174,No
2209,2223,259,Yes
2210,2223,8,Yes
2211,2224,17,No
2212,2225,138,Yes
2213,2225,474,No
2214,2227,157,Yes
2215,2228,170,No
2216,2229,370,No
2217,2229,303,No
2218,2230,424,Yes
2219,2230,434,Yes
2220,2231,298,Yes
2221,2231,462,No
2222,2232,11,Yes
2223,2232,57,Yes
2224,2233,415,No
2225,2233,322,Yes
2226,2234,473,No
2227,2234,173,No
2228,2235,418,Yes
2229,2236,458,No
2230,2236,188,Yes
2231,2238,162,No
2232,2239,316,No
2233,2241,357,No
2234,2242,484,Yes
2235,2242,464,No
2236,2243,130,Yes
2237,2243,314,Yes
2238,2244,220,No
2239,2244,210,Yes
2240,2246,319,No
2241,2246,244,Yes
2242,2247,180,No
2243,2247,182,Yes
2244,2248,467,Yes
2245,2249,344,No
2246,2249,167,Yes
2247,2250,367,No
2248,2250,119,No
2249,2252,67,Yes
2250,2253,38,No
2251,2253,215,No
2252,2254,377,No
2253,2255,109,Yes
2254,2255,226,Yes
2255,2257,174,No
2256,2257,250,Yes
2257,2259,139,No
2258,2259,248,Yes
2259,2265,408,No
2260,2265,12,No
2261,2266,345,Yes
2262,2266,304,No
2263,2267,254,Yes
2264,2267,261,Yes
2265,2269,402,No
2266,2269,124,Yes
2267,2270,32,No
2268,2272,162,Yes
2269,2272,460,Yes
2270,2274,274,No
2271,2274,22,No
2272,2275,462,No
2273,2276,22,Yes
2274,2276,175,Yes
2275,2277,404,No
2276,2278,4,Yes
2277,2278,210,No
2278,2279,344,Yes
2279,2279,300,No
2280,2280,381,Yes
2281,2281,336,No
2282,2281,405,No
2283,2283,372,No
2284,2283,10,Yes
2285,2284,379,No
2286,2285,204,No
2287,2285,356,Yes
2288,2286,364,Yes
2289,2287,116,No
2290,2287,465,No
2291,2289,482,Yes
2292,2290,179,No
2293,2290,201,No
2294,2291,465,No
2295,2292,9,Yes
2296,2293,281,No
2297,2293,171,Yes
2298,2294,200,Yes
2299,2294,185,Yes
2300,2296,355,No
2301,2297,292,Yes
2302,2299,22,Yes
2303,2300,421,No
2304,2300,304,Yes
2305,2301,330,No
2306,2302,159,Yes
2307,2304,461,No
2308,2304,268,No
2309,2305,185,Yes
2310,2305,281,No
2311,2307,116,Yes
2312,2307,483,No
2313,2310,334,Yes
2314,2310,451,No
2315,2313,252,No
2316,2313,146,No
2317,2314,160,Yes
2318,2314,72,No
2319,2315,10,Yes
2320,2315,303,No
2321,2316,171,Yes
2322,2317,303,No
2323,2319,335,Yes
2324,2320,48,Yes
2325,2321,418,Yes
2326,2324,224,No
2327,2326,124,No
2328,2326,137,No
2329,2327,273,Yes
2330,2328,374,No
2331,2328,184,No
2332,2330,252,No
2333,2331,286,No
2334,2332,312,No
2335,2333,279,Yes
2336,2333,468,Yes
2337,2335,151,Yes
2338,2335,318,Yes
2339,2336,452,No
2340,2336,138,Yes
2341,2337,295,Yes
2342,2342,440,Yes
2343,2343,109,Yes
2344,2344,296,Yes
2345,2344,100,Yes
2346,2346,32,Yes
2347,2347,0,No
2348,2348,377,No
2349,2350,163,Yes
2350,2351,280,Yes
2351,2352,130,No
2352,2352,425,No
2353,2355,154,Yes
2354,2355,443,Yes
2355,2356,214,Yes
2356,2356,6,Yes
2357,2357,62,Yes
2358,2358,282,No
2359,2358,24,Yes
2360,2359,305,No
2361,2360,257,No
2362,2360,432,Yes
2363,2361,302,No
2364,2362,383,No
2365,2363,227,Yes
2366,2363,480,Yes
2367,2364,317,No
2368,2364,418,No
2369,2366,218,No
2370,2366,112,Yes
2371,2368,2,Yes
2372,2368,138,Yes
2373,2369,311,Yes
2374,2370,103,No
2375,2371,85,No
2376,2372,71,No
2377,2372,336,Yes
2378,2374,458,No
2379,2375,161,Yes
2380,2375,123,No
2381,2376,293,No
2382,2378,46,Yes
2383,2378,204,No
2384,2379,3,Yes
2385,2380,314,Yes
2386,2381,102,Yes
2387,2382,12,No
2388,2382,81,Yes
2389,2383,211,Yes
2390,2384,391,Yes
2391,2384,98,No
2392,2385,169,No
2393,2385,175,No
2394,2386,173,Yes
2395,2387,248,Yes
2396,2387,121,No
2397,2388,241,No
2398,2389,298,No
2399,2389,248,No
2400,2390,65,Yes
2401,2391,224,Yes
2402,2391,425,No
2403,2392,202,Yes
2404,2392,130,Yes
2405,2395,228,No
2406,2395,390,No
2407,2396,462,No
2408,2397,10,No
2409,2397,151,Yes
2410,2398,197,Yes
2411,2399,319,No
2412,2400,472,No
2413,2400,350,Yes
2414,2401,442,Yes
2415,2402,130,Yes
2416,2403,454,Yes
2417,2405,130,No
2418,2406,360,No
2419,2406,203,No
2420,2407,379,Yes
2421,2407,384,Yes
2422,2408,404,No
2423,2408,223,Yes
2424,2410,468,No
2425,2411,59,No
2426,2412,398,No
2427,2414,69,Yes
2428,2415,413,Yes
2429,2415,329,No
2430,2416,118,Yes
2431,2418,283,No
2432,2418,404,Yes
2433,2419,458,No
2434,2419,373,No
2435,2420,444,Yes
2436,2421,117,Yes
2437,2421,104,No
2438,2422,222,No
2439,2423,201,No
2440,2423,418,No
2441,2424,496,Yes
2442,2425,448,Yes
2443,2427,303,No
2444,2427,387,No
2445,2428,193,No
2446,2428,13,No
2447,2429,314,Yes
2448,2429,73,No
2449,2430,313,No
2450,2433,260,Yes
2451,2435,123,No
2452,2435,168,Yes
2453,2440,345,No
2454,2440,499,Yes
2455,2441,73,No
2456,2441,340,No
2457,2442,175,Yes
2458,2444,53,No
2459,2445,328,Yes
2460,2445,357,No
2461,2446,489,No
2462,2446,89,Yes
2463,2448,317,Yes
2464,2448,315,No
2465,2453,356,No
2466,2453,377,No
2467,2454,265,Yes
2468,2454,106,Yes
2469,2457,107,No
2470,2457,479,Yes
2471,2458,26,Yes
2472,2460,497,Yes
2473,2461,211,No
2474,2462,243,No
2475,2462,18,No
2476,2463,417,No
2477,2464,21,No
2478,2466,208,No
2479,2467,262,Yes
2480,2467,242,Yes
2481,2468,146,No
2482,2468,173,No
2483,2470,201,No
2484,2471,82,No
2485,2472,202,No
2486,2472,245,No
2487,2473,142,No
2488,2475,80,No
2489,2475,272,Yes
2490,2476,338,Yes
2491,2477,401,No
2492,2478,447,No
2493,2480,50,Yes
2494,2480,221,No
2495,2481,370,No
2496,2482,492,Yes
2497,2482,446,No
2498,2486,430,Yes
2499,2486,161,No
2500,2487,355,Yes
2501,2487,15,Yes
2502,2488,330,Yes
2503,2490,73,No
2504,2490,359,Yes
2505,2491,409,Yes
2506,2492,37,Yes
2507,2492,187,No
2508,2495,370,No
2509,2496,33,Yes
2510,2498,264,No
2511,2498,396,Yes
2512,2501,92,No
2513,2501,109,No
2514,2502,280,Yes
2515,2502,185,Yes
2516,2503,8,Yes
2517,2503,46,Yes
2518,2504,322,No
2519,2504,467,No
2520,2506,323,Yes
2521,2507,25,Yes
2522,2508,28,No
2523,2508,159,No
2524,2509,168,No
2525,2510,72,No
2526,2514,116,No
2527,2514,30,No
2528,2515,167,No
2529,2517,389,Yes
2530,2518,252,Yes
2531,2521,392,No
2532,2521,22,Yes
2533,2524,455,No
2534,2524,205,Yes
2535,2525,84,No
2536,2526,472,Yes
2537,2527,243,Yes
2538,2528,230,No
2539,2532,144,No
2540,2532,260,No
2541,2534,386,No
2542,2537,441,No
2543,2540,345,Yes
2544,2540,297,No
2545,2541,442,No
2546,2544,423,Yes
2547,2544,461,No
2548,2545,107,Yes
2549,2546,433,No
2550,2546,200,Yes
2551,2549,41,No
2552,2550,394,Yes
2553,2550,123,Yes
2554,2551,244,No
2555,2552,363,Yes
2556,2553,320,Yes
2557,2556,119,Yes
2558,2557,57,No
2559,2559,150,Yes
2560,2559,100,Yes
2561,2560,332,No
2562,2560,72,Yes
2563,2563,336,Yes
2564,2565,100,Yes
2565,2565,3,No
2566,2566,320,No
2567,2566,170,Yes
2568,2568,380,No
2569,2568,88,Yes
2570,2570,57,Yes
2571,2571,49,No
2572,2571,166,Yes
2573,2572,493,Yes
2574,2573,297,No
2575,2573,139,Yes
2576,2574,462,No
2577,2575,374,Yes
2578,2575,402,No
2579,2577,189,No
2580,2577,290,Yes
2581,2578,419,Yes
2582,2578,117,Yes
2583,2579,209,Yes
2584,2580,92,No
2585,2580,275,No
2586,2581,459,No
2587,2581,90,No
2588,2582,490,No
2589,2582,366,No
2590,2583,327,No
2591,2583,163,No
2592,2586,383,Yes
2593,2587,13,Yes
2594,2587,346,Yes
2595,2588,113,Yes
2596,2588,190,No
2597,2590,22,Yes
2598,2592,40,Yes
2599,2592,54,No
2600,2593,326,Yes
2601,2594,370,Yes
2602,2596,146,Yes
2603,2596,126,No
2604,2597,439,No
2605,2597,59,No
2606,2599,346,No
2607,2599,483,No
2608,2601,284,No
2609,2601,345,No
2610,2602,365,Yes
2611,2602,328,No
2612,2603,265,Yes
2613,2603,14,No
2614,2606,77,Yes
2615,2606,487,No
2616,2607,145,No
2617,2607,178,No
2618,2609,223,No
2619,2610,344,No
2620,2610,81,No
2621,2611,100,No
2622,2611,157,No
2623,2612,72,No
2624,2612,102,Yes
2625,2615,167,Yes
2626,2617,49,No
2627,2617,54,No
2628,2618,85,No
2629,2619,93,No
2630,2621,236,Yes
2631,2621,416,Yes
2632,2622,255,Yes
2633,2623,24,No
2634,2624,125,Yes
2635,2625,456,Yes
2636,2626,46,Yes
2637,2626,256,Yes
2638,2627,276,Yes
2639,2627,368,Yes
2640,2629,39,Yes
2641,2629,92,Yes
2642,2630,115,No
2643,2632,93,No
2644,2633,280,No
2645,2633,91,No
2646,2634,1,No
2647,2634,104,Yes
2648,2638,403,No
2649,2639,143,No
2650,2639,370,No
2651,2640,233,No
2652,2641,322,No
2653,2642,467,Yes
2654,2643,332,No
2655,2643,386,No
2656,2645,408,No
2657,2645,341,No
2658,2647,101,Yes
2659,2647,63,Yes
2660,2648,496,Yes
2661,2649,127,Yes
2662,2649,213,No
2663,2651,24,No
2664,2651,159,Yes
2665,2652,169,No
2666,2652,27,No
2667,2653,195,No
2668,2653,15,No
2669,2654,314,Yes
2670,2655,422,Yes
2671,2656,365,No
2672,2656,345,No
2673,2658,469,No
2674,2662,330,Yes
2675,2662,499,Yes
2676,2663,232,Yes
2677,2664,275,No
2678,2666,245,Yes
2679,2666,420,No
2680,2667,285,Yes
2681,2667,72,Yes
2682,2669,433,No
2683,2671,162,No
2684,2671,68,Yes
2685,2677,318,No
2686,2678,251,No
2687,2678,346,Yes
2688,2679,402,Yes
2689,2682,93,Yes
2690,2684,97,No
2691,2684,479,Yes
2692,2685,255,Yes
2693,2686,37,Yes
2694,2686,400,No
2695,2689,410,No
2696,2692,148,Yes
2697,2692,140,No
2698,2693,273,Yes
2699,2693,458,Yes
2700,2694,74,Yes
2701,2694,472,No
2702,2695,143,Yes
2703,2695,372,No
2704,2696,162,No
2705,2697,386,Yes
2706,2697,310,Yes
2707,2699,188,No
2708,2699,415,No
2709,2700,202,No
2710,2700,51,No
2711,2701,371,No
2712,2701,99,No
2713,2702,360,No
2714,2703,417,Yes
2715,2707,287,No
2716,2707,134,No
2717,2708,17,Yes
2718,2709,323,No
2719,2711,241,No
2720,2711,427,No
2721,2715,484,No
2722,2716,62,Yes
2723,2716,333,Yes
2724,2717,186,No
2725,2718,58,Yes
2726,2719,351,Yes
2727,2720,328,No
2728,2722,10,Yes
2729,2723,9,No
2730,2725,414,Yes
2731,2726,235,Yes
2732,2727,154,No
2733,2727,235,Yes
2734,2729,392,Yes
2735,2729,354,No
2736,2732,24,No
2737,2733,396,Yes
2738,2733,118,No
2739,2736,72,Yes
2740,2737,264,No
2741,2737,52,No
2742,2739,431,No
2743,2741,454,No
2744,2741,122,No
2745,2742,415,No
2746,2743,197,Yes
2747,2744,382,No
2748,2746,211,No
2749,2746,311,Yes
2750,2747,332,No
2751,2747,5,No
2752,2748,7,Yes
2753,2750,434,Yes
2754,2751,153,No
2755,2752,71,No
2756,2753,91,No
2757,2755,122,Yes
2758,2756,457,Yes
2759,2756,342,No
2760,2757,119,Yes
2761,2757,401,Yes
2762,2758,456,No
2763,2758,227,Yes
2764,2759,92,Yes
2765,2759,383,Yes
2766,2760,312,Yes
2767,2760,363,No
2768,2762,195,Yes
2769,2763,183,No
2770,2763,179,Yes
2771,2766,115,Yes
2772,2767,152,Yes
2773,2767,385,Yes
2774,2769,203,Yes
2775,2769,254,Yes
2776,2770,203,Yes
2777,2770,100,Yes
2778,2771,106,No
2779,2772,24,No
2780,2773,400,No
2781,2775,267,No
2782,2776,93,Yes
2783,2777,491,No
2784,2777,330,No
2785,2780,159,No
2786,2781,372,Yes
2787,2781,417,No
2788,2782,424,No
2789,2782,80,No
2790,2783,183,No
2791,2783,240,Yes
2792,2787,445,Yes
2793,2787,104,Yes
2794,2788,148,Yes
2795,2789,339,Yes
2796,2789,145,Yes
2797,2793,94,Yes
2798,2793,265,Yes
2799,2794,368,Yes
2800,2794,78,Yes
2801,2798,99,No
2802,2798,236,Yes
2803,2799,249,No
2804,2800,11,Yes
2805,2801,342,No
2806,2801,5,No
2807,2803,316,No
2808,2803,252,Yes
2809,2804,495,No
2810,2804,277,No
2811,2805,260,Yes
2812,2807,241,Yes
2813,2807,302,Yes
2814,2810,98,Yes
2815,2811,182,No
2816,2812,288,Yes
2817,2813,381,Yes
2818,2814,186,Yes
2819,2814,116,Yes
2820,2815,59,Yes
2821,2815,75,Yes
2822,2816,68,No
2823,2816,480,No
2824,2818,441,Yes
2825,2818,144,Yes
2826,2819,370,No
2827,2820,341,Yes
2828,2822,221,No
2829,2823,397,Yes
2830,2823,374,No
2831,2824,225,No
2832,2824,449,Yes
2833,2826,249,Yes
2834,2826,63,Yes
2835,2828,446,No
2836,2828,10,No
2837,2829,142,No
2838,2830,460,No
2839,2832,236,No
2840,2833,85,Yes
2841,2833,53,No
2842,2834,443,No
2843,2834,192,No
2844,2835,498,Yes
2845,2835,62,Yes
2846,2838,37,Yes
2847,2840,234,No
2848,2841,458,No
2849,2841,321,Yes
2850,2843,266,No
2851,2844,344,No
2852,2844,310,Yes
2853,2845,75,No
2854,2845,172,Yes
2855,2846,128,Yes
2856,2846,266,Yes
2857,2847,73,No
2858,2847,55,No
2859,2850,280,Yes
2860,2850,281,Yes
2861,2851,19,No
2862,2852,48,No
2863,2854,447,No
2864,2854,171,No
2865,2856,152,No
2866,2857,233,No
2867,2857,9,No
2868,2858,456,No
2869,2861,203,No
2870,2862,433,Yes
2871,2864,332,No
2872,2864,284,No
2873,2865,354,Yes
2874,2865,470,Yes
2875,2866,380,No
2876,2867,431,Yes
2877,2868,87,No
2878,2871,105,No
2879,2873,375,No
2880,2875,142,No
2881,2877,356,No
2882,2879,87,Yes
2883,2880,52,No
2884,2880,162,Yes
2885,2882,348,No
2886,2882,404,Yes
2887,2883,65,Yes
2888,2883,244,No
2889,2884,286,Yes
2890,2886,315,Yes
2891,2886,391,Yes
2892,2887,402,No
2893,2888,350,No
2894,2888,385,Yes
2895,2889,251,Yes
2896,2894,460,No
2897,2894,416,No
2898,2895,166,No
2899,2895,263,No
2900,2897,82,Yes
2901,2898,3,Yes
2902,2899,339,No
2903,2899,88,No
2904,2901,96,Yes
2905,2902,426,Yes
2906,2903,185,Yes
2907,2903,73,No
2908,2904,403,Yes
2909,2905,410,No
2910,2906,425,Yes
2911,2906,198,Yes
2912,2907,90,Yes
2913,2909,420,No
2914,2910,340,Yes
2915,2910,65,No
2916,2911,476,No
2917,2913,175,No
2918,2914,54,Yes
2919,2914,357,Yes
2920,2916,289,No
2921,2918,341,No
2922,2921,374,No
2923,2922,339,Yes
2924,2923,425,Yes
2925,2924,280,Yes
2926,2924,466,No
2927,2925,118,No
2928,2926,449,Yes
2929,2930,386,No
2930,2930,412,No
2931,2931,196,No
2932,2931,226,No
2933,2933,494,Yes
2934,2933,123,Yes
2935,2934,90,No
2936,2934,115,No
2937,2935,372,Yes
2938,2935,117,Yes
2939,2938,176,Yes
2940,2939,203,No
2941,2940,330,No
2942,2940,303,No
2943,2943,386,Yes
2944,2944,8,No
2945,2944,193,No
2946,2946,75,No
2947,2948,462,No
2948,2948,155,No
2949,2949,88,Yes
2950,2950,399,No
2951,2951,224,Yes
2952,2952,396,Yes
2953,2952,96,No
2954,2953,391,Yes
2955,2956,365,Yes
2956,2957,25,Yes
2957,2957,440,Yes
2958,2958,79,Yes
2959,2958,201,No
2960,2959,315,No
2961,2959,477,Yes
2962,2963,201,Yes
2963,2963,366,No
2964,2964,299,No
2965,2964,60,Yes
2966,2965,301,No
2967,2965,128,No
2968,2967,493,No
2969,2969,55,No
2970,2971,249,No
2971,2971,191,No
2972,2972,102,No
2973,2972,201,Yes
2974,2973,220,Yes
2975,2974,354,Yes
2976,2974,67,No
2977,2976,181,Yes
2978,2976,269,No
2979,2977,212,Yes
2980,2978,22,No
2981,2978,83,No
2982,2980,392,No
2983,2981,215,Yes
2984,2981,488,Yes
2985,2982,95,No
2986,2983,13,Yes
2987,2983,357,Yes
2988,2984,107,Yes
2989,2985,68,No
2990,2985,273,Yes
2991,2986,393,No
2992,2986,328,No
2993,2987,27,Yes
2994,2987,58,Yes
2995,2988,253,Yes
2996,2990,306,No
2997,2990,9,No
2998,2992,405,No
2999,2992,94,No
3000,2996,294,Yes
3001,2998,49,Yes
3002,2998,460,Yes
3003,2999,110,Yes
3004,3000,287,Yes
3005,3000,43,Yes
3006,3001,279,No
3007,3002,126,No
3008,3004,224,No
3009,3004,141,No
3010,3005,2,Yes
3011,3005,390,No
3012,3006,435,No
3013,3006,33,Yes
3014,3007,262,No
3015,3008,161,No
3016,3008,374,No
3017,3014,353,No
3018,3014,495,No
3019,3015,87,Yes
3020,3016,120,Yes
3021,3018,412,No
3022,3018,277,Yes
3023,3019,471,Yes
3024,3020,321,No
3025,3020,329,Yes
3026,3022,235,No
3027,3023,401,No
3028,3024,107,Yes
3029,3027,76,No
3030,3028,430,No
3031,3028,241,No
3032,3029,412,No
3033,3029,436,No
3034,3030,68,Yes
3035,3033,276,Yes
3036,3035,23,No
3037,3035,439,Yes
3038,3036,185,No
3039,3039,357,No
3040,3039,221,No
3041,3040,20,No
3042,3040,492,No
3043,3042,184,No
3044,3043,308,No
3045,3044,130,No
3046,3044,352,Yes
3047,3045,47,No
3048,3046,450,No
3049,3047,300,Yes
3050,3047,302,Yes
3051,3050,349,No
3052,3051,361,No
3053,3051,411,Yes
3054,3053,166,Yes
3055,3054,6,No
3056,3055,250,Yes
3057,3055,486,No
3058,3056,256,Yes
3059,3057,327,Yes
3060,3060,73,No
3061,3060,136,Yes
3062,3063,37,No
3063,3063,267,No
3064,3065,111,Yes
3065,3065,290,Yes
3066,3066,31,Yes
3067,3067,166,No
3068,3068,125,No
3069,3069,96,No
3070,3072,174,No
3071,3073,79,No
3072,3073,232,Yes
3073,3074,35,Yes
3074,3074,206,Yes
3075,3075,199,Yes
3076,3076,158,Yes
3077,3076,494,No
3078,3077,248,Yes
3079,3077,306,No
3080,3079,486,Yes
3081,3079,496,Yes
3082,3080,74,No
3083,3080,71,No
3084,3081,225,Yes
3085,3081,390,No
3086,3084,324,Yes
3087,3085,286,No
3088,3087,179,No
3089,3087,423,No
3090,3088,51,Yes
3091,3088,106,No
3092,3089,327,No
3093,3090,75,No
3094,3091,51,No
3095,3091,345,No
3096,3092,491,No
3097,3097,251,No
3098,3099,121,Yes
3099,3099,52,Yes
3100,3100,110,No
3101,3102,437,No
3102,3102,423,Yes
3103,3103,220,Yes
3104,3103,2,No
3105,3105,386,Yes
3106,3105,117,Yes
3107,3106,220,No
3108,3107,143,Yes
3109,3107,407,No
3110,3111,198,Yes
3111,3113,133,Yes
3112,3113,427,Yes
3113,3114,450,No
3114,3115,456,Yes
3115,3117,192,Yes
3116,3117,427,No
3117,3118,497,No
3118,3118,306,No
3119,3120,292,Yes
3120,3120,148,No
3121,3122,152,Yes
3122,3122,402,Yes
3123,3123,296,Yes
3124,3123,15,No
3125,3124,252,No
3126,3125,153,No
3127,3126,9,No
3128,3126,119,No
3129,3130,315,No
3130,3131,463,No
3131,3131,199,No
3132,3132,112,No
3133,3132,327,Yes
3134,3133,280,Yes
3135,3133,450,No
3136,3138,223,No
3137,3140,112,No
3138,3141,315,Yes
3139,3144,396,No
3140,3145,136,Yes
3141,3147,38,Yes
3142,3147,171,No
3143,3149,207,Yes
3144,3149,30,No
3145,3151,439,Yes
3146,3151,224,No
3147,3152,92,No
3148,3154,259,No
3149,3155,288,Yes
3150,3157,367,Yes
3151,3157,270,No
3152,3159,210,Yes
3153,3160,80,No
3154,3160,224,Yes
3155,3161,390,Yes
3156,3161,447,Yes
3157,3162,176,No
3158,3162,47,Yes
3159,3163,204,Yes
3160,3166,125,No
3161,3167,284,No
3162,3169,273,Yes
3163,3169,7,No
3164,3170,224,Yes
3165,3170,150,No
3166,3171,358,No
3167,3171,180,No
3168,3173,500,No
3169,3173,134,Yes
3170,3174,290,Yes
3171,3174,246,No
3172,3176,167,No
3173,3177,427,Yes
3174,3178,353,No
3175,3180,462,Yes
3176,3180,320,No
3177,3181,251,No
3178,3181,130,No
3179,3185,290,Yes
3180,3186,22,No
3181,3186,99,No
3182,3187,13,Yes
3183,3189,101,No
3184,3189,375,No
3185,3191,277,No
3186,3192,33,Yes
3187,3192,264,Yes
3188,3193,41,No
3189,3193,158,No
3190,3195,475,No
3191,3196,246,No
3192,3197,21,No
3193,3197,295,No
3194,3198,436,No
3195,3200,434,Yes
3196,3201,466,No
3197,3201,50,Yes
3198,3202,136,No
3199,3203,449,No
3200,3203,236,Yes
3201,3204,439,No
3202,3204,144,No
3203,3205,388,No
3204,3205,288,No
3205,3206,34,Yes
3206,3207,490,No
3207,3207,429,Yes
3208,3208,161,Yes
3209,3208,321,Yes
3210,3210,427,No
3211,3211,255,Yes
3212,3212,144,Yes
3213,3213,223,No
3214,3214,74,No
3215,3215,405,No
3216,3218,361,No
3217,3219,32,No
3218,3219,394,No
3219,3220,22,Yes
3220,3222,160,No
3221,3225,430,No
3222,3225,291,Yes
3223,3226,424,Yes
3224,3226,188,Yes
3225,3227,133,No
3226,3228,245,No
3227,3228,353,No
3228,3230,135,Yes
3229,3230,495,Yes
3230,3231,340,No
3231,3236,151,No
3232,3236,430,No
3233,3238,249,Yes
3234,3238,417,Yes
3235,3239,325,Yes
3236,3239,355,No
3237,3240,424,Yes
3238,3242,120,No
3239,3243,426,No
3240,3243,172,Yes
3241,3244,113,Yes
3242,3244,481,Yes
3243,3247,361,No
3244,3247,41,No
3245,3248,494,Yes
3246,3249,197,No
3247,3249,107,Yes
3248,3250,417,No
3249,3251,311,Yes
3250,3252,451,Yes
3251,3253,339,Yes
3252,3254,0,No
3253,3255,10,No
3254,3261,205,No
3255,3262,219,Yes
3256,3263,161,No
3257,3264,370,No
3258,3264,329,No
3259,3267,488,Yes
3260,3268,264,Yes
3261,3268,36,No
3262,3269,183,No
3263,3269,260,No
3264,3270,25,Yes
3265,3273,132,Yes
3266,3274,470,Yes
3267,3275,273,Yes
3268,3275,482,Yes
3269,3278,448,Yes
3270,3278,121,Yes
3271,3279,297,Yes
3272,3280,442,Yes
3273,3280,393,No
3274,3281,356,No
3275,3281,227,Yes
3276,3282,50,Yes
3277,3282,340,No
3278,3283,255,No
3279,3283,204,No
3280,3284,410,Yes
3281,3284,185,No
3282,3285,184,No
3283,3287,442,No
3284,3287,68,Yes
3285,3288,267,No
3286,3288,448,Yes
3287,3289,108,Yes
3288,3289,463,No
3289,3294,414,No
3290,3294,184,No
3291,3295,164,No
3292,3296,314,No
3293,3297,407,No
3294,3297,160,Yes
3295,3298,486,No
3296,3298,381,Yes
3297,3299,174,Yes
3298,3300,45,Yes
3299,3301,59,Yes
3300,3301,167,No
3301,3302,272,Yes
3302,3303,457,Yes
3303,3303,487,No
3304,3304,441,No
3305,3304,187,Yes
3306,3305,296,No
3307,3306,252,Yes
3308,3306,303,No
3309,3307,462,Yes
3310,3307,42,Yes
3311,3308,461,No
3312,3308,70,Yes
3313,3310,246,No
3314,3311,135,No
3315,3311,15,No
3316,3312,86,Yes
3317,3312,356,No
3318,3314,268,Yes
3319,3314,77,Yes
3320,3315,179,No
3321,3315,430,No
3322,3316,216,Yes
3323,3316,197,Yes
3324,3317,438,No
3325,3317,34,No
3326,3318,372,Yes
3327,3318,90,Yes
3328,3321,489,Yes
3329,3323,367,No
3330,3323,449,No
3331,3324,34,No
3332,3324,144,No
3333,3327,412,No
3334,3329,103,No
3335,3330,131,Yes
3336,3331,2,No
3337,3331,227,Yes
3338,3332,412,No
3339,3332,17,No
3340,3333,111,No
3341,3333,334,No
3342,3334,242,No
3343,3335,64,Yes
3344,3335,467,No
3345,3336,26,No
3346,3336,80,No
3347,3337,34,Yes
3348,3337,107,No
3349,3338,264,No
3350,3338,144,No
3351,3339,236,Yes
3352,3341,273,Yes
3353,3342,139,No
3354,3343,277,No
3355,3343,457,Yes
3356,3344,329,No
3357,3344,221,Yes
3358,3345,288,No
3359,3346,289,No
3360,3346,271,Yes
3361,3349,189,No
3362,3349,411,Yes
3363,3351,426,No
3364,3352,396,No
3365,3353,460,Yes
3366,3353,37,No
3367,3356,351,No
3368,3356,165,No
3369,3360,238,No
3370,3362,392,No
3371,3363,361,Yes
3372,3364,140,No
3373,3365,27,No
3374,3366,98,No
3375,3366,442,Yes
3376,3367,141,Yes
3377,3368,144,No
3378,3371,90,No
3379,3371,135,No
3380,3374,68,Yes
3381,3375,490,No
3382,3375,275,Yes
3383,3377,427,No
3384,3377,25,Yes
3385,3378,238,Yes
3386,3379,385,No
3387,3380,349,Yes
3388,3380,295,No
3389,3382,108,No
3390,3382,21,No
3391,3383,262,Yes
3392,3383,274,Yes
3393,3384,183,Yes
3394,3387,423,No
3395,3388,202,Yes
3396,3388,129,No
3397,3389,317,No
3398,3389,380,No
3399,3390,128,No
3400,3390,425,Yes
3401,3391,319,No
3402,3391,9,Yes
3403,3393,283,Yes
3404,3393,298,No
3405,3395,340,Yes
3406,3398,318,No
3407,3398,487,Yes
3408,3400,292,Yes
3409,3401,345,Yes
3410,3402,371,Yes
3411,3404,75,Yes
3412,3404,170,No
3413,3406,258,Yes
3414,3407,384,Yes
3415,3409,147,No
3416,3410,56,Yes
3417,3411,144,Yes
3418,3412,189,No
3419,3414,1,Yes
3420,3415,175,No
3421,3416,268,Yes
3422,3416,315,No
3423,3417,395,Yes
3424,3419,474,No
3425,3419,190,Yes
3426,3420,171,No
3427,3421,490,No
3428,3421,271,Yes
3429,3422,226,No
3430,3423,244,Yes
3431,3425,262,Yes
3432,3425,468,Yes
3433,3426,453,Yes
3434,3430,297,No
3435,3431,284,Yes
3436,3431,310,No
3437,3432,155,Yes
3438,3432,135,Yes
3439,3436,291,No
3440,3436,418,No
3441,3439,69,No
3442,3439,90,No
3443,3440,218,No
3444,3440,49,Yes
3445,3441,160,No
3446,3441,423,No
3447,3443,98,Yes
3448,3444,437,Yes
3449,3444,211,Yes
3450,3449,334,No
3451,3449,2,No
3452,3450,401,Yes
3453,3450,25,Yes
3454,3451,421,Yes
3455,3455,248,Yes
3456,3455,214,No
3457,3457,312,No
3458,3457,468,Yes
3459,3458,83,No
3460,3460,277,No
3461,3460,42,No
3462,3461,413,No
3463,3461,472,No
3464,3462,176,No
3465,3462,13,No
3466,3463,369,Yes
3467,3464,85,Yes
3468,3466,271,Yes
3469,3466,198,Yes
3470,3467,410,No
3471,3467,90,No
3472,3471,361,No
3473,3471,138,No
3474,3472,218,No
3475,3472,145,No
3476,3474,323,Yes
3477,3474,361,Yes
3478,3475,247,No
3479,3481,174,No
3480,3482,454,No
3481,3484,379,No
3482,3484,300,Yes
3483,3487,90,No
3484,3487,382,Yes
3485,3489,135,Yes
3486,3489,415,No
3487,3490,261,No
3488,3491,266,Yes
3489,3491,332,Yes
3490,3492,452,No
3491,3493,183,No
3492,3494,127,Yes
3493,3496,362,No
3494,3496,114,Yes
3495,3500,281,Yes
3496,3502,389,Yes
3497,3502,446,Yes
3498,3503,470,No
3499,3504,178,Yes
3500,3505,128,Yes
3501,3505,121,No
3502,3506,372,Yes
3503,3506,386,No
3504,3508,107,Yes
3505,3508,325,No
3506,3509,429,No
3507,3509,15,Yes
3508,3510,410,No
3509,3510,204,Yes
3510,3512,493,No
3511,3512,324,No
3512,3513,125,No
3513,3513,251,Yes
3514,3514,430,Yes
3515,3514,425,Yes
3516,3516,238,No
3517,3517,240,Yes
3518,3517,29,No
3519,3519,242,No
3520,3519,137,Yes
3521,3520,19,No
3522,3520,421,No
3523,3523,168,Yes
3524,3525,278,No
3525,3526,407,Yes
3526,3527,305,Yes
3527,3527,61,No
3528,3529,21,No
3529,3529,231,Yes
3530,3530,237,Yes
3531,3530,287,No
3532,3531,283,Yes
3533,3531,199,No
3534,3532,140,Yes
3535,3532,125,No
3536,3533,20,No
3537,3533,312,Yes
3538,3534,3,No
3539,3535,42,No
3540,3537,253,Yes
3541,3537,414,No
3542,3539,24,No
3543,3539,134,No
3544,3542,53,Yes
3545,3542,202,No
3546,3546,345,Yes
3547,3547,424,No
3548,3549,4,Yes
3549,3556,160,No
3550,3557,326,Yes
3551,3557,130,Yes
3552,3558,477,Yes
3553,3560,184,Yes
3554,3561,69,Yes
3555,3562,77,No
3556,3563,465,No
3557,3564,93,Yes
3558,3565,439,Yes
3559,3565,173,No
3560,3566,270,No
3561,3568,325,No
3562,3568,142,No
3563,3571,183,Yes
3564,3575,207,Yes
3565,3575,109,Yes
3566,3576,7,No
3567,3576,40,No
3568,3577,151,Yes
3569,3578,158,Yes
3570,3581,467,Yes
3571,3582,459,Yes
3572,3583,10,No
3573,3584,121,Yes
3574,3585,93,Yes
3575,3585,377,Yes
3576,3586,83,No
3577,3586,214,No
3578,3587,359,Yes
3579,3589,215,Yes
3580,3589,207,Yes
3581,3591,397,No
3582,3591,459,Yes
3583,3592,404,No
3584,3592,153,Yes
3585,3593,116,No
3586,3594,100,No
3587,3594,196,Yes
3588,3595,391,No
3589,3595,379,Yes
3590,3597,254,No
3591,3597,342,No
3592,3598,484,Yes
3593,3598,317,No
3594,3599,365,No
3595,3599,284,Yes
3596,3600,182,No
3597,3600,264,No
3598,3602,95,Yes
3599,3602,186,No
3600,3605,169,No
3601,3606,295,Yes
3602,3608,442,No
3603,3608,167,No
3604,3609,346,No
3605,3609,44,No
3606,3610,93,Yes
3607,3613,494,Yes
3608,3614,415,Yes
3609,3615,88,No
3610,3618,305,No
3611,3618,98,Yes
3612,3622,424,Yes
3613,3622,98,No
3614,3623,110,Yes
3615,3625,281,Yes
3616,3626,402,Yes
3617,3628,388,Yes
3618,3629,239,No
3619,3629,30,No
3620,3630,256,No
3621,3634,170,Yes
3622,3634,314,Yes
3623,3636,141,Yes
3624,3636,210,Yes
3625,3639,489,No
3626,3641,245,No
3627,3642,293,No
3628,3642,351,Yes
3629,3643,267,Yes
3630,3643,120,Yes
3631,3644,28,No
3632,3645,133,No
3633,3646,281,No
3634,3650,310,Yes
3635,3652,23,No
3636,3652,156,No
3637,3654,484,Yes
3638,3654,136,No
3639,3655,447,Yes
3640,3657,131,Yes
3641,3659,382,No
3642,3659,25,No
3643,3661,401,Yes
3644,3663,22,Yes
3645,3665,306,Yes
3646,3666,464,No
3647,3666,218,No
3648,3667,430,No
3649,3667,229,No
3650,3668,422,Yes
3651,3670,30,Yes
3652,3670,456,No
3653,3671,398,No
3654,3674,19,Yes
3655,3676,488,Yes
3656,3677,284,No
3657,3677,193,No
3658,3678,37,Yes
3659,3678,44,No
3660,3680,28,No
3661,3680,401,No
3662,3682,401,No
3663,3683,450,No
3664,3684,342,No
3665,3684,113,No
3666,3686,126,Yes
3667,3686,213,No
3668,3687,257,No
3669,3689,267,No
3670,3691,465,Yes
3671,3692,63,No
3672,3695,80,Yes
3673,3695,243,Yes
3674,3697,499,No
3675,3698,439,Yes
3676,3698,282,Yes
3677,3699,373,Yes
3678,3700,161,Yes
3679,3700,453,Yes
3680,3701,74,Yes
3681,3701,482,Yes
3682,3703,246,Yes
3683,3704,16,Yes
3684,3705,197,Yes
3685,3705,77,No
3686,3708,467,No
3687,3709,362,No
3688,3709,109,Yes
3689,3710,141,No
3690,3710,312,No
3691,3711,211,Yes
3692,3712,463,Yes
3693,3713,56,Yes
3694,3716,418,No
3695,3717,105,No
3696,3717,478,Yes
3697,3720,395,Yes
3698,3720,306,Yes
3699,3721,358,Yes
3700,3721,103,Yes
3701,3722,173,No
3702,3722,490,Yes
3703,3723,278,No
3704,3724,80,No
3705,3724,0,Yes
3706,3725,108,No
3707,3726,487,No
3708,3728,185,Yes
3709,3729,70,Yes
3710,3730,159,No
3711,3733,246,No
3712,3733,232,Yes
3713,3737,332,Yes
3714,3738,421,Yes
3715,3739,341,Yes
3716,3740,378,No
3717,3742,485,Yes
3718,3742,144,Yes
3719,3744,229,Yes
3720,3746,279,Yes
3721,3746,293,Yes
3722,3747,131,Yes
3723,3747,378,Yes
3724,3748,96,Yes
3725,3749,300,No
3726,3750,401,Yes
3727,3750,298,No
3728,3751,110,Yes
3729,3752,226,No
3730,3752,483,No
3731,3753,247,No
3732,3754,495,No
3733,3754,450,No
3734,3755,254,No
3735,3755,48,Yes
3736,3756,146,Yes
3737,3758,52,No
3738,3759,100,Yes
3739,3760,461,No
3740,3761,174,Yes
3741,3762,334,No
3742,3764,339,Yes
3743,3764,95,Yes
3744,3767,38,Yes
3745,3767,96,No
3746,3769,446,No
3747,3769,371,Yes
3748,3770,304,No
3749,3771,342,Yes
3750,3771,279,No
3751,3772,325,Yes
3752,3773,53,Yes
3753,3773,389,Yes
3754,3774,137,No
3755,3776,282,Yes
3756,3776,281,No
3757,3777,80,Yes
3758,3777,286,No
3759,3781,497,No
3760,3781,486,No
3761,3782,422,No
3762,3782,161,No
3763,3783,345,No
3764,3783,432,Yes
3765,3786,276,Yes
3766,3786,35,No
3767,3789,388,Yes
3768,3789,263,Yes
3769,3790,279,Yes
3770,3791,416,Yes
3771,3791,98,No
3772,3796,38,Yes
3773,3797,41,Yes
3774,3797,389,No
3775,3799,167,No
3776,3799,446,No
3777,3801,236,Yes
3778,3804,147,No
3779,3804,332,Yes
3780,3805,348,Yes
3781,3807,195,Yes
3782,3808,352,Yes
3783,3808,96,Yes
3784,3810,298,No
3785,3810,382,No
3786,3811,494,No
3787,3812,175,Yes
3788,3816,414,Yes
3789,3816,256,No
3790,3818,235,Yes
3791,3821,123,No
3792,3822,144,No
3793,3823,465,Yes
3794,3825,279,Yes
3795,3826,19,No
3796,3826,184,Yes
3797,3828,24,No
3798,3829,253,Yes
3799,3829,71,No
3800,3835,26,No
3801,3835,463,No
3802,3837,246,No
3803,3837,422,No
3804,3839,132,No
3805,3839,95,No
3806,3840,96,No
3807,3840,395,No
3808,3842,109,No
3809,3842,128,Yes
3810,3843,16,Yes
3811,3845,357,Yes
3812,3846,285,Yes
3813,3847,14,Yes
3814,3847,238,Yes
3815,3848,417,No
3816,3848,257,Yes
3817,3849,258,No
3818,3849,391,No
3819,3851,382,No
3820,3852,238,No
3821,3853,18,Yes
3822,3854,460,No
3823,3854,7,No
3824,3858,184,Yes
3825,3859,78,No
3826,3859,376,Yes
3827,3860,28,Yes
3828,3861,245,No
3829,3861,288,No
3830,3862,362,No
3831,3863,397,Yes
3832,3864,61,Yes
3833,3864,470,Yes
3834,3865,329,No
3835,3865,267,Yes
3836,3866,194,Yes
3837,3868,391,No
3838,3869,29,Yes
3839,3869,452,Yes
3840,3870,40,Yes
3841,3871,223,No
3842,3873,355,No
3843,3875,152,Yes
3844,3876,78,Yes
3845,3877,396,No
3846,3877,221,Yes
3847,3879,400,Yes
3848,3879,408,Yes
3849,3880,323,Yes
3850,3881,447,No
3851,3882,343,Yes
3852,3883,365,No
3853,3883,294,No
3854,3884,372,No
3855,3884,84,No
3856,3885,166,Yes
3857,3885,344,Yes
3858,3886,125,No
3859,3887,71,Yes
3860,3887,40,Yes
3861,3888,153,Yes
3862,3888,143,Yes
3863,3889,306,No
3864,3889,58,Yes
3865,3890,479,Yes
3866,3890,68,No
3867,3891,44,No
3868,3891,365,No
3869,3892,400,Yes
3870,3892,186,No
3871,3893,63,Yes
3872,3893,110,No
3873,3894,338,Yes
3874,3896,284,No
3875,3897,93,Yes
3876,3898,483,Yes
3877,3898,469,Yes
3878,3899,57,No
3879,3899,333,No
3880,3900,466,Yes
3881,3901,250,Yes
3882,3902,88,No
3883,3903,441,No
3884,3903,65,No
3885,3904,148,Yes
3886,3906,120,No
3887,3907,128,Yes
3888,3907,348,Yes
3889,3908,54,Yes
3890,3908,371,Yes
3891,3909,64,Yes
3892,3909,371,No
3893,3910,141,Yes
3894,3910,308,Yes
3895,3912,414,No
3896,3912,462,No
3897,3913,73,Yes
3898,3915,432,No
3899,3915,287,Yes
3900,3917,137,No
3901,3921,127,Yes
3902,3921,310,Yes
3903,3922,167,No
3904,3923,30,No
3905,3923,454,Yes
3906,3924,334,No
3907,3926,252,Yes
3908,3926,364,Yes
3909,3927,79,No
3910,3927,340,No
3911,3928,341,Yes
3912,3928,301,Yes
3913,3929,337,Yes
3914,3932,324,No
3915,3934,448,No
3916,3934,47,No
3917,3935,315,Yes
3918,3936,127,Yes
3919,3938,113,Yes
3920,3939,89,Yes
3921,3941,85,Yes
3922,3941,99,Yes
3923,3943,373,Yes
3924,3943,134,No
3925,3944,344,Yes
3926,3946,429,No
3927,3946,87,No
3928,3948,323,Yes
3929,3952,130,Yes
3930,3953,75,No
3931,3954,226,Yes
3932,3955,69,Yes
3933,3956,237,No
3934,3957,194,Yes
3935,3957,299,No
3936,3958,416,Yes
3937,3959,500,Yes
3938,3959,140,Yes
3939,3961,79,Yes
3940,3961,412,No
3941,3965,343,Yes
3942,3966,29,Yes
3943,3966,229,No
3944,3967,24,No
3945,3967,443,No
3946,3971,42,Yes
3947,3971,417,No
3948,3972,423,No
3949,3972,318,Yes
3950,3973,217,Yes
3951,3974,112,No
3952,3975,275,No
3953,3976,360,No
3954,3976,453,No
3955,3977,462,Yes
3956,3978,51,Yes
3957,3979,146,No
3958,3979,7,No
3959,3980,109,Yes
3960,3980,199,Yes
3961,3981,134,Yes
3962,3982,186,No
3963,3983,112,No
3964,3983,474,No
3965,3984,290,Yes
3966,3984,380,Yes
3967,3986,500,No
3968,3987,197,No
3969,3987,234,Yes
3970,3989,372,No
3971,3990,235,No
3972,3990,107,No
3973,3991,165,No
3974,3992,337,Yes
3975,3992,236,Yes
3976,3993,254,No
3977,3993,145,Yes
3978,3994,395,Yes
3979,3994,408,Yes
3980,3995,259,Yes
3981,3995,387,Yes
3982,3996,433,Yes
3983,3996,208,Yes
3984,3998,12,Yes
3985,3998,119,Yes
3986,4000,387,Yes
3987,4000,256,Yes
3988,4002,350,No
3989,4005,279,Yes
3990,4005,203,Yes
3991,4006,446,No
3992,4006,210,No
3993,4007,192,Yes
3994,4007,145,No
3995,4008,253,No
3996,4008,337,No
3997,4010,381,No
3998,4010,305,Yes
3999,4011,150,Yes
4000,4011,486,Yes
4001,4013,265,No
4002,4013,33,Yes
4003,4014,166,No
4004,4014,323,No
4005,4016,198,No
4006,4017,299,No
4007,4018,388,Yes
4008,4018,424,Yes
4009,4020,240,Yes
4010,4021,337,Yes
4011,4023,327,Yes
4012,4024,497,Yes
4013,4024,125,Yes
4014,4025,140,Yes
4015,4025,98,Yes
4016,4026,101,Yes
4017,4027,340,No
4018,4027,76,Yes
4019,4028,399,No
4020,4029,479,No
4021,4030,320,No
4022,4031,431,No
4023,4031,478,Yes
4024,4035,366,No
4025,4036,107,Yes
4026,4036,143,No
4027,4037,9,Yes
4028,4037,463,No
4029,4040,401,No
4030,4040,82,No
4031,4041,156,Yes
4032,4041,102,Yes
4033,4042,418,Yes
4034,4043,389,No
4035,4044,249,Yes
4036,4044,255,No
4037,4045,18,No
4038,4047,18,No
4039,4047,322,Yes
4040,4051,91,Yes
4041,4051,444,Yes
4042,4052,87,Yes
4043,4054,398,Yes
4044,4056,402,No
4045,4056,309,Yes
4046,4057,174,No
4047,4058,196,No
4048,4060,425,No
4049,4064,295,No
4050,4065,298,No
4051,4065,309,Yes
4052,4066,393,No
4053,4067,464,No
4054,4067,366,No
4055,4072,465,No
4056,4072,426,No
4057,4074,285,Yes
4058,4074,81,No
4059,4075,463,Yes
4060,4076,200,No
4061,4078,388,Yes
4062,4078,350,Yes
4063,4079,458,Yes
4064,4079,65,No
4065,4084,217,No
4066,4085,190,Yes
4067,4086,54,No
4068,4086,336,No
4069,4087,79,Yes
4070,4090,306,No
4071,4090,117,Yes
4072,4091,102,Yes
4073,4091,170,Yes
4074,4092,271,Yes
4075,4094,209,No
4076,4095,13,Yes
4077,4095,28,Yes
4078,4096,164,No
4079,4097,437,Yes
4080,4100,37,No
4081,4101,218,Yes
4082,4101,46,Yes
4083,4102,335,Yes
4084,4102,315,No
4085,4103,178,No
4086,4103,147,No
4087,4104,331,Yes
4088,4105,487,No
4089,4106,99,Yes
4090,4107,194,Yes
4091,4109,110,Yes
4092,4109,48,Yes
4093,4110,130,No
4094,4111,408,No
4095,4111,353,No
4096,4112,5,Yes
4097,4112,437,No
4098,4113,243,No
4099,4118,74,Yes
4100,4118,286,No
4101,4119,27,Yes
4102,4120,108,Yes
4103,4120,206,No
4104,4121,385,No
4105,4122,340,No
4106,4122,368,Yes
4107,4123,327,Yes
4108,4123,127,Yes
4109,4125,221,Yes
4110,4125,437,No
4111,4126,204,No
4112,4127,5,No
4113,4127,418,No
4114,4128,231,Yes
4115,4129,288,No
4116,4130,200,No
4117,4131,244,Yes
4118,4131,91,Yes
4119,4133,146,Yes
4120,4133,440,No
4121,4134,151,No
4122,4135,234,No
4123,4136,316,Yes
4124,4137,161,Yes
4125,4142,388,Yes
4126,4142,110,Yes
4127,4143,249,Yes
4128,4143,379,No
4129,4144,393,Yes
4130,4144,278,No
4131,4145,101,No
4132,4146,66,Yes
4133,4146,369,Yes
4134,4147,255,Yes
4135,4147,154,Yes
4136,4148,474,Yes
4137,4150,182,Yes
4138,4151,310,Yes
4139,4152,55,No
4140,4152,147,No
4141,4153,392,No
4142,4154,87,No
4143,4154,471,No
4144,4156,237,Yes
4145,4156,137,No
4146,4157,436,Yes
4147,4158,222,No
4148,4158,103,Yes
4149,4160,250,Yes
4150,4160,237,No
4151,4163,63,No
4152,4163,6,No
4153,4164,191,Yes
4154,4165,220,Yes
4155,4167,13,No
4156,4168,295,Yes
4157,4171,481,Yes
4158,4173,245,No
4159,4174,343,Yes
4160,4175,98,No
4161,4177,10,Yes
4162,4179,30,No
4163,4182,193,No
4164,4183,494,Yes
4165,4184,284,Yes
4166,4186,26,No
4167,4187,69,No
4168,4190,209,No
4169,4191,204,Yes
4170,4195,144,Yes
4171,4196,393,No
4172,4196,462,No
4173,4197,225,No
4174,4197,77,No
4175,4201,439,Yes
4176,4202,59,Yes
4177,4203,351,No
4178,4205,279,Yes
4179,4205,360,Yes
4180,4206,184,Yes
4181,4208,408,No
4182,4208,87,Yes
4183,4209,113,No
4184,4209,25,No
4185,4214,409,No
4186,4214,171,No
4187,4215,75,No
4188,4215,358,No
4189,4216,123,No
4190,4218,409,No
4191,4219,498,Yes
4192,4219,73,Yes
4193,4220,243,Yes
4194,4220,197,No
4195,4223,62,No
4196,4223,22,Yes
4197,4224,190,Yes
4198,4225,212,Yes
4199,4226,375,No
4200,4226,422,No
4201,4227,371,No
4202,4227,437,Yes
4203,4228,250,No
4204,4229,484,Yes
4205,4230,28,No
4206,4230,330,Yes
4207,4231,74,No
4208,4231,484,No
4209,4232,310,No
4210,4232,29,Yes
4211,4233,69,No
4212,4234,11,No
4213,4234,349,Yes
4214,4235,476,Yes
4215,4236,9,No
4216,4237,340,No
4217,4237,363,Yes
4218,4239,199,No
4219,4240,229,Yes
4220,4240,317,Yes
4221,4241,187,No
4222,4241,309,Yes
4223,4242,56,Yes
4224,4245,206,Yes
4225,4246,38,Yes
4226,4248,264,No
4227,4248,460,Yes
4228,4249,285,Yes
4229,4249,197,No
4230,4250,251,No
4231,4251,284,No
4232,4251,289,Yes
4233,4252,179,No
4234,4253,260,Yes
4235,4253,149,No
4236,4256,137,No
4237,4257,41,Yes
4238,4257,9,No
4239,4260,99,Yes
4240,4260,370,Yes
4241,4261,66,Yes
4242,4261,178,Yes
4243,4262,353,Yes
4244,4262,388,Yes
4245,4263,481,Yes
4246,4266,85,No
4247,4266,49,Yes
4248,4267,350,No
4249,4269,50,Yes
4250,4269,54,No
4251,4270,103,No
4252,4271,230,Yes
4253,4271,33,No
4254,4272,90,No
4255,4273,270,No
4256,4275,364,No
4257,4275,276,No
4258,4276,234,Yes
4259,4276,383,No
4260,4277,479,No
4261,4277,159,No
4262,4278,322,Yes
4263,4279,133,No
4264,4279,434,Yes
4265,4282,140,Yes
4266,4282,12,No
4267,4283,141,No
4268,4283,384,Yes
4269,4284,447,No
4270,4285,119,No
4271,4285,417,No
4272,4287,478,Yes
4273,4288,337,Yes
4274,4289,359,No
4275,4289,370,Yes
4276,4290,245,Yes
4277,4292,428,Yes
4278,4292,387,Yes
4279,4293,191,No
4280,4295,187,No
4281,4297,25,Yes
4282,4297,312,Yes
4283,4298,425,Yes
4284,4300,126,No
4285,4304,33,Yes
4286,4304,164,Yes
4287,4305,496,Yes
4288,4305,146,Yes
4289,4306,485,Yes
4290,4306,353,Yes
4291,4307,401,Yes
4292,4308,376,Yes
4293,4310,171,Yes
4294,4310,254,No
4295,4311,129,No
4296,4311,453,Yes
4297,4313,222,No
4298,4313,3,Yes
4299,4315,203,Yes
4300,4316,454,Yes
4301,4316,176,No
4302,4318,264,No
4303,4319,127,Yes
4304,4321,226,Yes
4305,4321,82,Yes
4306,4322,193,Yes
4307,4322,44,No
4308,4325,358,No
4309,4326,58,Yes
4310,4328,257,No
4311,4328,288,No
4312,4329,387,Yes
4313,4329,199,Yes
4314,4330,16,Yes
4315,4330,339,No
4316,4331,149,Yes
4317,4331,321,Yes
4318,4333,358,Yes
4319,4334,484,Yes
4320,4337,243,Yes
4321,4337,200,No
4322,4338,134,Yes
4323,4339,360,Yes
4324,4340,313,No
4325,4340,115,No
4326,4341,194,Yes
4327,4341,100,Yes
4328,4342,348,Yes
4329,4343,464,Yes
4330,4343,429,No
4331,4344,289,Yes
4332,4345,176,No
4333,4346,465,No
4334,4346,209,Yes
4335,4347,10,Yes
4336,4347,474,Yes
4337,4348,26,Yes
4338,4348,130,Yes
4339,4349,270,Yes
4340,4350,191,Yes
4341,4350,304,No
4342,4351,255,No
4343,4351,240,Yes
4344,4352,269,Yes
4345,4352,466,No
4346,4353,447,Yes
4347,4353,212,Yes
4348,4354,456,Yes
4349,4355,439,No
4350,4356,151,Yes
4351,4360,356,No
4352,4360,493,Yes
4353,4361,88,Yes
4354,4361,284,Yes
4355,4363,36,No
4356,4363,78,Yes
4357,4365,99,Yes
4358,4365,184,No
4359,4367,454,No
4360,4367,12,No
4361,4368,86,Yes
4362,4369,413,No
4363,4371,365,No
4364,4371,393,Yes
4365,4372,321,Yes
4366,4372,133,Yes
4367,4374,226,No
4368,4375,233,No
4369,4375,420,No
4370,4376,191,Yes
4371,4376,22,No
4372,4379,374,Yes
4373,4379,85,Yes
4374,4380,227,No
4375,4380,171,Yes
4376,4382,160,No
4377,4383,294,No
4378,4384,184,Yes
4379,4384,152,Yes
4380,4387,8,Yes
4381,4387,162,Yes
4382,4388,49,No
4383,4389,221,No
4384,4389,327,Yes
4385,4394,455,Yes
4386,4394,51,No
4387,4395,147,No
4388,4395,235,No
4389,4396,262,Yes
4390,4396,164,No
4391,4400,359,No
4392,4400,230,Yes
4393,4401,85,No
4394,4401,247,Yes
4395,4403,325,No
4396,4404,275,Yes
4397,4404,253,No
4398,4405,370,Yes
4399,4405,391,Yes
4400,4406,358,Yes
4401,4406,326,Yes
4402,4407,446,Yes
4403,4407,388,Yes
4404,4409,394,Yes
4405,4409,323,No
4406,4410,353,No
4407,4411,454,Yes
4408,4412,249,Yes
4409,4412,129,No
4410,4415,231,Yes
4411,4417,66,Yes
4412,4417,377,No
4413,4418,403,No
4414,4419,93,Yes
4415,4419,379,Yes
4416,4420,128,Yes
4417,4420,298,Yes
4418,4421,207,Yes
4419,4421,177,Yes
4420,4422,364,Yes
4421,4424,350,Yes
4422,4424,468,Yes
4423,4427,23,Yes
4424,4428,168,No
4425,4428,280,Yes
4426,4429,240,Yes
4427,4429,105,Yes
4428,4430,176,Yes
4429,4430,73,Yes
4430,4432,205,Yes
4431,4432,419,Yes
4432,4435,353,No
4433,4436,164,No
4434,4443,60,Yes
4435,4444,226,No
4436,4445,349,Yes
4437,4447,134,No
4438,4448,134,No
4439,4449,156,Yes
4440,4449,16,No
4441,4452,255,Yes
4442,4452,160,No
4443,4453,314,No
4444,4453,249,Yes
4445,4454,49,No
4446,4454,16,Yes
4447,4455,357,Yes
4448,4456,304,Yes
4449,4457,175,Yes
4450,4457,107,Yes
4451,4458,429,No
4452,4459,12,No
4453,4461,459,Yes
4454,4461,82,Yes
4455,4462,231,Yes
4456,4463,407,Yes
4457,4464,374,Yes
4458,4464,490,Yes
4459,4465,499,No
4460,4466,194,Yes
4461,4466,246,No
4462,4467,124,No
4463,4467,301,Yes
4464,4468,482,Yes
4465,4469,186,Yes
4466,4469,106,No
4467,4471,231,No
4468,4476,37,Yes
4469,4477,303,No
4470,4478,251,Yes
4471,4478,365,Yes
4472,4481,208,Yes
4473,4481,471,No
4474,4482,384,Yes
4475,4487,490,No
4476,4487,111,Yes
4477,4488,159,Yes
4478,4491,286,Yes
4479,4492,372,Yes
4480,4494,392,Yes
4481,4495,272,No
4482,4495,385,No
4483,4496,210,No
4484,4496,360,No
4485,4497,458,No
4486,4499,268,No
4487,4500,124,No
4488,4503,13,No
4489,4503,33,No
4490,4505,190,Yes
4491,4505,323,No
4492,4509,482,Yes
4493,4510,130,Yes
4494,4514,308,Yes
4495,4516,293,No
4496,4516,272,Yes
4497,4518,389,No
4498,4518,478,Yes
4499,4520,201,Yes
4500,4520,412,No
4501,4521,270,Yes
4502,4521,135,No
4503,4522,457,Yes
4504,4522,360,No
4505,4524,201,No
4506,4527,468,No
4507,4531,96,No
4508,4533,302,No
4509,4534,214,Yes
4510,4535,68,No
4511,4535,105,No
4512,4536,223,Yes
4513,4537,434,Yes
4514,4538,440,Yes
4515,4538,63,Yes
4516,4539,242,Yes
4517,4539,460,Yes
4518,4542,91,Yes
4519,4544,461,No
4520,4545,210,Yes
4521,4545,383,No
4522,4546,465,Yes
4523,4546,302,Yes
4524,4547,375,No
4525,4548,197,Yes
4526,4548,88,No
4527,4550,407,Yes
4528,4551,38,No
4529,4552,231,Yes
4530,4552,118,Yes
4531,4560,142,Yes
4532,4561,452,No
4533,4561,383,No
4534,4562,7,No
4535,4563,477,No
4536,4564,219,Yes
4537,4564,75,Yes
4538,4565,476,Yes
4539,4565,125,No
4540,4566,377,Yes
4541,4566,307,No
4542,4567,45,No
4543,4568,492,No
4544,4569,486,No
4545,4570,142,No
4546,4571,380,No
4547,4571,12,Yes
4548,4576,189,Yes
4549,4576,389,No
4550,4578,134,No
4551,4578,176,No
4552,4580,167,No
4553,4581,173,Yes
4554,4581,194,Yes
4555,4584,266,No
4556,4585,219,No
4557,4585,23,Yes
4558,4586,171,No
4559,4586,443,No
4560,4588,452,Yes
4561,4589,439,No
4562,4590,301,Yes
4563,4592,184,Yes
4564,4598,401,No
4565,4599,379,Yes
4566,4599,353,Yes
4567,4600,19,No
4568,4601,234,Yes
4569,4601,397,No
4570,4603,276,No
4571,4603,367,Yes
4572,4604,32,Yes
4573,4604,480,Yes
4574,4606,497,Yes
4575,4606,122,Yes
4576,4607,326,Yes
4577,4608,287,No
4578,4608,340,Yes
4579,4610,233,No
4580,4610,293,No
4581,4611,479,Yes
4582,4611,329,Yes
4583,4612,440,No
4584,4614,117,No
4585,4614,66,No
4586,4615,278,Yes
4587,4616,115,No
4588,4616,74,Yes
4589,4617,225,No
4590,4618,251,No
4591,4619,218,No
4592,4619,375,No
4593,4620,223,No
4594,4622,210,Yes
4595,4624,257,Yes
4596,4624,274,No
4597,4625,13,Yes
4598,4625,466,No
4599,4626,282,No
4600,4627,55,No
4601,4627,438,Yes
4602,4630,49,Yes
4603,4630,141,No
4604,4632,184,No
4605,4632,225,Yes
4606,4633,137,No
4607,4633,249,Yes
4608,4635,324,No
4609,4635,131,No
4610,4636,27,Yes
4611,4637,79,Yes
4612,4637,138,Yes
4613,4638,226,No
4614,4641,342,Yes
4615,4642,207,No
4616,4643,352,Yes
4617,4643,134,No
4618,4645,318,Yes
4619,4648,248,No
4620,4649,172,Yes
4621,4649,83,No
4622,4650,79,No
4623,4652,381,Yes
4624,4652,463,No
4625,4655,110,No
4626,4656,485,Yes
4627,4657,329,No
4628,4657,10,No
4629,4658,191,No
4630,4659,226,Yes
4631,4660,300,No
4632,4662,243,Yes
4633,4663,27,No
4634,4665,472,No
4635,4665,342,No
4636,4666,372,No
4637,4668,245,Yes
4638,4668,108,Yes
4639,4669,197,No
4640,4669,273,No
4641,4670,337,No
4642,4672,47,Yes
4643,4672,402,Yes
4644,4673,240,No
4645,4673,350,No
4646,4675,259,Yes
4647,4676,25,Yes
4648,4676,408,Yes
4649,4677,431,Yes
4650,4677,202,Yes
4651,4678,475,No
4652,4678,282,No
4653,4680,269,Yes
4654,4680,79,No
4655,4681,106,No
4656,4683,239,Yes
4657,4683,345,No
4658,4684,102,Yes
4659,4684,441,Yes
4660,4685,8,No
4661,4686,228,No
4662,4687,374,No
4663,4688,215,Yes
4664,4688,217,No
4665,4691,153,Yes
4666,4692,97,No
4667,4692,303,No
4668,4693,60,No
4669,4694,288,No
4670,4695,396,No
4671,4695,198,No
4672,4697,163,No
4673,4697,290,Yes
4674,4698,27,No
4675,4700,473,Yes
4676,4700,46,Yes
4677,4701,456,Yes
4678,4702,182,Yes
4679,4702,246,No
4680,4703,216,Yes
4681,4703,80,Yes
4682,4704,182,Yes
4683,4705,402,No
4684,4705,155,Yes
4685,4707,221,No
4686,4707,320,No
4687,4708,366,Yes
4688,4708,470,Yes
4689,4710,108,Yes
4690,4710,0,No
4691,4711,373,Yes
4692,4711,43,Yes
4693,4713,288,Yes
4694,4714,157,No
4695,4714,243,No
4696,4715,436,No
4697,4715,145,No
4698,4716,139,No
4699,4716,35,No
4700,4718,463,Yes
4701,4721,452,No
4702,4723,300,Yes
4703,4724,134,Yes
4704,4724,249,Yes
4705,4725,332,No
4706,4725,145,No
4707,4727,135,Yes
4708,4727,403,Yes
4709,4728,367,Yes
4710,4730,75,No
4711,4732,360,Yes
4712,4733,157,No
4713,4734,381,Yes
4714,4735,253,Yes
4715,4736,343,Yes
4716,4738,8,No
4717,4739,1,Yes
4718,4740,12,No
4719,4740,440,Yes
4720,4741,194,No
4721,4741,99,Yes
4722,4742,29,No
4723,4742,108,Yes
4724,4744,168,No
4725,4744,303,No
4726,4745,380,No
4727,4746,446,Yes
4728,4747,98,No
4729,4747,182,No
4730,4748,69,No
4731,4748,145,No
4732,4749,342,Yes
4733,4752,358,No
4734,4752,204,Yes
4735,4753,251,No
4736,4754,209,Yes
4737,4756,281,No
4738,4756,366,Yes
4739,4757,415,No
4740,4758,288,No
4741,4758,127,No
4742,4759,308,Yes
4743,4759,319,Yes
4744,4760,316,No
4745,4760,350,No
4746,4762,233,Yes
4747,4762,217,No
4748,4763,151,Yes
4749,4763,57,No
4750,4765,442,No
4751,4765,80,No
4752,4768,454,No
4753,4769,79,No
4754,4770,224,No
4755,4772,297,Yes
4756,4773,425,No
4757,4774,288,Yes
4758,4774,243,No
4759,4776,5,No
4760,4779,462,Yes
4761,4780,359,Yes
4762,4780,422,Yes
4763,4781,360,Yes
4764,4781,39,Yes
4765,4782,61,Yes
4766,4782,161,No
4767,4783,328,No
4768,4783,459,No
4769,4784,421,No
4770,4785,76,No
4771,4785,468,No
4772,4786,411,No
4773,4786,133,No
4774,4788,381,Yes
4775,4788,451,No
4776,4789,254,Yes
4777,4789,343,Yes
4778,4790,454,No
4779,4790,192,Yes
4780,4792,327,No
4781,4793,408,No
4782,4796,214,Yes
4783,4796,345,Yes
4784,4801,146,No
4785,4801,466,Yes
4786,4802,331,No
4787,4803,320,No
4788,4804,373,Yes
4789,4804,183,No
4790,4805,165,Yes
4791,4805,164,Yes
4792,4808,315,No
4793,4808,488,Yes
4794,4809,353,Yes
4795,4811,492,No
4796,4814,65,No
4797,4814,282,Yes
4798,4815,255,Yes
4799,4815,217,Yes
4800,4816,175,No
4801,4817,313,Yes
4802,4818,203,No
4803,4819,302,Yes
4804,4819,14,No
4805,4820,485,Yes
4806,4820,3,No
4807,4822,172,Yes
4808,4822,382,No
4809,4823,14,Yes
4810,4824,412,No
4811,4825,393,Yes
4812,4825,252,Yes
4813,4827,463,Yes
4814,4827,76,No
4815,4828,401,Yes
4816,4828,152,No
4817,4829,122,No
4818,4830,83,No
4819,4830,355,No
4820,4831,141,Yes
4821,4831,310,Yes
4822,4832,106,No
4823,4832,413,No
4824,4833,281,No
4825,4834,377,Yes
4826,4834,126,No
4827,4835,221,No
4828,4835,273,No
4829,4836,127,No
4830,4837,75,No
4831,4837,467,No
4832,4840,396,Yes
4833,4840,212,Yes
4834,4841,374,No
4835,4841,379,Yes
4836,4843,387,Yes
4837,4845,495,Yes
4838,4845,435,No
4839,4846,322,Yes
4840,4847,377,No
4841,4849,305,No
4842,4850,248,Yes
4843,4852,222,No
4844,4852,303,Yes
4845,4853,334,No
4846,4854,253,Yes
4847,4854,63,Yes
4848,4857,467,No
4849,4858,224,Yes
4850,4858,183,Yes
4851,4859,275,No
4852,4859,28,Yes
4853,4860,113,No
4854,4860,443,No
4855,4861,237,No
4856,4862,376,No
4857,4863,165,Yes
4858,4863,422,No
4859,4867,289,No
4860,4868,392,No
4861,4869,476,No
4862,4869,382,No
4863,4870,151,No
4864,4871,215,Yes
4865,4872,447,Yes
4866,4872,17,No
4867,4873,283,No
4868,4873,345,Yes
4869,4874,451,No
4870,4874,362,Yes
4871,4875,4,No
4872,4875,464,Yes
4873,4876,208,No
4874,4876,312,Yes
4875,4877,103,No
4876,4879,245,Yes
4877,4879,368,No
4878,4880,412,Yes
4879,4880,269,No
4880,4881,386,No
4881,4883,43,Yes
4882,4883,245,No
4883,4885,118,No
4884,4887,85,Yes
4885,4887,98,Yes
4886,4889,213,No
4887,4890,353,No
4888,4893,335,No
4889,4893,64,Yes
4890,4894,275,No
4891,4895,159,Yes
4892,4895,409,No
4893,4897,407,No
4894,4897,53,Yes
4895,4899,73,Yes
4896,4900,84,Yes
4897,4900,497,No
4898,4901,160,No
4899,4901,479,Yes
4900,4902,304,Yes
4901,4905,321,No
4902,4905,233,Yes
4903,4906,74,No
4904,4907,336,Yes
4905,4908,62,Yes
4906,4908,178,No
4907,4909,256,Yes
4908,4910,158,No
4909,4914,310,Yes
4910,4916,37,No
4911,4916,360,Yes
4912,4917,456,Yes
4913,4917,45,No
4914,4919,137,Yes
4915,4920,179,No
4916,4921,285,No
4917,4921,488,Yes
4918,4922,180,No
4919,4922,128,Yes
4920,4923,471,No
4921,4924,117,Yes
4922,4925,192,No
4923,4926,133,Yes
4924,4927,321,Yes
4925,4929,491,Yes
4926,4929,311,Yes
4927,4930,372,Yes
4928,4930,108,Yes
4929,4931,332,No
4930,4934,126,Yes
4931,4935,127,Yes
4932,4937,407,No
4933,4938,331,Yes
4934,4942,346,Yes
4935,4942,82,Yes
4936,4944,247,No
4937,4945,386,Yes
4938,4946,482,Yes
4939,4946,478,Yes
4940,4947,397,No
4941,4947,408,Yes
4942,4949,242,Yes
4943,4950,426,Yes
4944,4951,62,No
4945,4951,131,Yes
4946,4954,31,Yes
4947,4955,198,Yes
4948,4957,280,Yes
4949,4957,327,No
4950,4958,439,Yes
4951,4959,6,No
4952,4961,430,Yes
4953,4962,17,Yes
4954,4962,257,Yes
4955,4963,336,Yes
4956,4963,416,No
4957,4964,417,Yes
4958,4965,334,Yes
4959,4965,371,Yes
4960,4966,179,No
4961,4967,300,Yes
4962,4967,442,No
4963,4969,68,Yes
4964,4969,216,Yes
4965,4970,119,No
4966,4970,5,No
4967,4972,19,Yes
4968,4972,256,No
4969,4974,251,Yes
4970,4975,445,Yes
4971,4975,367,Yes
4972,4976,336,No
4973,4977,56,No
4974,4978,458,No
4975,4982,244,No
4976,4984,296,Yes
4977,4986,453,No
4978,4987,263,Yes
4979,4987,259,No
4980,4989,441,No
4981,4989,472,Yes
4982,4990,362,No
4983,4991,10,Yes
4984,4992,244,No
4985,4994,5,No
4986,4994,128,No
4987,4995,376,Yes
4988,4996,458,No
4989,4996,422,Yes
4990,4997,375,No
4991,4998,119,No
4992,4998,481,Yes
4993,4999,152,Yes
4994,4999,281,Yes
4995,5000,242,Yes
4996,5001,385,Yes
4997,5002,364,Yes
4998,5003,57,No
4999,5005,472,Yes
5000,5007,374,No
5001,5007,184,No
5002,5008,235,Yes
5003,5008,74,No
5004,5009,221,Yes
5005,5009,143,No
5006,5010,9,Yes
5007,5010,388,No
5008,5012,500,Yes
5009,5014,368,No
5010,5014,497,Yes
5011,5015,204,No
5012,5016,360,No
5013,5016,462,Yes
5014,5017,205,No
5015,5017,321,No
5016,5018,106,No
5017,5018,244,No
5018,5020,132,Yes
5019,5021,500,Yes
5020,5022,235,No
5021,5023,28,Yes
5022,5024,234,Yes
5023,5024,292,No
5024,5025,364,No
5025,5025,456,Yes
5026,5026,443,Yes
5027,5026,448,No
5028,5031,432,Yes
5029,5031,58,No
5030,5032,78,No
5031,5033,55,Yes
5032,5033,442,No
5033,5034,491,Yes
5034,5034,395,Yes
5035,5035,175,No
5036,5038,440,No
5037,5038,343,No
5038,5040,379,Yes
5039,5040,48,No
5040,5042,363,Yes
5041,5042,155,No
5042,5043,309,Yes
5043,5044,174,Yes
5044,5044,129,No
5045,5045,198,Yes
5046,5045,7,No
5047,5046,402,No
5048,5046,254,Yes
5049,5047,355,Yes
5050,5051,414,Yes
5051,5052,216,Yes
5052,5053,161,Yes
5053,5054,283,No
5054,5054,337,Yes
5055,5056,169,Yes
5056,5057,335,Yes
5057,5057,168,Yes
5058,5058,266,No
5059,5059,455,No
5060,5059,205,Yes
5061,5060,313,Yes
5062,5060,311,No
5063,5061,112,Yes
5064,5061,164,No
5065,5063,418,No
5066,5063,376,No
5067,5065,201,No
5068,5065,418,No
5069,5066,485,Yes
5070,5068,422,Yes
5071,5068,405,No
5072,5069,94,No
5073,5069,60,Yes
5074,5070,424,Yes
5075,5071,298,No
5076,5071,248,No
5077,5072,2,Yes
5078,5073,423,No
5079,5073,269,Yes
5080,5074,450,Yes
5081,5076,476,No
5082,5077,172,No
5083,5077,262,Yes
5084,5079,289,No
5085,5080,119,Yes
5086,5081,189,Yes
5087,5083,245,Yes
5088,5083,356,No
5089,5084,414,Yes
5090,5084,312,No
5091,5089,305,Yes
5092,5089,500,Yes
5093,5090,354,No
5094,5091,20,Yes
5095,5091,389,Yes
5096,5096,455,Yes
5097,5098,374,No
5098,5100,141,No
5099,5100,249,No
5100,5101,215,No
5101,5103,432,Yes
5102,5103,26,Yes
5103,5105,322,No
5104,5105,463,No
5105,5106,81,No
5106,5107,314,Yes
5107,5107,73,No
5108,5108,92,Yes
5109,5109,276,Yes
5110,5109,344,Yes
5111,5110,48,Yes
5112,5111,142,No
5113,5113,490,No
5114,5113,366,No
5115,5114,392,No
5116,5115,130,No
5117,5116,308,No
5118,5117,265,Yes
5119,5117,369,Yes
5120,5118,144,Yes
5121,5120,179,Yes
5122,5120,164,Yes
5123,5122,404,Yes
5124,5123,482,Yes
5125,5124,20,Yes
5126,5125,495,Yes
5127,5125,144,No
5128,5126,146,No
5129,5126,233,No
5130,5127,399,Yes
5131,5127,424,Yes
5132,5128,266,Yes
5133,5129,247,Yes
5134,5130,178,Yes
5135,5132,480,Yes
5136,5132,414,Yes
5137,5133,63,Yes
5138,5133,54,No
5139,5137,116,Yes
5140,5137,235,Yes
5141,5142,224,Yes
5142,5142,323,No
5143,5143,288,No
5144,5147,472,Yes
5145,5149,39,No
5146,5149,247,No
5147,5150,26,Yes
5148,5151,185,Yes
5149,5151,470,Yes
5150,5152,364,No
5151,5152,31,No
5152,5155,349,No
5153,5155,414,Yes
5154,5156,294,Yes
5155,5156,212,No
5156,5157,253,Yes
5157,5158,318,No
5158,5159,352,Yes
5159,5159,35,Yes
5160,5161,443,Yes
5161,5161,393,Yes
5162,5162,339,Yes
5163,5165,29,No
5164,5168,232,Yes
5165,5169,342,No
5166,5169,5,No
5167,5172,271,Yes
5168,5172,444,Yes
5169,5175,167,Yes
5170,5176,460,No
5171,5176,163,Yes
5172,5177,371,Yes
5173,5178,164,No
5174,5178,301,Yes
5175,5179,428,No
5176,5180,159,No
5177,5181,46,Yes
5178,5181,256,Yes
5179,5182,129,Yes
5180,5182,374,Yes
5181,5183,390,No
5182,5184,324,Yes
5183,5185,181,No
5184,5191,97,Yes
5185,5191,314,Yes
5186,5192,368,Yes
5187,5193,419,No
5188,5193,458,No
5189,5196,41,Yes
5190,5198,124,No
5191,5198,260,No
5192,5200,68,No
5193,5200,118,No
5194,5202,181,No
5195,5204,355,No
5196,5205,315,No
5197,5205,477,Yes
5198,5206,203,Yes
5199,5207,99,No
5200,5207,236,Yes
5201,5209,145,No
5202,5209,92,Yes
5203,5212,117,Yes
5204,5212,85,Yes
5205,5213,215,Yes
5206,5215,60,No
5207,5217,320,Yes
5208,5219,147,Yes
5209,5219,376,Yes
5210,5220,356,Yes
5211,5220,215,No
5212,5221,230,Yes
5213,5221,386,No
5214,5223,2,No
5215,5223,169,No
5216,5227,21,No
5217,5228,362,Yes
5218,5230,493,Yes
5219,5233,229,No
5220,5234,156,No
5221,5236,449,Yes
5222,5236,15,No
5223,5237,110,No
5224,5238,27,No
5225,5238,177,Yes
5226,5241,472,No
5227,5241,222,Yes
5228,5242,60,Yes
5229,5243,399,No
5230,5243,149,Yes
5231,5247,121,Yes
5232,5248,143,No
5233,5249,176,No
5234,5249,411,No
5235,5250,255,No
5236,5250,136,No
5237,5251,251,No
5238,5251,346,Yes
5239,5254,114,No
5240,5256,42,No
5241,5257,247,Yes
5242,5257,190,Yes
5243,5258,373,Yes
5244,5259,383,No
5245,5260,220,No
5246,5261,476,Yes
5247,5262,97,No
5248,5262,173,No
5249,5265,454,Yes
5250,5265,148,Yes
5251,5266,364,Yes
5252,5267,90,No
5253,5267,400,Yes
5254,5268,4,Yes
5255,5268,31,No
5256,5271,355,Yes
5257,5271,15,Yes
5258,5272,273,No
5259,5272,406,Yes
5260,5273,497,Yes
5261,5273,38,Yes
5262,5274,76,Yes
5263,5276,436,Yes
5264,5276,66,No
5265,5278,478,No
5266,5280,272,No
5267,5280,448,Yes
5268,5281,7,No
5269,5281,220,No
5270,5283,156,No
5271,5283,7,No
5272,5285,126,No
5273,5287,134,No
5274,5290,46,No
5275,5290,219,No
5276,5291,57,Yes
5277,5291,209,No
5278,5292,466,Yes
5279,5293,151,Yes
5280,5293,318,Yes
5281,5296,266,No
5282,5296,104,No
5283,5297,328,No
5284,5297,184,No
5285,5300,352,No
5286,5300,388,No
5287,5301,154,Yes
5288,5301,443,Yes
5289,5302,411,Yes
5290,5302,53,No
5291,5303,13,No
5292,5304,447,Yes
5293,5307,44,Yes
5294,5307,405,Yes
5295,5311,136,No
5296,5312,359,No
5297,5312,134,Yes
5298,5316,376,No
5299,5317,280,No
5300,5318,140,Yes
5301,5320,462,No
5302,5320,436,No
5303,5322,254,Yes
5304,5322,304,Yes
5305,5325,113,No
5306,5326,281,Yes
5307,5326,18,Yes
5308,5327,142,No
5309,5328,88,Yes
5310,5329,483,Yes
5311,5329,241,Yes
5312,5330,395,No
5313,5331,422,No
5314,5331,59,Yes
5315,5332,219,No
5316,5332,388,Yes
5317,5333,492,Yes
5318,5333,446,No
5319,5334,64,No
5320,5334,243,Yes
5321,5335,220,Yes
5322,5338,376,Yes
5323,5338,365,No
5324,5339,423,Yes
5325,5339,223,Yes
5326,5343,338,Yes
5327,5344,217,Yes
5328,5344,86,No
5329,5346,344,Yes
5330,5348,140,Yes
5331,5352,40,No
5332,5353,211,Yes
5333,5354,15,No
5334,5354,34,No
5335,5355,72,No
5336,5355,102,Yes
5337,5357,18,No
5338,5358,468,No
5339,5359,270,Yes
5340,5359,290,No
5341,5360,34,No
5342,5360,313,No
5343,5361,296,No
5344,5362,222,No
5345,5362,355,Yes
5346,5363,451,No
5347,5365,93,Yes
5348,5368,366,Yes
5349,5371,382,No
5350,5372,425,No
5351,5372,306,Yes
5352,5374,57,Yes
5353,5377,211,No
5354,5377,311,Yes
5355,5378,38,No
5356,5378,201,Yes
5357,5382,392,No
5358,5384,46,Yes
5359,5384,398,No
5360,5385,51,No
5361,5385,261,No
5362,5386,59,No
5363,5386,147,No
5364,5387,204,Yes
5365,5387,215,No
5366,5388,299,Yes
5367,5388,404,Yes
5368,5389,55,No
5369,5391,72,Yes
5370,5392,273,No
5371,5393,148,No
5372,5393,499,No
5373,5395,104,No
5374,5395,386,No
5375,5396,318,No
5376,5397,402,Yes
5377,5398,13,No
5378,5398,2,No
5379,5399,340,No
5380,5400,80,Yes
5381,5400,438,No
5382,5401,467,Yes
5383,5408,170,No
5384,5409,437,Yes
5385,5409,384,No
5386,5410,21,No
5387,5410,141,Yes
5388,5411,80,No
5389,5413,206,No
5390,5413,360,No
5391,5415,381,Yes
5392,5415,242,No
5393,5416,409,Yes
5394,5417,185,No
5395,5417,177,Yes
5396,5420,172,No
5397,5420,487,Yes
5398,5421,307,No
5399,5421,265,No
5400,5422,401,No
5401,5422,10,Yes
5402,5423,454,No
5403,5426,335,Yes
5404,5427,244,No
5405,5429,44,Yes
5406,5430,94,Yes
5407,5432,36,Yes
5408,5432,345,No
5409,5433,410,No
5410,5434,469,No
5411,5435,341,No
5412,5435,65,Yes
5413,5436,436,Yes
5414,5436,98,Yes
5415,5437,315,Yes
5416,5440,148,Yes
5417,5440,140,No
5418,5441,71,Yes
5419,5442,58,Yes
5420,5443,395,Yes
5421,5443,490,Yes
5422,5444,474,Yes
5423,5444,276,No
5424,5445,496,No
5425,5446,319,No
5426,5447,13,Yes
5427,5447,44,No
5428,5448,295,No
5429,5448,203,Yes
5430,5449,121,No
5431,5449,211,No
5432,5450,439,Yes
5433,5451,419,Yes
5434,5451,326,No
5435,5454,385,No
5436,5455,144,No
5437,5456,97,Yes
5438,5457,216,Yes
5439,5457,483,Yes
5440,5458,205,Yes
5441,5460,357,Yes
5442,5461,498,No
5443,5461,434,No
5444,5463,93,No
5445,5463,318,Yes
5446,5464,220,Yes
5447,5465,269,Yes
5448,5465,209,Yes
5449,5467,392,No
5450,5468,54,Yes
5451,5468,357,Yes
5452,5469,388,No
5453,5469,488,Yes
5454,5470,333,Yes
5455,5471,191,Yes
5456,5471,404,No
5457,5472,276,Yes
5458,5475,326,Yes
5459,5475,460,No
5460,5476,438,Yes
5461,5478,236,Yes
5462,5478,9,No
5463,5479,470,Yes
5464,5479,140,Yes
5465,5481,137,No
5466,5482,394,No
5467,5482,442,Yes
5468,5483,423,No
5469,5483,306,Yes
5470,5484,91,Yes
5471,5484,11,No
5472,5485,74,Yes
5473,5485,215,Yes
5474,5486,311,Yes
5475,5487,431,No
5476,5487,153,No
5477,5488,202,No
5478,5488,245,No
5479,5489,329,Yes
5480,5489,120,Yes
5481,5490,181,Yes
5482,5490,269,No
5483,5493,469,Yes
5484,5493,323,Yes
5485,5495,138,Yes
5486,5496,290,No
5487,5500,470,No
5488,5503,218,No
5489,5503,36,Yes
5490,5504,19,Yes
5491,5507,383,Yes
5492,5507,119,No
5493,5508,33,No
5494,5508,132,No
5495,5511,349,Yes
5496,5513,146,Yes
5497,5513,380,Yes
5498,5514,10,Yes
5499,5516,237,No
5500,5520,23,Yes
5501,5525,427,No
5502,5525,470,No
5503,5527,423,Yes
5504,5529,445,No
5505,5530,380,No
5506,5530,446,No
5507,5531,384,Yes
5508,5532,374,No
5509,5534,11,Yes
5510,5537,262,No
5511,5538,36,Yes
5512,5538,309,Yes
5513,5541,312,Yes
5514,5542,138,No
5515,5542,203,Yes
5516,5543,352,No
5517,5543,177,Yes
5518,5544,340,No
5519,5546,389,Yes
5520,5547,448,No
5521,5548,432,No
5522,5550,419,Yes
5523,5550,117,Yes
5524,5553,452,No
5525,5554,331,No
5526,5554,468,No
5527,5555,70,No
5528,5555,329,Yes
5529,5556,84,No
5530,5557,175,No
5531,5557,279,Yes
5532,5558,45,Yes
5533,5559,385,No
5534,5560,378,Yes
5535,5560,477,Yes
5536,5561,221,No
5537,5561,67,No
5538,5562,468,Yes
5539,5565,152,No
5540,5565,82,Yes
5541,5567,433,Yes
5542,5568,458,Yes
5543,5568,218,Yes
5544,5569,337,Yes
5545,5569,365,Yes
5546,5570,106,Yes
5547,5571,63,Yes
5548,5571,242,Yes
5549,5572,38,No
5550,5572,215,No
5551,5573,399,Yes
5552,5573,90,No
5553,5574,187,No
5554,5574,232,Yes
5555,5575,393,No
5556,5575,449,Yes
5557,5576,313,Yes
5558,5578,58,Yes
5559,5578,407,Yes
5560,5579,471,Yes
5561,5582,218,No
5562,5583,441,Yes
5563,5583,211,No
5564,5584,278,No
5565,5586,323,No
5566,5587,236,Yes
5567,5587,46,No
5568,5588,454,No
5569,5588,122,No
5570,5589,459,Yes
5571,5590,246,No
5572,5591,350,No
5573,5591,328,Yes
5574,5592,262,No
5575,5593,323,No
5576,5594,220,No
5577,5594,210,Yes
5578,5595,67,No
5579,5596,153,No
5580,5596,408,Yes
5581,5597,393,Yes
5582,5597,10,No
5583,5599,56,No
5584,5600,41,No
5585,5602,500,Yes
5586,5602,448,Yes
5587,5603,85,Yes
5588,5604,366,Yes
5589,5604,373,No
5590,5605,492,Yes
5591,5605,432,Yes
5592,5606,467,Yes
5593,5607,330,Yes
5594,5608,211,No
5595,5609,154,Yes
5596,5611,230,Yes
5597,5612,464,Yes
5598,5612,101,No
5599,5613,100,Yes
5600,5613,314,Yes
5601,5614,6,Yes
5602,5614,454,No
5603,5616,487,No
5604,5616,359,Yes
5605,5617,221,Yes
5606,5618,166,No
5607,5618,225,Yes
5608,5620,150,No
5609,5621,139,No
5610,5621,52,No
5611,5622,85,No
5612,5624,218,No
5613,5624,117,Yes
5614,5626,207,Yes
5615,5627,97,No
5616,5632,261,Yes
5617,5633,239,No
5618,5633,197,Yes
5619,5635,307,Yes
5620,5636,289,No
5621,5637,224,No
5622,5638,68,No
5623,5638,177,No
5624,5640,353,Yes
5625,5641,304,Yes
5626,5641,202,Yes
5627,5642,171,No
5628,5644,189,Yes
5629,5644,363,Yes
5630,5648,237,No
5631,5648,107,Yes
5632,5649,139,Yes
5633,5652,189,No
5634,5654,438,No
5635,5654,178,Yes
5636,5655,42,No
5637,5656,440,No
5638,5658,142,No
5639,5659,254,Yes
5640,5662,343,No
5641,5663,451,No
5642,5663,368,Yes
5643,5664,137,Yes
5644,5664,223,No
5645,5666,417,Yes
5646,5667,24,No
5647,5667,317,No
5648,5668,248,Yes
5649,5671,175,Yes
5650,5672,18,No
5651,5674,30,Yes
5652,5674,325,Yes
5653,5675,142,No
5654,5675,437,No
5655,5676,242,Yes
5656,5677,292,No
5657,5678,71,No
5658,5679,473,No
5659,5681,160,No
5660,5681,260,Yes
5661,5682,3,Yes
5662,5683,132,Yes
5663,5685,341,Yes
5664,5686,268,Yes
5665,5687,486,No
5666,5688,196,Yes
5667,5688,423,No
5668,5689,465,No
5669,5690,198,Yes
5670,5692,216,No
5671,5693,189,Yes
5672,5696,185,Yes
5673,5697,84,No
5674,5697,333,No
5675,5698,438,Yes
5676,5699,137,No
5677,5700,243,No
5678,5702,184,No
5679,5703,280,Yes
5680,5704,241,Yes
5681,5704,270,No
5682,5705,194,Yes
5683,5706,386,No
5684,5706,483,Yes
5685,5707,461,Yes
5686,5707,301,Yes
5687,5708,207,No
5688,5709,324,No
5689,5709,200,Yes
5690,5715,185,No
5691,5716,473,No
5692,5716,37,Yes
5693,5719,176,No
5694,5719,388,Yes
5695,5721,45,Yes
5696,5721,2,Yes
5697,5722,349,No
5698,5722,103,Yes
5699,5723,266,No
5700,5723,111,Yes
5701,5725,381,Yes
5702,5725,22,No
5703,5726,195,No
5704,5726,96,Yes
5705,5727,295,No
5706,5727,224,No
5707,5728,476,Yes
5708,5730,208,Yes
5709,5731,438,No
5710,5732,227,No
5711,5733,224,Yes
5712,5734,228,Yes
5713,5734,433,No
5714,5735,489,No
5715,5736,309,No
5716,5736,6,No
5717,5737,256,Yes
5718,5737,271,Yes
5719,5738,317,Yes
5720,5738,373,Yes
5721,5739,282,Yes
5722,5739,14,Yes
5723,5740,176,No
5724,5741,130,Yes
5725,5741,71,No
5726,5742,223,No
5727,5742,444,Yes
5728,5743,481,No
5729,5744,169,Yes
5730,5746,326,Yes
5731,5746,289,No
5732,5750,466,No
5733,5751,445,Yes
5734,5752,193,Yes
5735,5752,384,Yes
5736,5753,174,No
5737,5754,377,Yes
5738,5755,60,Yes
5739,5756,30,No
5740,5758,326,Yes
5741,5758,27,No
5742,5760,238,No
5743,5760,157,No
5744,5761,317,Yes
5745,5761,226,Yes
5746,5763,181,Yes
5747,5763,283,No
5748,5764,23,Yes
5749,5765,402,No
5750,5767,309,No
5751,5767,322,No
5752,5768,31,Yes
5753,5769,69,Yes
5754,5769,373,Yes
5755,5770,495,Yes
5756,5771,374,Yes
5757,5772,248,No
5758,5773,210,No
5759,5773,309,Yes
5760,5774,390,Yes
5761,5774,380,Yes
5762,5775,133,No
5763,5775,432,Yes
5764,5777,416,No
5765,5778,280,No
5766,5778,263,Yes
5767,5779,147,No
5768,5781,361,No
5769,5781,282,No
5770,5784,286,Yes
5771,5787,91,Yes
5772,5791,93,No
5773,5792,266,Yes
5774,5793,162,No
5775,5793,426,Yes
5776,5794,352,No
5777,5794,404,No
5778,5796,58,Yes
5779,5797,398,No
5780,5798,21,Yes
5781,5798,422,No
5782,5799,378,Yes
5783,5799,152,No
5784,5800,494,Yes
5785,5802,303,No
5786,5803,106,No
5787,5803,280,No
5788,5805,48,Yes
5789,5807,227,No
5790,5810,457,No
5791,5813,176,Yes
5792,5813,173,Yes
5793,5814,232,Yes
5794,5814,151,No
5795,5815,236,Yes
5796,5815,426,Yes
5797,5816,194,No
5798,5817,480,No
5799,5817,405,Yes
5800,5818,207,No
5801,5822,464,No
5802,5824,94,No
5803,5824,239,No
5804,5825,155,Yes
5805,5825,498,No
5806,5827,347,Yes
5807,5828,76,No
5808,5828,363,Yes
5809,5829,290,Yes
5810,5831,370,Yes
5811,5837,203,No
5812,5838,172,Yes
5813,5838,207,Yes
5814,5840,37,No
5815,5841,441,Yes
5816,5841,279,Yes
5817,5842,488,No
5818,5846,237,Yes
5819,5846,410,Yes
5820,5847,1,No
5821,5847,410,Yes
5822,5848,296,No
5823,5848,118,Yes
5824,5849,24,Yes
5825,5850,163,Yes
5826,5850,500,Yes
5827,5851,194,Yes
5828,5852,272,No
5829,5853,23,Yes
5830,5854,92,No
5831,5854,482,No
5832,5855,81,Yes
5833,5855,332,No
5834,5856,334,No
5835,5861,127,Yes
5836,5861,315,Yes
5837,5862,262,No
5838,5865,286,No
5839,5865,358,No
5840,5866,297,Yes
5841,5866,136,No
5842,5870,404,Yes
5843,5870,191,Yes
5844,5871,473,No
5845,5873,370,No
5846,5873,382,No
5847,5875,164,No
5848,5875,205,No
5849,5876,207,Yes
5850,5877,352,Yes
5851,5877,138,No
5852,5878,371,Yes
5853,5879,234,No
5854,5881,354,No
5855,5881,456,No
5856,5882,67,Yes
5857,5882,145,Yes
5858,5885,297,No
5859,5885,401,Yes
5860,5886,220,No
5861,5887,123,No
5862,5887,142,Yes
5863,5888,496,No
5864,5889,375,Yes
5865,5892,248,Yes
5866,5892,283,Yes
5867,5893,420,Yes
5868,5893,489,No
5869,5895,308,Yes
5870,5895,4,Yes
5871,5897,178,Yes
5872,5897,175,Yes
5873,5899,327,No
5874,5900,437,Yes
5875,5901,387,Yes
5876,5902,380,No
5877,5902,223,No
5878,5903,466,No
5879,5903,187,No
5880,5904,319,No
5881,5905,489,No
5882,5905,258,Yes
5883,5906,388,No
5884,5907,89,No
5885,5907,424,No
5886,5910,206,No
5887,5910,496,No
5888,5911,268,No
5889,5912,160,Yes
5890,5912,495,Yes
5891,5914,90,Yes
5892,5915,429,No
5893,5916,187,No
5894,5916,499,Yes
5895,5917,107,No
5896,5918,118,No
5897,5918,9,No
5898,5921,233,No
5899,5922,201,Yes
5900,5922,280,No
5901,5923,311,No
5902,5925,137,No
5903,5926,279,No
5904,5926,317,Yes
5905,5927,221,No
5906,5928,273,No
5907,5928,175,Yes
5908,5929,122,No
5909,5930,229,Yes
5910,5931,114,No
5911,5931,64,No
5912,5932,151,Yes
5913,5933,326,No
5914,5933,185,Yes
5915,5934,93,Yes
5916,5935,387,No
5917,5936,459,Yes
5918,5937,463,No
5919,5937,16,Yes
5920,5938,182,No
5921,5939,97,No
5922,5940,230,Yes
5923,5941,344,No
5924,5943,99,Yes
5925,5944,20,No
5926,5947,279,No
5927,5947,485,Yes
5928,5948,57,No
5929,5949,266,Yes
5930,5950,96,Yes
5931,5950,347,Yes
5932,5952,306,No
5933,5953,243,No
5934,5956,347,Yes
5935,5956,67,No
5936,5957,39,Yes
5937,5958,484,No
5938,5959,360,Yes
5939,5959,65,Yes
5940,5960,468,No
5941,5960,472,No
5942,5961,5,No
5943,5961,145,No
5944,5963,223,Yes
5945,5963,214,No
5946,5964,85,Yes
5947,5964,331,Yes
5948,5967,206,Yes
5949,5968,144,Yes
5950,5968,319,Yes
5951,5969,320,No
5952,5970,167,No
5953,5970,188,No
5954,5973,383,Yes
5955,5976,500,Yes
5956,5976,279,Yes
5957,5977,224,Yes
5958,5977,464,Yes
5959,5978,369,No
5960,5979,316,Yes
5961,5980,424,No
5962,5980,133,Yes
5963,5983,381,No
5964,5983,386,No
5965,5984,342,Yes
5966,5985,36,No
5967,5986,428,No
5968,5987,261,Yes
5969,5988,494,Yes
5970,5988,45,No
5971,5989,27,No
5972,5989,14,Yes
5973,5990,77,No
5974,5990,92,No
5975,5992,237,Yes
5976,5992,246,No
5977,5994,331,Yes
5978,5995,221,Yes
5979,5996,159,Yes
5980,5997,471,No
5981,5998,278,No
5982,5999,18,No
5983,5999,335,Yes
5984,6000,38,Yes
5985,6001,283,No
5986,6001,433,Yes
5987,6002,189,Yes
5988,6002,481,Yes
5989,6003,99,No
5990,6004,489,Yes
5991,6009,288,Yes
5992,6010,292,No
5993,6010,41,Yes
5994,6011,219,Yes
5995,6012,174,Yes
5996,6012,317,No
5997,6013,487,No
5998,6018,314,No
5999,6021,331,Yes
6000,6022,205,Yes
6001,6022,85,No
6002,6023,221,No
6003,6026,352,Yes
6004,6027,327,Yes
6005,6027,227,Yes
6006,6028,31,No
6007,6030,238,No
6008,6030,483,Yes
6009,6032,188,No
6010,6032,493,No
6011,6033,107,No
6012,6033,120,Yes
6013,6034,406,Yes
6014,6034,456,Yes
6015,6035,422,No
6016,6035,196,No
6017,6036,2,No
6018,6036,427,Yes
6019,6038,130,No
6020,6040,112,Yes
6021,6042,199,No
6022,6043,447,Yes
6023,6043,183,No
6024,6044,180,No
6025,6044,178,Yes
6026,6046,302,No
6027,6047,393,No
6028,6050,60,No
6029,6050,232,No
6030,6052,358,Yes
6031,6052,156,Yes
6032,6054,149,Yes
6033,6055,77,Yes
6034,6059,113,Yes
6035,6062,216,No
6036,6063,254,Yes
6037,6064,500,Yes
6038,6064,339,No
6039,6065,69,Yes
6040,6069,428,No
6041,6069,124,No
6042,6070,166,No
6043,6071,103,Yes
6044,6072,317,No
6045,6074,115,No
6046,6074,16,No
6047,6077,67,No
6048,6077,451,Yes
6049,6078,155,Yes
6050,6079,71,Yes
6051,6081,278,Yes
6052,6082,157,No
6053,6083,474,No
6054,6083,207,No
6055,6087,389,Yes
6056,6087,292,No
6057,6088,275,Yes
6058,6088,337,Yes
6059,6090,88,Yes
6060,6091,29,Yes
6061,6091,485,Yes
6062,6093,335,No
6063,6093,107,No
6064,6094,258,No
6065,6094,489,Yes
6066,6095,40,Yes
6067,6095,302,No
6068,6096,273,No
6069,6096,304,No
6070,6097,257,No
6071,6097,38,Yes
6072,6099,241,No
6073,6099,151,Yes
6074,6102,268,Yes
6075,6106,165,No
6076,6106,345,No
6077,6107,166,No
6078,6107,280,Yes
6079,6108,11,Yes
6080,6108,262,No
6081,6109,406,No
6082,6109,220,Yes
6083,6110,189,Yes
6084,6111,148,No
6085,6111,10,No
6086,6112,114,No
6087,6113,61,Yes
6088,6115,462,No
6089,6115,19,Yes
6090,6116,351,No
6091,6116,288,Yes
6092,6117,195,No
6093,6118,421,No
6094,6120,163,Yes
6095,6120,251,Yes
6096,6121,430,Yes
6097,6122,490,Yes
6098,6122,476,Yes
6099,6123,417,Yes
6100,6124,141,No
6101,6125,391,No
6102,6126,206,Yes
6103,6126,274,No
6104,6127,108,Yes
6105,6129,74,No
6106,6134,69,No
6107,6135,271,Yes
6108,6136,298,No
6109,6137,169,Yes
6110,6137,318,Yes
6111,6138,133,No
6112,6138,177,No
6113,6141,294,Yes
6114,6142,60,Yes
6115,6144,249,Yes
6116,6144,361,Yes
6117,6148,20,Yes
6118,6149,61,Yes
6119,6149,451,Yes
6120,6152,167,No
6121,6152,417,Yes
6122,6153,153,No
6123,6154,181,No
6124,6154,328,No
6125,6156,31,Yes
6126,6157,191,No
6127,6157,461,Yes
6128,6158,6,No
6129,6158,196,Yes
6130,6159,388,No
6131,6160,220,Yes
6132,6160,311,No
6133,6162,372,Yes
6134,6162,498,No
6135,6164,66,No
6136,6164,249,Yes
6137,6166,308,Yes
6138,6166,449,No
6139,6167,88,No
6140,6168,277,Yes
6141,6168,450,Yes
6142,6173,322,No
6143,6174,144,Yes
6144,6177,207,No
6145,6180,395,No
6146,6181,210,Yes
6147,6181,71,No
6148,6182,266,No
6149,6182,8,Yes
6150,6183,273,No
6151,6183,67,Yes
6152,6184,152,Yes
6153,6189,365,Yes
6154,6192,50,No
6155,6192,365,No
6156,6196,359,Yes
6157,6196,236,No
6158,6197,147,No
6159,6197,51,No
6160,6198,60,No
6161,6198,77,Yes
6162,6199,105,Yes
6163,6200,12,No
6164,6200,423,No
6165,6201,43,Yes
6166,6203,348,Yes
6167,6204,386,Yes
6168,6206,291,No
6169,6206,64,Yes
6170,6207,425,Yes
6171,6207,195,Yes
6172,6209,119,Yes
6173,6209,72,No
6174,6210,39,No
6175,6211,285,No
6176,6214,285,Yes
6177,6214,280,No
6178,6215,426,No
6179,6215,26,No
6180,6216,73,No
6181,6216,210,Yes
6182,6219,328,No
6183,6219,490,Yes
6184,6220,274,No
6185,6222,76,No
6186,6223,308,No
6187,6224,387,Yes
6188,6224,2,No
6189,6225,93,Yes
6190,6225,334,No
6191,6226,116,Yes
6192,6226,288,No
6193,6227,376,No
6194,6228,149,No
6195,6229,95,No
6196,6230,356,Yes
6197,6231,474,Yes
6198,6231,4,No
6199,6232,55,Yes
6200,6232,398,Yes
6201,6233,333,Yes
6202,6234,96,No
6203,6235,378,No
6204,6236,69,Yes
6205,6237,25,No
6206,6237,118,No
6207,6238,410,Yes
6208,6238,78,Yes
6209,6239,185,Yes
6210,6239,409,Yes
6211,6240,247,Yes
6212,6241,17,No
6213,6241,155,No
6214,6242,303,No
6215,6243,301,Yes
6216,6243,373,No
6217,6244,283,Yes
6218,6244,298,No
6219,6246,362,Yes
6220,6246,263,Yes
6221,6247,148,No
6222,6247,333,Yes
6223,6249,219,No
6224,6249,420,No
6225,6250,181,Yes
6226,6256,496,No
6227,6258,226,No
6228,6261,91,Yes
6229,6261,479,Yes
6230,6262,418,Yes
6231,6264,440,No
6232,6264,126,No
6233,6265,172,No
6234,6265,310,No
6235,6266,189,Yes
6236,6268,265,No
6237,6268,175,No
6238,6269,419,No
6239,6269,262,No
6240,6270,408,No
6241,6273,93,Yes
6242,6274,138,No
6243,6275,326,No
6244,6276,313,Yes
6245,6278,200,Yes
6246,6281,434,Yes
6247,6282,93,No
6248,6282,143,No
6249,6283,462,No
6250,6283,212,No
6251,6284,259,Yes
6252,6286,49,No
6253,6286,488,Yes
6254,6288,321,Yes
6255,6288,144,No
6256,6289,227,Yes
6257,6289,76,No
6258,6290,483,No
6259,6292,0,Yes
6260,6292,283,Yes
6261,6293,466,Yes
6262,6293,240,No
6263,6294,476,No
6264,6294,133,Yes
6265,6296,127,Yes
6266,6296,349,No
6267,6298,311,No
6268,6298,316,Yes
6269,6299,233,No
6270,6302,480,No
6271,6302,99,No
6272,6303,147,Yes
6273,6306,354,Yes
6274,6307,41,No
6275,6307,266,Yes
6276,6308,459,Yes
6277,6309,466,No
6278,6309,162,Yes
6279,6310,253,No
6280,6311,336,Yes
6281,6311,449,No
6282,6312,196,Yes
6283,6312,410,Yes
6284,6313,395,Yes
6285,6313,138,No
6286,6314,354,Yes
6287,6314,486,No
6288,6315,396,No
6289,6315,68,Yes
6290,6316,55,No
6291,6317,355,No
6292,6317,362,Yes
6293,6318,450,No
6294,6318,118,Yes
6295,6319,223,Yes
6296,6320,207,No
6297,6321,424,No
6298,6321,145,No
6299,6322,328,Yes
6300,6323,87,Yes
6301,6323,89,Yes
6302,6328,326,Yes
6303,6328,383,Yes
6304,6329,350,No
6305,6331,391,Yes
6306,6331,183,No
6307,6334,281,No
6308,6334,0,No
6309,6336,185,No
6310,6337,376,No
6311,6337,309,No
6312,6339,348,No
6313,6339,17,Yes
6314,6340,435,Yes
6315,6340,473,No
6316,6341,284,Yes
6317,6342,60,Yes
6318,6344,220,No
6319,6344,428,No
6320,6345,302,No
6321,6346,497,Yes
6322,6347,394,No
6323,6347,243,Yes
6324,6348,58,Yes
6325,6348,117,Yes
6326,6351,168,Yes
6327,6351,317,No
6328,6352,52,No
6329,6352,155,Yes
6330,6355,498,Yes
6331,6356,371,Yes
6332,6358,65,No
6333,6358,65,Yes
6334,6359,182,No
6335,6360,253,No
6336,6362,246,No
6337,6363,58,Yes
6338,6365,125,Yes
6339,6369,390,Yes
6340,6371,285,No
6341,6372,427,Yes
6342,6372,475,No
6343,6374,354,Yes
6344,6375,135,No
6345,6376,429,Yes
6346,6376,82,Yes
6347,6377,83,Yes
6348,6377,179,No
6349,6378,130,Yes
6350,6378,62,Yes
6351,6379,466,No
6352,6380,99,Yes
6353,6381,103,Yes
6354,6381,188,Yes
6355,6382,193,Yes
6356,6382,107,No
6357,6388,222,No
6358,6388,491,No
6359,6389,317,Yes
6360,6389,304,No
6361,6390,149,No
6362,6390,123,Yes
6363,6391,386,Yes
6364,6393,383,Yes
6365,6394,324,No
6366,6396,210,Yes
6367,6396,431,Yes
6368,6398,255,No
6369,6398,288,Yes
6370,6399,104,Yes
6371,6400,276,No
6372,6400,82,Yes
6373,6402,270,Yes
6374,6403,478,Yes
6375,6403,328,No
6376,6404,349,Yes
6377,6404,5,Yes
6378,6405,377,Yes
6379,6406,147,Yes
6380,6406,106,No
6381,6407,190,No
6382,6407,116,Yes
6383,6411,393,No
6384,6411,186,Yes
6385,6412,106,No
6386,6412,74,No
6387,6414,466,No
6388,6416,432,Yes
6389,6418,168,No
6390,6418,303,Yes
6391,6419,197,No
6392,6420,355,Yes
6393,6420,239,No
6394,6421,281,No
6395,6423,50,No
6396,6423,150,Yes
6397,6424,125,Yes
6398,6424,173,Yes
6399,6425,116,No
6400,6427,463,Yes
6401,6427,104,No
6402,6428,105,Yes
6403,6428,228,Yes
6404,6429,151,No
6405,6429,18,Yes
6406,6432,242,No
6407,6434,130,No
6408,6434,111,Yes
6409,6437,427,Yes
6410,6437,261,No
6411,6439,142,Yes
6412,6442,176,No
6413,6443,108,Yes
6414,6446,332,No
6415,6446,13,Yes
6416,6447,492,No
6417,6448,117,No
6418,6448,497,No
6419,6450,324,No
6420,6451,463,Yes
6421,6451,334,Yes
6422,6453,267,No
6423,6453,49,No
6424,6454,188,Yes
6425,6455,64,No
6426,6455,276,No
6427,6456,151,Yes
6428,6456,20,Yes
6429,6457,52,No
6430,6458,276,No
6431,6458,468,No
6432,6460,260,Yes
6433,6460,490,Yes
6434,6461,433,No
6435,6464,36,No
6436,6465,499,No
6437,6467,425,No
6438,6468,416,Yes
6439,6468,385,No
6440,6469,281,Yes
6441,6471,190,No
6442,6471,69,No
6443,6473,91,Yes
6444,6475,132,No
6445,6477,219,Yes
6446,6479,499,Yes
6447,6479,328,No
6448,6480,88,No
6449,6481,269,Yes
6450,6481,402,No
6451,6483,130,Yes
6452,6484,342,Yes
6453,6484,163,Yes
6454,6485,333,Yes
6455,6485,237,No
6456,6486,113,No
6457,6486,115,Yes
6458,6487,464,No
6459,6489,163,No
6460,6490,491,Yes
6461,6491,43,No
6462,6492,140,No
6463,6492,157,Yes
6464,6495,363,Yes
6465,6495,497,Yes
6466,6496,394,Yes
6467,6497,445,Yes
6468,6499,101,Yes
6469,6499,295,Yes
6470,6501,90,No
6471,6501,314,Yes
6472,6503,357,No
6473,6503,249,No
6474,6510,127,Yes
6475,6512,450,Yes
6476,6513,20,Yes
6477,6514,146,No
6478,6514,144,Yes
6479,6515,403,No
6480,6516,158,No
6481,6518,172,Yes
6482,6518,406,No
6483,6519,213,No
6484,6520,399,Yes
6485,6522,309,Yes
6486,6522,12,Yes
6487,6524,136,Yes
6488,6524,172,No
6489,6526,471,No
6490,6526,397,Yes
6491,6527,314,No
6492,6528,456,Yes
6493,6528,303,No
6494,6529,85,No
6495,6529,115,Yes
6496,6530,87,No
6497,6530,402,Yes
6498,6531,7,No
6499,6533,82,Yes
6500,6534,162,Yes
6501,6535,67,Yes
6502,6537,181,Yes
6503,6538,125,Yes
6504,6538,420,No
6505,6539,62,Yes
6506,6540,452,Yes
6507,6540,239,No
6508,6542,201,Yes
6509,6542,492,Yes
6510,6547,162,No
6511,6547,155,Yes
6512,6548,430,No
6513,6548,34,Yes
6514,6551,72,Yes
6515,6551,142,No
6516,6552,361,Yes
6517,6553,436,Yes
6518,6553,414,Yes
6519,6554,385,No
6520,6554,406,Yes
6521,6556,223,Yes
6522,6556,335,No
6523,6557,307,No
6524,6559,312,No
6525,6559,130,Yes
6526,6561,185,Yes
6527,6561,312,No
6528,6562,161,No
6529,6562,297,No
6530,6564,117,Yes
6531,6564,321,Yes
6532,6565,34,No
6533,6565,130,No
6534,6566,146,No
6535,6567,104,Yes
6536,6568,478,No
6537,6569,383,Yes
6538,6571,160,Yes
6539,6572,274,Yes
6540,6572,51,Yes
6541,6573,184,Yes
6542,6574,378,No
6543,6575,245,No
6544,6576,269,Yes
6545,6576,147,Yes
6546,6577,84,No
6547,6577,219,Yes
6548,6579,392,Yes
6549,6581,75,Yes
6550,6581,197,Yes
6551,6582,418,Yes
6552,6582,138,No
6553,6583,219,No
6554,6583,300,Yes
6555,6584,270,No
6556,6585,380,Yes
6557,6586,404,Yes
6558,6586,96,No
6559,6587,122,Yes
6560,6588,323,No
6561,6588,228,No
6562,6589,107,Yes
6563,6590,275,Yes
6564,6590,39,No
6565,6591,111,No
6566,6591,118,No
6567,6592,168,No
6568,6593,315,Yes
6569,6593,129,Yes
6570,6594,183,Yes
6571,6597,300,No
6572,6599,394,No
6573,6599,287,No
6574,6600,269,No
6575,6600,149,Yes
6576,6602,57,No
6577,6602,33,Yes
6578,6603,447,Yes
6579,6603,264,No
6580,6604,425,No
6581,6604,56,Yes
6582,6605,469,Yes
6583,6605,408,Yes
6584,6606,52,Yes
6585,6610,489,No
6586,6611,287,No
6587,6611,313,No
6588,6612,439,Yes
6589,6612,450,Yes
6590,6613,101,No
6591,6614,309,Yes
6592,6615,360,Yes
6593,6615,493,Yes
6594,6616,394,No
6595,6617,203,Yes
6596,6617,6,Yes
6597,6618,486,No
6598,6618,119,No
6599,6619,281,No
6600,6619,78,No
6601,6621,308,No
6602,6621,329,Yes
6603,6622,286,Yes
6604,6623,409,Yes
6605,6625,40,No
6606,6626,266,No
6607,6627,435,No
6608,6629,56,Yes
6609,6630,481,No
6610,6631,265,No
6611,6631,101,Yes
6612,6632,138,Yes
6613,6632,85,Yes
6614,6634,173,Yes
6615,6636,463,No
6616,6636,247,No
6617,6637,150,No
6618,6637,75,No
6619,6638,109,No
6620,6638,9,Yes
6621,6639,111,Yes
6622,6640,181,No
6623,6641,160,Yes
6624,6641,381,No
6625,6643,31,No
6626,6644,222,No
6627,6644,445,Yes
6628,6645,222,Yes
6629,6645,140,No
6630,6647,119,No
6631,6647,132,No
6632,6650,171,No
6633,6651,317,No
6634,6652,252,No
6635,6653,66,No
6636,6653,463,Yes
6637,6655,316,No
6638,6655,136,Yes
6639,6656,54,No
6640,6657,189,No
6641,6657,87,Yes
6642,6658,375,Yes
6643,6658,154,No
6644,6659,391,No
6645,6659,406,No
6646,6660,497,No
6647,6663,238,Yes
6648,6663,301,Yes
6649,6664,341,No
6650,6664,164,Yes
6651,6665,403,No
6652,6666,153,Yes
6653,6670,275,Yes
6654,6670,183,No
6655,6671,389,Yes
6656,6671,177,No
6657,6672,131,No
6658,6673,202,No
6659,6674,380,No
6660,6674,362,Yes
6661,6676,293,Yes
6662,6677,338,No
6663,6677,421,Yes
6664,6680,455,No
6665,6681,90,No
6666,6681,82,Yes
6667,6682,112,No
6668,6682,418,No
6669,6684,65,Yes
6670,6684,120,Yes
6671,6686,43,Yes
6672,6687,97,No
6673,6688,437,No
6674,6689,349,No
6675,6689,136,Yes
6676,6690,77,No
6677,6690,3,No
6678,6693,480,Yes
6679,6694,407,Yes
6680,6698,167,No
6681,6698,363,No
6682,6699,282,No
6683,6699,484,Yes
6684,6701,483,No
6685,6701,366,Yes
6686,6702,194,Yes
6687,6703,313,Yes
6688,6704,303,No
6689,6704,102,No
6690,6706,123,No
6691,6707,326,No
6692,6708,19,Yes
6693,6708,278,Yes
6694,6709,486,Yes
6695,6709,429,No
6696,6710,65,Yes
6697,6710,80,No
6698,6713,289,Yes
6699,6714,179,No
6700,6716,270,Yes
6701,6716,155,No
6702,6719,205,No
6703,6720,89,No
6704,6720,2,No
6705,6721,53,No
6706,6722,176,Yes
6707,6722,317,Yes
6708,6723,44,No
6709,6724,229,No
6710,6725,30,Yes
6711,6728,2,No
6712,6728,435,No
6713,6729,140,Yes
6714,6729,95,Yes
6715,6730,198,Yes
6716,6730,300,Yes
6717,6731,333,No
6718,6732,74,Yes
6719,6732,74,Yes
6720,6733,43,Yes
6721,6733,47,No
6722,6734,106,No
6723,6737,18,Yes
6724,6737,235,No
6725,6738,46,No
6726,6739,141,No
6727,6739,284,Yes
6728,6741,235,No
6729,6743,409,Yes
6730,6744,131,No
6731,6744,402,Yes
6732,6746,347,No
6733,6747,291,No
6734,6747,451,Yes
6735,6749,232,No
6736,6750,11,No
6737,6750,210,Yes
6738,6751,274,No
6739,6751,470,No
6740,6752,378,No
6741,6752,210,No
6742,6753,179,No
6743,6755,424,No
6744,6755,480,No
6745,6756,419,No
6746,6760,446,No
6747,6763,340,No
6748,6763,259,Yes
6749,6764,322,Yes
6750,6766,216,Yes
6751,6766,124,Yes
6752,6767,86,Yes
6753,6767,78,No
6754,6768,448,No
6755,6768,141,No
6756,6769,95,No
6757,6769,261,Yes
6758,6771,294,Yes
6759,6772,141,Yes
6760,6772,126,Yes
6761,6773,90,No
6762,6773,474,No
6763,6774,403,No
6764,6775,24,Yes
6765,6777,18,No
6766,6777,124,Yes
6767,6778,118,No
6768,6779,219,No
6769,6781,38,Yes
6770,6782,235,No
6771,6782,168,No
6772,6783,253,No
6773,6784,424,No
6774,6784,241,Yes
6775,6785,153,No
6776,6785,209,Yes
6777,6786,321,Yes
6778,6786,466,No
6779,6787,71,Yes
6780,6788,265,No
6781,6791,479,Yes
6782,6792,172,Yes
6783,6792,35,Yes
6784,6795,490,Yes
6785,6795,172,No
6786,6796,272,No
6787,6797,15,No
6788,6800,371,No
6789,6800,374,Yes
6790,6802,57,No
6791,6802,285,Yes
6792,6803,488,No
6793,6804,127,No
6794,6804,324,Yes
6795,6805,264,Yes
6796,6805,473,No
6797,6806,184,No
6798,6806,242,No
6799,6807,257,No
6800,6808,347,No
6801,6809,104,No
6802,6809,270,No
6803,6810,300,Yes
6804,6812,110,Yes
6805,6815,89,No
6806,6816,176,Yes
6807,6817,447,No
6808,6819,390,Yes
6809,6822,282,Yes
6810,6822,130,Yes
6811,6823,360,No
6812,6823,398,No
6813,6824,309,Yes
6814,6824,182,No
6815,6825,162,Yes
6816,6826,463,Yes
6817,6829,375,No
6818,6829,382,Yes
6819,6831,18,Yes
6820,6831,468,No
6821,6832,347,No
6822,6834,424,Yes
6823,6835,263,No
6824,6836,110,No
6825,6839,60,Yes
6826,6840,126,No
6827,6840,243,Yes
6828,6843,253,Yes
6829,6843,297,No
6830,6844,420,Yes
6831,6844,111,Yes
6832,6845,104,Yes
6833,6846,176,No
6834,6846,370,Yes
6835,6847,83,Yes
6836,6847,271,No
6837,6849,304,No
6838,6850,142,Yes
6839,6851,244,Yes
6840,6853,177,Yes
6841,6855,294,No
6842,6856,302,Yes
6843,6856,162,No
6844,6857,73,No
6845,6857,172,Yes
6846,6858,477,Yes
6847,6858,480,No
6848,6860,241,No
6849,6860,192,No
6850,6861,93,No
6851,6864,29,No
6852,6866,478,Yes
6853,6866,224,Yes
6854,6867,371,Yes
6855,6868,383,Yes
6856,6869,249,Yes
6857,6872,330,No
6858,6876,50,Yes
6859,6877,150,Yes
6860,6878,47,Yes
6861,6879,201,No
6862,6880,337,Yes
6863,6880,279,Yes
6864,6881,73,No
6865,6881,13,Yes
6866,6882,239,Yes
6867,6883,438,No
6868,6883,10,Yes
6869,6886,403,No
6870,6886,302,No
6871,6887,465,Yes
6872,6887,488,No
6873,6888,238,Yes
6874,6888,415,No
6875,6889,6,Yes
6876,6889,31,Yes
6877,6890,208,Yes
6878,6893,376,No
6879,6893,68,No
6880,6895,214,Yes
6881,6895,419,Yes
6882,6896,98,No
6883,6897,375,Yes
6884,6900,110,Yes
6885,6900,486,Yes
6886,6901,488,No
6887,6902,269,No
6888,6902,254,Yes
6889,6903,128,Yes
6890,6903,437,Yes
6891,6907,197,Yes
6892,6908,471,Yes
6893,6908,170,Yes
6894,6909,327,No
6895,6909,136,Yes
6896,6910,383,Yes
6897,6910,279,Yes
6898,6911,468,No
6899,6911,68,No
6900,6913,187,No
6901,6915,53,Yes
6902,6916,116,No
6903,6917,62,Yes
6904,6917,9,Yes
6905,6921,328,Yes
6906,6921,382,No
6907,6922,248,No
6908,6922,266,Yes
6909,6923,261,Yes
6910,6924,64,Yes
6911,6924,382,Yes
6912,6928,57,No
6913,6929,120,Yes
6914,6930,181,Yes
6915,6930,350,No
6916,6931,451,Yes
6917,6931,35,No
6918,6932,184,Yes
6919,6933,150,Yes
6920,6934,373,Yes
6921,6935,281,Yes
6922,6936,365,Yes
6923,6936,498,No
6924,6937,347,Yes
6925,6937,388,Yes
6926,6939,201,Yes
6927,6940,372,No
6928,6942,279,Yes
6929,6942,171,Yes
6930,6946,52,No
6931,6947,421,Yes
6932,6947,329,Yes
6933,6948,287,Yes
6934,6949,212,Yes
6935,6950,336,No
6936,6950,47,No
6937,6951,340,Yes
6938,6951,184,No
6939,6952,303,Yes
6940,6953,26,No
6941,6953,26,No
6942,6955,309,Yes
6943,6955,245,No
6944,6956,15,No
6945,6957,42,Yes
6946,6958,259,Yes
6947,6959,436,No
6948,6959,329,No
6949,6960,40,Yes
6950,6962,447,Yes
6951,6963,116,Yes
6952,6963,161,Yes
6953,6964,199,Yes
6954,6964,432,No
6955,6965,98,Yes
6956,6965,101,No
6957,6966,482,No
6958,6966,267,No
6959,6968,313,No
6960,6968,209,No
6961,6969,459,No
6962,6970,252,No
6963,6970,67,Yes
6964,6971,479,Yes
6965,6972,141,Yes
6966,6972,460,No
6967,6974,369,No
6968,6974,5,No
6969,6975,124,Yes
6970,6977,171,Yes
6971,6977,497,Yes
6972,6978,465,No
6973,6978,277,No
6974,6980,449,No
6975,6984,284,Yes
6976,6986,199,Yes
6977,6987,301,No
6978,6988,274,Yes
6979,6988,63,No
6980,6990,139,No
6981,6990,387,No
6982,6991,450,Yes
6983,6991,185,Yes
6984,6992,124,No
6985,6992,172,Yes
6986,6994,205,No
6987,6994,211,Yes
6988,6995,107,No
6989,6995,33,Yes
6990,6997,177,No
6991,6998,469,No
6992,6998,485,No
6993,6999,225,Yes
6994,7000,208,Yes
6995,7001,195,No
6996,7001,495,Yes
6997,7002,445,No
6998,7003,380,No
6999,7004,66,Yes
7000,7004,386,No
7001,7005,3,No
7002,7007,418,Yes
7003,7008,59,Yes
7004,7008,196,Yes
7005,7009,443,Yes
7006,7009,176,No
7007,7010,138,Yes
7008,7011,499,Yes
7009,7012,17,Yes
7010,7013,440,No
7011,7013,25,Yes
7012,7014,236,No
7013,7014,441,No
7014,7015,445,No
7015,7015,172,No
7016,7016,349,Yes
7017,7017,265,No
7018,7018,131,Yes
7019,7018,210,Yes
7020,7019,439,No
7021,7019,218,No
7022,7021,14,No
7023,7024,117,No
7024,7024,91,No
7025,7025,236,No
7026,7026,28,No
7027,7026,245,No
7028,7027,457,No
7029,7027,228,No
7030,7028,71,No
7031,7029,416,Yes
7032,7030,81,No
7033,7031,487,Yes
7034,7031,174,No
7035,7032,253,No
7036,7032,29,No
7037,7034,169,No
7038,7034,454,Yes
7039,7035,106,No
7040,7035,219,Yes
7041,7036,55,No
7042,7041,338,Yes
7043,7041,160,No
7044,7042,162,No
7045,7042,95,Yes
7046,7043,197,No
7047,7044,320,Yes
7048,7044,373,No
7049,7045,352,No
7050,7045,474,No
7051,7046,415,No
7052,7046,241,Yes
7053,7047,500,No
7054,7048,312,Yes
7055,7049,137,Yes
7056,7050,109,Yes
7057,7050,173,No
7058,7051,40,No
7059,7053,68,Yes
7060,7053,156,No
7061,7055,419,No
7062,7055,312,Yes
7063,7056,20,No
7064,7057,305,No
7065,7057,405,No
7066,7059,246,Yes
7067,7059,472,Yes
7068,7060,190,Yes
7069,7061,258,Yes
7070,7061,479,Yes
7071,7062,98,No
7072,7062,353,No
7073,7063,204,No
7074,7064,237,No
7075,7068,156,Yes
7076,7069,288,Yes
7077,7070,140,No
7078,7072,130,Yes
7079,7072,259,No
7080,7073,423,No
7081,7073,82,Yes
7082,7074,224,No
7083,7075,394,No
7084,7075,380,No
7085,7077,150,Yes
7086,7077,6,No
7087,7078,47,No
7088,7078,320,Yes
7089,7079,288,Yes
7090,7079,380,No
7091,7080,390,No
7092,7081,339,No
7093,7082,442,No
7094,7082,419,Yes
7095,7083,217,No
7096,7083,94,No
7097,7084,470,No
7098,7086,320,No
7099,7087,58,Yes
7100,7088,174,No
7101,7088,3,Yes
7102,7090,216,Yes
7103,7090,337,Yes
7104,7091,241,Yes
7105,7092,371,No
7106,7094,163,Yes
7107,7094,395,No
7108,7095,464,No
7109,7096,337,Yes
7110,7096,460,No
7111,7098,481,Yes
7112,7098,337,No
7113,7099,326,No
7114,7102,369,No
7115,7105,187,No
7116,7105,176,No
7117,7107,211,Yes
7118,7108,79,Yes
7119,7108,451,Yes
7120,7109,187,No
7121,7109,463,No
7122,7110,121,No
7123,7111,264,No
7124,7111,209,Yes
7125,7112,391,No
7126,7114,3,No
7127,7114,384,No
7128,7115,497,Yes
7129,7116,109,Yes
7130,7117,59,No
7131,7117,276,Yes
7132,7118,419,Yes
7133,7119,215,No
7134,7119,217,No
7135,7120,145,No
7136,7121,12,No
7137,7122,488,Yes
7138,7123,181,No
7139,7123,126,No
7140,7124,105,No
7141,7124,83,Yes
7142,7125,210,Yes
7143,7130,125,Yes
7144,7130,150,No
7145,7133,298,No
7146,7134,134,No
7147,7135,285,No
7148,7136,265,Yes
7149,7139,111,No
7150,7139,265,Yes
7151,7140,464,Yes
7152,7141,167,Yes
7153,7142,477,Yes
7154,7142,289,Yes
7155,7144,357,Yes
7156,7145,106,Yes
7157,7148,39,No
7158,7149,150,No
7159,7149,337,No
7160,7150,288,No
7161,7153,366,Yes
7162,7156,499,No
7163,7157,152,No
7164,7157,29,No
7165,7158,468,No
7166,7158,236,No
7167,7159,406,No
7168,7160,102,No
7169,7160,109,Yes
7170,7162,418,Yes
7171,7164,231,No
7172,7166,333,No
7173,7166,160,No
7174,7167,278,Yes
7175,7167,389,Yes
7176,7168,106,No
7177,7170,371,Yes
7178,7172,315,Yes
7179,7172,116,No
7180,7174,314,Yes
7181,7174,265,No
7182,7176,23,Yes
7183,7176,430,No
7184,7177,92,Yes
7185,7178,358,Yes
7186,7178,65,No
7187,7179,158,No
7188,7180,89,Yes
7189,7181,77,No
7190,7184,301,Yes
7191,7186,15,No
7192,7186,445,No
7193,7187,258,No
7194,7187,235,Yes
7195,7188,460,Yes
7196,7190,221,No
7197,7190,393,No
7198,7193,152,Yes
7199,7194,308,Yes
7200,7195,462,Yes
7201,7195,189,No
7202,7196,414,No
7203,7196,54,No
7204,7197,62,Yes
7205,7198,35,Yes
7206,7199,220,No
7207,7199,125,Yes
7208,7200,277,No
7209,7201,412,No
7210,7202,38,Yes
7211,7204,220,No
7212,7204,424,No
7213,7205,34,Yes
7214,7205,183,No
7215,7206,238,Yes
7216,7206,430,Yes
7217,7207,172,Yes
7218,7208,137,Yes
7219,7209,263,Yes
7220,7209,2,No
7221,7210,434,Yes
7222,7213,208,No
7223,7213,58,Yes
7224,7214,109,No
7225,7215,260,Yes
7226,7216,149,No
7227,7218,63,Yes
7228,7218,43,Yes
7229,7220,450,No
7230,7220,204,No
7231,7223,9,No
7232,7225,492,Yes
7233,7225,184,Yes
7234,7226,3,No
7235,7226,44,No
7236,7228,310,Yes
7237,7230,285,Yes
7238,7231,461,Yes
7239,7233,289,No
7240,7233,326,No
7241,7234,288,No
7242,7234,304,Yes
7243,7235,316,No
7244,7235,365,No
7245,7236,335,Yes
7246,7236,290,Yes
7247,7238,156,Yes
7248,7238,421,Yes
7249,7239,320,Yes
7250,7240,461,Yes
7251,7240,452,No
7252,7242,77,Yes
7253,7243,487,No
7254,7244,373,No
7255,7244,383,Yes
7256,7247,449,Yes
7257,7250,275,Yes
7258,7250,197,No
7259,7252,375,No
7260,7254,117,No
7261,7254,337,No
7262,7255,240,Yes
7263,7256,239,Yes
7264,7257,13,Yes
7265,7258,355,Yes
7266,7258,152,No
7267,7259,36,Yes
7268,7259,147,No
7269,7261,204,No
7270,7262,132,No
7271,7262,180,Yes
7272,7263,32,Yes
7273,7264,81,No
7274,7265,85,Yes
7275,7266,258,Yes
7276,7266,419,Yes
7277,7267,286,No
7278,7269,277,Yes
7279,7269,182,No
7280,7272,45,No
7281,7272,422,Yes
7282,7273,58,Yes
7283,7273,380,No
7284,7276,361,Yes
7285,7277,271,No
7286,7278,269,No
7287,7279,289,Yes
7288,7281,423,No
7289,7281,155,No
7290,7282,2,No
7291,7282,91,No
7292,7283,205,Yes
7293,7283,450,No
7294,7284,361,No
7295,7285,89,Yes
7296,7286,34,No
7297,7286,19,No
7298,7287,29,No
7299,7287,473,No
7300,7292,335,Yes
7301,7293,231,No
7302,7294,23,No
7303,7296,39,Yes
7304,7296,153,No
7305,7297,457,No
7306,7297,159,Yes
7307,7298,50,Yes
7308,7298,39,No
7309,7299,490,Yes
7310,7301,98,Yes
7311,7301,419,Yes
7312,7302,340,No
7313,7302,494,No
7314,7303,140,No
7315,7304,283,No
7316,7304,15,No
7317,7306,470,Yes
7318,7306,332,No
7319,7310,187,No
7320,7311,132,Yes
7321,7312,333,Yes
7322,7313,245,No
7323,7313,219,Yes
7324,7314,175,Yes
7325,7315,39,Yes
7326,7316,13,No
7327,7316,421,No
7328,7318,165,Yes
7329,7319,166,Yes
7330,7320,441,Yes
7331,7320,390,Yes
7332,7322,371,Yes
7333,7322,284,No
7334,7324,42,Yes
7335,7325,340,No
7336,7325,23,No
7337,7327,327,No
7338,7327,109,No
7339,7329,344,No
7340,7330,421,No
7341,7330,108,No
7342,7331,399,Yes
7343,7332,203,Yes
7344,7332,211,Yes
7345,7334,268,No
7346,7334,349,Yes
7347,7335,430,Yes
7348,7335,300,No
7349,7336,182,No
7350,7336,469,No
7351,7339,8,No
7352,7339,424,No
7353,7340,207,Yes
7354,7340,76,No
7355,7341,323,No
7356,7342,203,Yes
7357,7343,1,No
7358,7343,50,No
7359,7344,407,No
7360,7344,147,Yes
7361,7345,185,Yes
7362,7345,359,No
7363,7347,201,No
7364,7348,70,Yes
7365,7348,356,Yes
7366,7350,392,No
7367,7353,93,Yes
7368,7353,79,No
7369,7355,86,No
7370,7356,349,Yes
7371,7357,368,No
7372,7357,106,Yes
7373,7360,373,No
7374,7361,475,Yes
7375,7362,4,No
7376,7362,246,No
7377,7364,331,Yes
7378,7364,33,No
7379,7366,332,No
7380,7366,58,Yes
7381,7367,44,No
7382,7368,76,No
7383,7369,289,No
7384,7370,357,Yes
7385,7373,72,No
7386,7373,105,No
7387,7374,308,Yes
7388,7374,387,Yes
7389,7375,467,Yes
7390,7378,85,Yes
7391,7379,275,No
7392,7380,165,Yes
7393,7380,128,No
7394,7381,453,Yes
7395,7381,100,Yes
7396,7382,366,Yes
7397,7382,5,Yes
7398,7383,473,No
7399,7384,351,No
7400,7387,146,Yes
7401,7388,462,No
7402,7388,454,Yes
7403,7390,34,No
7404,7390,449,Yes
7405,7392,332,Yes
7406,7393,174,No
7407,7395,133,Yes
7408,7395,77,Yes
7409,7396,99,Yes
7410,7396,247,Yes
7411,7398,228,Yes
7412,7398,116,Yes
7413,7399,22,Yes
7414,7399,220,Yes
7415,7401,108,Yes
7416,7401,226,Yes
7417,7404,295,No
7418,7405,99,Yes
7419,7405,484,No
7420,7407,135,No
7421,7408,380,No
7422,7408,146,No
7423,7409,424,Yes
7424,7409,320,No
7425,7410,23,No
7426,7410,367,No
7427,7411,342,No
7428,7411,265,No
7429,7412,106,Yes
7430,7412,116,No
7431,7414,357,No
7432,7415,234,No
7433,7415,334,Yes
7434,7416,386,No
7435,7416,499,No
7436,7417,483,No
7437,7417,267,Yes
7438,7418,216,Yes
7439,7418,253,Yes
7440,7419,80,No
7441,7420,457,Yes
7442,7420,243,Yes
7443,7422,295,Yes
7444,7422,67,No
7445,7423,238,No
7446,7426,401,Yes
7447,7427,432,No
7448,7427,402,No
7449,7428,3,No
7450,7429,146,Yes
7451,7430,115,Yes
7452,7431,430,Yes
7453,7432,342,Yes
7454,7435,283,Yes
7455,7436,464,Yes
7456,7436,338,Yes
7457,7437,59,No
7458,7437,373,Yes
7459,7438,466,Yes
7460,7442,285,Yes
7461,7442,85,Yes
7462,7443,237,Yes
7463,7444,0,Yes
7464,7445,200,Yes
7465,7447,19,Yes
7466,7447,383,Yes
7467,7448,428,Yes
7468,7448,369,Yes
7469,7449,328,Yes
7470,7449,468,Yes
7471,7452,359,Yes
7472,7454,243,No
7473,7455,334,No
7474,7456,382,Yes
7475,7456,166,No
7476,7457,483,No
7477,7460,222,No
7478,7461,156,No
7479,7461,189,Yes
7480,7463,82,No
7481,7463,0,No
7482,7464,380,No
7483,7464,208,Yes
7484,7465,379,Yes
7485,7465,160,No
7486,7466,431,No
7487,7466,221,No
7488,7467,87,No
7489,7468,128,No
7490,7469,439,No
7491,7469,192,No
7492,7471,288,No
7493,7471,483,No
7494,7472,245,Yes
7495,7472,7,No
7496,7474,55,Yes
7497,7474,160,Yes
7498,7477,199,No
7499,7477,109,No
7500,7479,109,No
7501,7479,346,No
7502,7480,395,No
7503,7481,416,Yes
7504,7481,156,Yes
7505,7482,489,No
7506,7482,79,No
7507,7484,387,Yes
7508,7485,84,No
7509,7485,135,No
7510,7486,201,No
7511,7486,487,Yes
7512,7488,27,No
7513,7490,121,Yes
7514,7491,164,No
7515,7491,344,No
7516,7492,337,Yes
7517,7494,3,Yes
7518,7494,450,Yes
7519,7495,171,No
7520,7497,9,No
7521,7497,360,Yes
7522,7498,36,Yes
7523,7499,479,Yes
7524,7501,4,Yes
7525,7502,419,Yes
7526,7503,17,No
7527,7504,366,No
7528,7504,296,No
7529,7505,475,No
7530,7508,429,Yes
7531,7509,279,No
7532,7510,474,Yes
7533,7511,173,No
7534,7511,455,No
7535,7512,364,No
7536,7512,321,Yes
7537,7513,238,Yes
7538,7517,138,Yes
7539,7517,219,No
7540,7518,384,Yes
7541,7518,18,Yes
7542,7520,146,No
7543,7520,325,No
7544,7521,207,No
7545,7521,270,No
7546,7522,107,No
7547,7522,248,No
7548,7525,477,No
7549,7525,216,No
7550,7527,225,Yes
7551,7527,47,Yes
7552,7529,87,No
7553,7529,447,Yes
7554,7530,112,Yes
7555,7530,484,Yes
7556,7531,329,No
7557,7531,341,Yes
7558,7533,441,Yes
7559,7534,228,Yes
7560,7534,330,No
7561,7536,185,No
7562,7536,468,No
7563,7537,396,Yes
7564,7541,264,Yes
7565,7542,308,Yes
7566,7542,448,No
7567,7543,394,Yes
7568,7544,163,Yes
7569,7546,197,Yes
7570,7547,62,Yes
7571,7547,250,Yes
7572,7549,135,Yes
7573,7549,211,Yes
7574,7550,306,Yes
7575,7551,389,Yes
7576,7551,498,No
7577,7552,320,Yes
7578,7553,364,No
7579,7554,184,Yes
7580,7554,401,Yes
7581,7555,400,No
7582,7559,344,No
7583,7559,344,No
7584,7560,265,No
7585,7560,171,Yes
7586,7561,189,No
7587,7563,359,Yes
7588,7564,373,Yes
7589,7565,269,Yes
7590,7565,392,No
7591,7566,85,Yes
7592,7566,476,No
7593,7567,399,No
7594,7568,172,No
7595,7569,170,Yes
7596,7570,498,Yes
7597,7570,211,No
7598,7571,293,Yes
7599,7571,87,Yes
7600,7572,364,Yes
7601,7572,163,Yes
7602,7573,461,Yes
7603,7574,110,No
7604,7576,115,Yes
7605,7576,28,No
7606,7577,461,Yes
7607,7578,444,No
7608,7580,396,Yes
7609,7580,327,No
7610,7581,476,No
7611,7581,406,Yes
7612,7582,269,Yes
7613,7583,12,Yes
7614,7586,330,Yes
7615,7587,229,No
7616,7587,139,No
7617,7588,60,Yes
7618,7589,305,No
7619,7589,385,Yes
7620,7590,1,No
7621,7590,80,No
7622,7591,438,No
7623,7591,176,Yes
7624,7592,448,No
7625,7592,319,No
7626,7594,377,Yes
7627,7595,403,Yes
7628,7595,111,Yes
7629,7596,107,No
7630,7598,150,Yes
7631,7599,116,Yes
7632,7600,84,Yes
7633,7601,477,Yes
7634,7601,110,No
7635,7602,172,No
7636,7602,270,Yes
7637,7605,27,No
7638,7605,497,No
7639,7607,136,Yes
7640,7608,341,No
7641,7608,97,No
7642,7609,349,No
7643,7610,29,No
7644,7611,464,Yes
7645,7611,417,No
7646,7613,36,Yes
7647,7613,89,No
7648,7616,368,Yes
7649,7617,327,Yes
7650,7617,388,Yes
7651,7618,332,No
7652,7619,284,No
7653,7619,3,Yes
7654,7620,101,No
7655,7620,368,Yes
7656,7621,313,Yes
7657,7621,12,No
7658,7623,418,Yes
7659,7624,64,No
7660,7624,461,No
7661,7625,467,Yes
7662,7625,280,No
7663,7627,201,No
7664,7627,499,Yes
7665,7628,465,Yes
7666,7628,213,Yes
7667,7629,355,No
7668,7630,13,No
7669,7630,30,No
7670,7632,299,No
7671,7633,29,No
7672,7633,283,Yes
7673,7634,147,No
7674,7635,326,No
7675,7636,62,Yes
7676,7636,56,No
7677,7637,315,Yes
7678,7638,422,No
7679,7638,499,No
7680,7641,457,No
7681,7642,17,No
7682,7643,312,Yes
7683,7643,117,Yes
7684,7645,388,No
7685,7645,199,No
7686,7646,59,No
7687,7646,331,Yes
7688,7647,377,Yes
7689,7648,481,Yes
7690,7649,358,Yes
7691,7651,138,No
7692,7651,95,Yes
7693,7652,421,Yes
7694,7652,190,No
7695,7655,305,Yes
7696,7656,433,No
7697,7656,358,Yes
7698,7660,118,No
7699,7662,371,Yes
7700,7663,369,No
7701,7664,29,No
7702,7667,114,No
7703,7668,483,Yes
7704,7670,430,Yes
7705,7671,173,No
7706,7672,489,No
7707,7672,444,Yes
7708,7673,329,Yes
7709,7674,295,No
7710,7675,468,No
7711,7675,383,Yes
7712,7677,188,Yes
7713,7677,129,No
7714,7678,392,No
7715,7679,95,Yes
7716,7679,126,Yes
7717,7680,203,Yes
7718,7681,195,Yes
7719,7683,128,No
7720,7684,407,Yes
7721,7684,231,Yes
7722,7685,244,Yes
7723,7686,304,Yes
7724,7686,216,Yes
7725,7687,242,No
7726,7688,451,Yes
7727,7688,362,Yes
7728,7689,72,No
7729,7690,319,Yes
7730,7691,171,No
7731,7691,126,No
7732,7693,435,No
7733,7693,91,No
7734,7694,107,Yes
7735,7695,436,No
7736,7696,322,No
7737,7696,187,No
7738,7697,127,No
7739,7697,268,Yes
7740,7698,498,Yes
7741,7698,406,No
7742,7699,316,No
7743,7700,324,Yes
7744,7701,147,Yes
7745,7702,413,Yes
7746,7703,242,Yes
7747,7703,200,Yes
7748,7705,245,Yes
7749,7705,333,Yes
7750,7706,97,No
7751,7706,320,Yes
7752,7707,96,No
7753,7708,219,No
7754,7710,456,No
7755,7711,11,No
7756,7714,369,No
7757,7715,9,Yes
7758,7717,368,Yes
7759,7719,399,No
7760,7722,108,No
7761,7723,348,Yes
7762,7723,349,Yes
7763,7725,185,No
7764,7726,300,No
7765,7727,496,No
7766,7728,322,Yes
7767,7730,67,Yes
7768,7730,440,No
7769,7732,48,Yes
7770,7732,420,No
7771,7733,62,No
7772,7733,293,No
7773,7734,206,Yes
7774,7734,440,No
7775,7735,140,Yes
7776,7735,466,No
7777,7736,150,Yes
7778,7736,196,Yes
7779,7737,400,Yes
7780,7739,184,Yes
7781,7739,15,Yes
7782,7740,350,Yes
7783,7741,467,Yes
7784,7741,106,No
7785,7742,278,Yes
7786,7742,49,No
7787,7744,444,No
7788,7746,442,No
7789,7746,417,No
7790,7747,96,No
7791,7748,447,Yes
7792,7748,68,No
7793,7749,407,No
7794,7749,21,Yes
7795,7750,204,No
7796,7750,319,No
7797,7754,227,Yes
7798,7757,334,No
7799,7759,401,No
7800,7761,303,No
7801,7761,114,No
7802,7762,491,Yes
7803,7763,157,No
7804,7764,19,Yes
7805,7764,187,No
7806,7765,255,Yes
7807,7765,23,Yes
7808,7766,243,Yes
7809,7766,173,No
7810,7767,59,No
7811,7768,413,No
7812,7770,36,No
7813,7772,43,Yes
7814,7773,467,Yes
7815,7774,91,Yes
7816,7776,297,No
7817,7776,81,Yes
7818,7779,464,No
7819,7780,127,No
7820,7781,335,No
7821,7781,298,Yes
7822,7782,345,No
7823,7782,144,Yes
7824,7785,146,Yes
7825,7788,378,No
7826,7788,321,Yes
7827,7789,457,Yes
7828,7790,114,Yes
7829,7792,261,Yes
7830,7792,292,No
7831,7793,201,Yes
7832,7794,38,No
7833,7796,480,Yes
7834,7796,189,Yes
7835,7797,312,No
7836,7798,204,No
7837,7798,361,No
7838,7799,373,Yes
7839,7799,263,No
7840,7800,293,No
7841,7801,428,No
7842,7801,200,No
7843,7802,433,Yes
7844,7802,154,No
7845,7803,74,No
7846,7804,216,No
7847,7805,461,No
7848,7805,302,Yes
7849,7806,139,No
7850,7807,412,No
7851,7811,54,No
7852,7811,357,No
7853,7813,316,No
7854,7815,209,Yes
7855,7815,163,No
7856,7816,182,Yes
7857,7816,204,No
7858,7817,177,No
7859,7820,226,Yes
7860,7822,335,No
7861,7822,28,No
7862,7823,157,Yes
7863,7824,395,Yes
7864,7825,53,No
7865,7825,289,Yes
7866,7826,191,Yes
7867,7826,58,No
7868,7827,94,Yes
7869,7827,293,No
7870,7828,153,No
7871,7828,173,No
7872,7829,137,Yes
7873,7829,391,Yes
7874,7830,247,No
7875,7830,184,No
7876,7831,50,No
7877,7831,345,No
7878,7832,325,No
7879,7832,3,No
7880,7833,433,No
7881,7834,414,Yes
7882,7834,490,No
7883,7835,119,Yes
7884,7835,1,No
7885,7836,106,Yes
7886,7836,6,Yes
7887,7837,62,Yes
7888,7837,264,Yes
7889,7838,269,No
7890,7838,271,No
7891,7839,136,No
7892,7840,31,No
7893,7840,322,No
7894,7842,300,No
7895,7842,182,Yes
7896,7843,329,Yes
7897,7844,149,No
7898,7844,56,Yes
7899,7845,210,Yes
7900,7846,262,Yes
7901,7847,436,Yes
7902,7849,112,Yes
7903,7849,8,Yes
7904,7851,29,No
7905,7856,67,No
7906,7857,418,Yes
7907,7858,228,No
7908,7859,107,No
7909,7859,342,No
7910,7860,437,Yes
7911,7861,117,Yes
7912,7863,2,Yes
7913,7863,106,No
7914,7865,168,No
7915,7865,256,Yes
7916,7866,384,Yes
7917,7867,150,Yes
7918,7867,347,No
7919,7868,75,Yes
7920,7869,196,No
7921,7869,483,Yes
7922,7870,97,No
7923,7872,75,No
7924,7872,357,No
7925,7874,62,Yes
7926,7874,128,Yes
7927,7875,171,No
7928,7875,210,No
7929,7876,70,Yes
7930,7876,480,No
7931,7878,388,No
7932,7878,113,No
7933,7879,256,Yes
7934,7880,366,No
7935,7880,76,Yes
7936,7882,85,No
7937,7882,105,Yes
7938,7883,348,No
7939,7883,218,No
7940,7884,67,Yes
7941,7884,298,Yes
7942,7886,357,No
7943,7888,154,No
7944,7888,201,Yes
7945,7889,366,Yes
7946,7889,398,Yes
7947,7890,347,Yes
7948,7893,124,No
7949,7894,217,No
7950,7895,149,Yes
7951,7896,448,No
7952,7896,6,No
7953,7897,42,No
7954,7899,429,Yes
7955,7902,82,Yes
7956,7903,2,Yes
7957,7905,66,Yes
7958,7907,448,No
7959,7909,99,Yes
7960,7910,292,No
7961,7910,140,Yes
7962,7911,285,No
7963,7914,43,Yes
7964,7914,360,No
7965,7915,66,No
7966,7915,442,Yes
7967,7916,321,No
7968,7916,387,Yes
7969,7917,75,No
7970,7919,122,No
7971,7920,172,No
7972,7922,418,Yes
7973,7924,116,Yes
7974,7924,222,No
7975,7927,285,Yes
7976,7928,463,No
7977,7931,105,No
7978,7932,55,No
7979,7934,15,Yes
7980,7934,114,No
7981,7935,354,Yes
7982,7936,497,Yes
7983,7936,494,Yes
7984,7937,368,No
7985,7937,372,No
7986,7940,187,Yes
7987,7941,125,Yes
7988,7941,198,Yes
7989,7945,59,Yes
7990,7945,322,Yes
7991,7946,122,Yes
7992,7946,286,Yes
7993,7948,5,Yes
7994,7948,109,No
7995,7949,43,Yes
7996,7949,249,No
7997,7950,487,Yes
7998,7950,238,No
7999,7951,323,Yes
8000,7951,299,No
8001,7952,156,Yes
8002,7952,416,No
8003,7955,35,No
8004,7955,160,Yes
8005,7956,69,Yes
8006,7957,321,No
8007,7957,286,Yes
8008,7958,436,Yes
8009,7960,473,Yes
8010,7962,101,No
8011,7963,290,No
8012,7963,210,No
8013,7966,51,Yes
8014,7966,328,Yes
8015,7967,5,No
8016,7969,292,Yes
8017,7969,199,Yes
8018,7970,241,Yes
8019,7971,411,Yes
8020,7971,313,No
8021,7972,302,No
8022,7972,203,No
8023,7974,126,No
8024,7976,91,Yes
8025,7977,252,Yes
8026,7979,21,No
8027,7979,340,No
8028,7982,402,No
8029,7982,236,Yes
8030,7985,53,Yes
8031,7985,186,No
8032,7986,37,Yes
8033,7986,73,No
8034,7987,466,Yes
8035,7987,111,Yes
8036,7988,47,Yes
8037,7989,192,Yes
8038,7991,480,No
8039,7992,376,Yes
8040,7993,334,No
8041,7994,145,Yes
8042,7994,374,Yes
8043,7996,416,Yes
8044,7997,314,Yes
8045,8000,145,Yes
8046,8000,123,Yes
8047,8001,413,Yes
8048,8001,358,Yes
8049,8002,125,Yes
8050,8003,269,Yes
8051,8008,185,Yes
8052,8009,312,No
8053,8010,350,Yes
8054,8010,67,Yes
8055,8013,133,No
8056,8013,297,No
8057,8014,72,Yes
8058,8014,210,No
8059,8015,337,Yes
8060,8017,98,Yes
8061,8017,41,Yes
8062,8019,333,No
8063,8019,396,No
8064,8023,12,No
8065,8023,42,Yes
8066,8026,179,Yes
8067,8026,37,Yes
8068,8027,26,Yes
8069,8027,183,No
8070,8030,204,Yes
8071,8031,276,Yes
8072,8032,410,No
8073,8033,196,No
8074,8036,481,No
8075,8036,248,No
8076,8037,126,Yes
8077,8037,108,Yes
8078,8038,105,No
8079,8038,294,Yes
8080,8039,379,Yes
8081,8039,344,No
8082,8040,145,Yes
8083,8041,104,Yes
8084,8042,228,Yes
8085,8042,325,No
8086,8043,110,No
8087,8044,210,Yes
8088,8044,179,Yes
8089,8045,276,Yes
8090,8045,293,Yes
8091,8046,447,No
8092,8046,162,Yes
8093,8047,411,Yes
8094,8047,194,Yes
8095,8048,282,Yes
8096,8049,8,Yes
8097,8051,433,No
8098,8051,180,Yes
8099,8052,337,Yes
8100,8052,143,No
8101,8053,39,No
8102,8056,337,Yes
8103,8057,486,Yes
8104,8058,420,Yes
8105,8059,44,No
8106,8060,127,Yes
8107,8061,312,No
8108,8062,336,No
8109,8063,202,Yes
8110,8064,2,Yes
8111,8064,154,Yes
8112,8065,7,Yes
8113,8065,385,Yes
8114,8067,229,No
8115,8067,430,No
8116,8068,437,No
8117,8068,296,No
8118,8069,401,Yes
8119,8071,297,Yes
8120,8071,484,Yes
8121,8072,420,Yes
8122,8074,328,Yes
8123,8075,436,No
8124,8075,427,No
8125,8077,9,Yes
8126,8078,320,No
8127,8078,387,No
8128,8079,201,No
8129,8080,405,No
8130,8080,493,No
8131,8083,483,No
8132,8083,279,Yes
8133,8085,358,Yes
8134,8086,62,No
8135,8086,18,Yes
8136,8087,186,Yes
8137,8089,353,Yes
8138,8089,196,Yes
8139,8091,365,Yes
8140,8092,141,Yes
8141,8093,102,Yes
8142,8093,239,Yes
8143,8094,483,Yes
8144,8094,460,Yes
8145,8095,71,No
8146,8095,355,No
8147,8096,453,No
8148,8097,78,No
8149,8098,355,No
8150,8098,494,Yes
8151,8099,158,No
8152,8100,68,Yes
8153,8100,297,No
8154,8101,259,No
8155,8107,174,Yes
8156,8107,211,No
8157,8108,81,No
8158,8108,119,Yes
8159,8109,100,No
8160,8110,319,No
8161,8110,275,No
8162,8111,82,Yes
8163,8111,0,Yes
8164,8112,112,No
8165,8112,360,Yes
8166,8113,483,Yes
8167,8115,261,No
8168,8115,459,Yes
8169,8116,167,No
8170,8118,145,Yes
8171,8118,297,No
8172,8120,380,No
8173,8121,294,No
8174,8122,134,No
8175,8122,139,Yes
8176,8125,373,Yes
8177,8125,276,No
8178,8126,322,Yes
8179,8126,482,Yes
8180,8127,245,No
8181,8128,455,No
8182,8130,224,Yes
8183,8130,307,No
8184,8131,36,Yes
8185,8131,10,No
8186,8133,2,No
8187,8134,22,No
8188,8134,134,No
8189,8135,26,Yes
8190,8137,437,No
8191,8137,466,Yes
8192,8138,437,Yes
8193,8140,92,No
8194,8142,94,No
8195,8142,322,No
8196,8143,392,No
8197,8143,108,No
8198,8146,325,Yes
8199,8149,103,Yes
8200,8149,73,No
8201,8150,312,No
8202,8151,433,Yes
8203,8151,442,No
8204,8153,402,Yes
8205,8154,390,Yes
8206,8155,108,Yes
8207,8155,63,Yes
8208,8156,127,No
8209,8156,191,No
8210,8157,162,No
8211,8161,141,No
8212,8161,119,No
8213,8162,138,No
8214,8162,317,No
8215,8164,144,No
8216,8165,219,Yes
8217,8166,469,Yes
8218,8166,419,Yes
8219,8167,258,No
8220,8167,113,Yes
8221,8168,70,No
8222,8168,108,Yes
8223,8170,96,Yes
8224,8171,60,No
8225,8172,130,Yes
8226,8173,418,Yes
8227,8173,213,No
8228,8176,260,Yes
8229,8177,29,Yes
8230,8177,385,Yes
8231,8178,289,No
8232,8179,177,No
8233,8179,469,Yes
8234,8180,443,Yes
8235,8180,310,No
8236,8181,311,No
8237,8181,144,No
8238,8182,0,No
8239,8182,19,Yes
8240,8183,234,No
8241,8184,359,Yes
8242,8184,137,No
8243,8185,254,No
8244,8186,217,No
8245,8186,23,Yes
8246,8187,141,Yes
8247,8187,47,Yes
8248,8189,362,No
8249,8189,382,No
8250,8190,438,No
8251,8192,227,No
8252,8195,441,Yes
8253,8195,279,Yes
8254,8196,113,No
8255,8197,412,Yes
8256,8197,399,No
8257,8198,20,No
8258,8198,111,No
8259,8199,110,No
8260,8200,295,No
8261,8200,479,Yes
8262,8201,463,Yes
8263,8203,365,Yes
8264,8204,456,No
8265,8205,220,No
8266,8206,246,No
8267,8206,186,Yes
8268,8207,13,No
8269,8207,244,No
8270,8208,51,Yes
8271,8208,273,Yes
8272,8210,488,Yes
8273,8210,283,Yes
8274,8212,339,No
8275,8213,453,No
8276,8213,420,Yes
8277,8214,179,No
8278,8215,93,No
8279,8215,333,No
8280,8216,430,No
8281,8216,389,No
8282,8217,200,No
8283,8224,132,Yes
8284,8224,316,Yes
8285,8225,13,No
8286,8227,265,Yes
8287,8227,145,Yes
8288,8228,336,No
8289,8228,82,Yes
8290,8229,168,No
8291,8230,369,Yes
8292,8231,188,No
8293,8231,251,Yes
8294,8232,147,Yes
8295,8233,44,No
8296,8233,62,Yes
8297,8234,283,Yes
8298,8234,75,No
8299,8237,348,No
8300,8237,255,Yes
8301,8239,396,Yes
8302,8239,422,Yes
8303,8240,267,Yes
8304,8241,69,No
8305,8243,429,Yes
8306,8243,482,Yes
8307,8244,163,Yes
8308,8245,9,No
8309,8245,294,No
8310,8246,22,Yes
8311,8246,222,Yes
8312,8247,451,Yes
8313,8247,241,Yes
8314,8251,167,Yes
8315,8253,119,No
8316,8253,82,Yes
8317,8254,143,No
8318,8255,468,Yes
8319,8255,77,Yes
8320,8256,409,No
8321,8256,449,Yes
8322,8257,352,No
8323,8257,415,Yes
8324,8259,194,Yes
8325,8261,9,No
8326,8263,5,No
8327,8263,122,Yes
8328,8264,10,No
8329,8264,390,Yes
8330,8265,119,No
8331,8267,80,No
8332,8267,387,Yes
8333,8269,186,Yes
8334,8271,84,No
8335,8273,3,No
8336,8274,440,Yes
8337,8275,416,Yes
8338,8277,331,Yes
8339,8278,147,No
8340,8278,182,Yes
8341,8281,157,Yes
8342,8281,20,No
8343,8282,180,Yes
8344,8282,324,No
8345,8283,286,No
8346,8286,296,Yes
8347,8286,214,No
8348,8287,308,No
8349,8287,200,Yes
8350,8289,37,Yes
8351,8289,376,Yes
8352,8290,440,No
8353,8290,485,Yes
8354,8291,226,No
8355,8291,498,Yes
8356,8294,265,No
8357,8294,86,No
8358,8295,474,Yes
8359,8295,148,Yes
8360,8296,7,No
8361,8297,23,No
8362,8298,70,Yes
8363,8298,496,No
8364,8299,140,No
8365,8299,21,No
8366,8300,97,Yes
8367,8300,232,No
8368,8301,10,Yes
8369,8302,262,Yes
8370,8304,217,No
8371,8304,218,No
8372,8305,334,Yes
8373,8306,326,No
8374,8307,288,Yes
8375,8308,343,No
8376,8312,264,No
8377,8313,301,Yes
8378,8314,155,Yes
8379,8315,227,Yes
8380,8316,420,No
8381,8316,212,No
8382,8318,163,Yes
8383,8318,308,No
8384,8320,25,No
8385,8320,389,No
8386,8321,160,No
8387,8324,372,No
8388,8326,98,No
8389,8326,459,No
8390,8327,186,No
8391,8327,220,No
8392,8328,327,No
8393,8329,309,Yes
8394,8329,395,No
8395,8330,128,Yes
8396,8331,213,No
8397,8331,91,No
8398,8332,14,No
8399,8334,98,Yes
8400,8336,468,Yes
8401,8336,221,No
8402,8338,384,No
8403,8338,55,No
8404,8344,333,Yes
8405,8345,436,No
8406,8346,284,No
8407,8347,132,Yes
8408,8348,163,No
8409,8349,234,Yes
8410,8352,257,Yes
8411,8352,176,Yes
8412,8353,434,Yes
8413,8353,381,No
8414,8354,145,Yes
8415,8354,196,Yes
8416,8356,497,Yes
8417,8356,72,No
8418,8359,241,No
8419,8359,255,Yes
8420,8362,304,No
8421,8362,63,No
8422,8363,118,Yes
8423,8363,400,Yes
8424,8365,430,No
8425,8365,231,No
8426,8366,195,Yes
8427,8367,198,Yes
8428,8367,396,No
8429,8368,7,No
8430,8371,282,No
8431,8372,166,No
8432,8374,280,Yes
8433,8374,154,Yes
8434,8375,296,Yes
8435,8376,187,Yes
8436,8377,140,Yes
8437,8377,211,Yes
8438,8378,219,No
8439,8379,141,Yes
8440,8381,471,Yes
8441,8381,175,No
8442,8382,194,Yes
8443,8382,484,Yes
8444,8383,371,Yes
8445,8386,131,No
8446,8386,198,No
8447,8388,284,Yes
8448,8388,38,No
8449,8389,479,Yes
8450,8390,334,No
8451,8393,380,Yes
8452,8396,487,No
8453,8396,31,Yes
8454,8398,377,Yes
8455,8400,393,Yes
8456,8401,225,No
8457,8402,41,No
8458,8406,169,No
8459,8407,174,Yes
8460,8407,17,Yes
8461,8408,225,No
8462,8410,261,No
8463,8411,42,Yes
8464,8413,372,Yes
8465,8416,17,No
8466,8418,391,Yes
8467,8420,356,Yes
8468,8420,436,No
8469,8421,389,No
8470,8423,98,No
8471,8424,276,Yes
8472,8424,132,No
8473,8425,310,Yes
8474,8425,377,Yes
8475,8426,267,No
8476,8427,477,No
8477,8429,281,Yes
8478,8429,276,Yes
8479,8430,327,No
8480,8431,281,Yes
8481,8433,189,Yes
8482,8433,319,Yes
8483,8435,46,No
8484,8435,242,Yes
8485,8436,204,Yes
8486,8436,461,Yes
8487,8437,391,No
8488,8437,373,No
8489,8439,141,Yes
8490,8439,252,Yes
8491,8441,49,Yes
8492,8441,336,No
8493,8442,423,Yes
8494,8443,400,Yes
8495,8443,300,Yes
8496,8445,80,Yes
8497,8445,329,No
8498,8447,119,Yes
8499,8448,155,Yes
8500,8449,266,Yes
8501,8450,214,Yes
8502,8450,239,Yes
8503,8451,303,No
8504,8451,217,Yes
8505,8452,228,No
8506,8452,24,No
8507,8453,400,No
8508,8453,243,Yes
8509,8456,341,No
8510,8456,205,Yes
8511,8457,365,No
8512,8460,267,Yes
8513,8460,76,No
8514,8462,305,Yes
8515,8463,356,No
8516,8464,137,Yes
8517,8465,428,Yes
8518,8466,448,No
8519,8467,120,No
8520,8467,331,Yes
8521,8470,456,Yes
8522,8470,328,Yes
8523,8472,294,Yes
8524,8472,211,No
8525,8473,305,Yes
8526,8474,434,Yes
8527,8474,436,No
8528,8476,423,No
8529,8476,331,No
8530,8477,381,Yes
8531,8477,237,Yes
8532,8478,462,No
8533,8478,484,No
8534,8480,153,No
8535,8481,387,No
8536,8481,41,Yes
8537,8482,289,No
8538,8483,177,No
8539,8484,193,No
8540,8485,5,Yes
8541,8485,342,Yes
8542,8486,398,Yes
8543,8486,238,Yes
8544,8488,492,Yes
8545,8488,192,No
8546,8490,33,No
8547,8490,200,No
8548,8491,314,No
8549,8491,253,No
8550,8492,104,Yes
8551,8493,472,No
8552,8493,61,No
8553,8494,298,No
8554,8495,302,Yes
8555,8497,349,No
8556,8497,101,Yes
8557,8498,413,Yes
8558,8499,372,Yes
8559,8500,240,Yes
8560,8501,116,No
8561,8501,103,No
8562,8502,429,Yes
8563,8503,73,Yes
8564,8505,284,Yes
8565,8507,177,Yes
8566,8507,490,No
8567,8508,460,No
8568,8509,208,Yes
8569,8509,435,Yes
8570,8510,445,No
8571,8510,484,Yes
8572,8511,38,Yes
8573,8511,102,No
8574,8512,129,Yes
8575,8512,258,Yes
8576,8513,416,No
8577,8513,458,No
8578,8515,432,Yes
8579,8517,345,Yes
8580,8517,278,No
8581,8518,325,No
8582,8519,415,Yes
8583,8520,164,No
8584,8520,302,Yes
8585,8522,81,Yes
8586,8523,378,No
8587,8523,174,Yes
8588,8524,40,Yes
8589,8524,278,No
8590,8526,127,No
8591,8527,163,Yes
8592,8527,305,No
8593,8529,20,Yes
8594,8531,357,No
8595,8532,196,Yes
8596,8533,291,No
8597,8535,345,No
8598,8536,24,Yes
8599,8537,426,No
8600,8538,203,Yes
8601,8539,405,No
8602,8541,149,No
8603,8542,181,Yes
8604,8543,374,Yes
8605,8543,230,No
8606,8545,311,Yes
8607,8546,55,Yes
8608,8546,371,Yes
8609,8547,398,Yes
8610,8547,100,Yes
8611,8548,17,Yes
8612,8548,46,No
8613,8550,12,Yes
8614,8550,345,No
8615,8551,335,No
8616,8552,65,No
8617,8552,221,Yes
8618,8554,202,No
8619,8554,97,No
8620,8556,123,No
8621,8556,70,No
8622,8560,145,No
8623,8561,271,No
8624,8562,175,No
8625,8563,2,Yes
8626,8564,446,No
8627,8565,30,Yes
8628,8565,169,No
8629,8566,341,No
8630,8567,215,Yes
8631,8567,31,No
8632,8569,213,No
8633,8573,390,Yes
8634,8573,414,No
8635,8574,129,Yes
8636,8574,130,Yes
8637,8575,344,Yes
8638,8576,354,Yes
8639,8576,458,No
8640,8577,413,No
8641,8579,21,Yes
8642,8580,270,No
8643,8580,173,No
8644,8581,280,No
8645,8582,372,Yes
8646,8582,194,No
8647,8583,426,Yes
8648,8584,479,No
8649,8584,250,Yes
8650,8585,464,Yes
8651,8586,176,Yes
8652,8586,274,Yes
8653,8588,398,No
8654,8588,393,No
8655,8589,480,No
8656,8592,334,Yes
8657,8592,181,Yes
8658,8593,409,No
8659,8593,289,No
8660,8596,295,No
8661,8597,80,Yes
8662,8597,494,Yes
8663,8599,274,No
8664,8600,411,No
8665,8600,333,No
8666,8601,473,No
8667,8603,451,Yes
8668,8604,137,Yes
8669,8605,172,Yes
8670,8606,388,Yes
8671,8607,421,No
8672,8608,8,Yes
8673,8610,20,Yes
8674,8611,98,No
8675,8612,178,No
8676,8613,447,Yes
8677,8614,415,No
8678,8615,141,No
8679,8615,37,No
8680,8616,275,Yes
8681,8616,334,Yes
8682,8620,333,No
8683,8624,422,No
8684,8624,132,No
8685,8625,188,Yes
8686,8626,155,No
8687,8626,426,No
8688,8629,3,Yes
8689,8629,290,Yes
8690,8630,397,No
8691,8631,243,No
8692,8632,284,No
8693,8633,496,Yes
8694,8635,208,Yes
8695,8638,396,No
8696,8638,460,Yes
8697,8642,12,Yes
8698,8643,157,No
8699,8644,348,No
8700,8645,327,Yes
8701,8645,232,Yes
8702,8649,459,Yes
8703,8650,245,No
8704,8650,352,No
8705,8651,450,Yes
8706,8652,442,Yes
8707,8652,249,No
8708,8653,420,Yes
8709,8654,132,No
8710,8655,393,Yes
8711,8655,364,Yes
8712,8656,408,Yes
8713,8657,64,Yes
8714,8657,76,Yes
8715,8658,446,No
8716,8659,138,No
8717,8660,97,Yes
8718,8661,386,Yes
8719,8662,330,No
8720,8663,146,Yes
8721,8663,146,Yes
8722,8665,78,No
8723,8666,393,Yes
8724,8668,317,No
8725,8669,61,Yes
8726,8669,467,Yes
8727,8670,455,Yes
8728,8670,116,No
8729,8671,168,Yes
8730,8676,86,Yes
8731,8676,11,No
8732,8677,14,Yes
8733,8678,4,No
8734,8679,262,No
8735,8679,268,Yes
8736,8682,191,No
8737,8682,284,No
8738,8684,426,Yes
8739,8686,432,Yes
8740,8686,60,Yes
8741,8687,82,No
8742,8689,443,No
8743,8689,478,Yes
8744,8691,400,Yes
8745,8691,380,No
8746,8692,290,No
8747,8693,224,No
8748,8695,33,Yes
8749,8697,3,Yes
8750,8698,127,No
8751,8700,97,No
8752,8700,259,Yes
8753,8702,0,Yes
8754,8703,363,No
8755,8708,161,Yes
8756,8713,180,Yes
8757,8713,405,No
8758,8714,495,No
8759,8717,265,Yes
8760,8718,459,No
8761,8719,145,No
8762,8720,293,Yes
8763,8722,324,No
8764,8723,120,Yes
8765,8724,131,No
8766,8724,292,No
8767,8725,45,Yes
8768,8726,357,Yes
8769,8726,359,No
8770,8727,183,Yes
8771,8729,451,Yes
8772,8730,176,No
8773,8732,381,No
8774,8732,14,Yes
8775,8733,403,No
8776,8733,65,No
8777,8735,118,No
8778,8735,315,Yes
8779,8736,291,Yes
8780,8738,482,Yes
8781,8738,478,No
8782,8739,336,Yes
8783,8740,135,No
8784,8741,479,No
8785,8744,125,Yes
8786,8744,42,Yes
8787,8746,334,Yes
8788,8746,113,No
8789,8748,158,No
8790,8748,343,Yes
8791,8749,460,No
8792,8753,428,Yes
8793,8755,186,No
8794,8755,403,No
8795,8756,316,Yes
8796,8756,321,Yes
8797,8757,242,No
8798,8757,156,No
8799,8758,25,Yes
8800,8759,317,Yes
8801,8760,1,No
8802,8760,262,Yes
8803,8761,149,No
8804,8764,478,Yes
8805,8764,379,Yes
8806,8765,200,No
8807,8765,383,No
8808,8768,127,Yes
8809,8769,229,Yes
8810,8770,398,No
8811,8771,466,Yes
8812,8771,190,No
8813,8774,18,Yes
8814,8775,497,Yes
8815,8775,260,No
8816,8776,474,Yes
8817,8778,229,Yes
8818,8778,355,No
8819,8779,359,No
8820,8786,372,No
8821,8786,464,No
8822,8787,218,Yes
8823,8787,447,No
8824,8789,106,Yes
8825,8790,39,No
8826,8791,457,Yes
8827,8793,139,No
8828,8794,399,No
8829,8794,327,Yes
8830,8796,217,Yes
8831,8796,416,Yes
8832,8797,436,No
8833,8798,252,Yes
8834,8799,308,Yes
8835,8799,22,No
8836,8800,309,No
8837,8800,187,Yes
8838,8802,399,Yes
8839,8803,431,Yes
8840,8803,471,Yes
8841,8805,406,No
8842,8805,97,No
8843,8806,359,Yes
8844,8806,382,Yes
8845,8809,293,Yes
8846,8809,472,No
8847,8810,483,Yes
8848,8810,468,Yes
8849,8811,456,Yes
8850,8811,314,No
8851,8812,493,Yes
8852,8813,11,No
8853,8813,458,Yes
8854,8816,255,No
8855,8816,17,Yes
8856,8818,21,No
8857,8818,316,Yes
8858,8819,425,Yes
8859,8819,223,No
8860,8821,345,Yes
8861,8821,491,No
8862,8823,348,Yes
8863,8823,385,No
8864,8824,429,No
8865,8825,212,No
8866,8826,51,No
8867,8826,306,Yes
8868,8828,322,Yes
8869,8829,193,No
8870,8830,352,Yes
8871,8831,212,Yes
8872,8832,394,No
8873,8833,184,No
8874,8833,461,No
8875,8835,338,No
8876,8835,404,No
8877,8838,11,Yes
8878,8839,208,Yes
8879,8839,234,Yes
8880,8840,368,No
8881,8840,140,No
8882,8841,492,No
8883,8841,63,No
8884,8843,352,No
8885,8843,63,No
8886,8844,170,No
8887,8845,60,No
8888,8848,80,No
8889,8848,450,Yes
8890,8849,136,No
8891,8850,104,Yes
8892,8851,368,No
8893,8851,13,No
8894,8852,42,No
8895,8852,418,No
8896,8853,18,Yes
8897,8855,136,Yes
8898,8856,204,Yes
8899,8856,82,Yes
8900,8857,129,Yes
8901,8857,224,Yes
8902,8859,324,No
8903,8860,136,Yes
8904,8861,41,No
8905,8863,465,Yes
8906,8863,225,Yes
8907,8864,198,Yes
8908,8866,441,No
8909,8866,492,No
8910,8867,340,Yes
8911,8867,338,Yes
8912,8871,441,Yes
8913,8872,437,Yes
8914,8872,263,Yes
8915,8873,289,No
8916,8873,287,No
8917,8874,401,No
8918,8874,466,No
8919,8875,344,Yes
8920,8876,112,No
8921,8876,206,No
8922,8877,428,Yes
8923,8878,485,No
8924,8878,360,No
8925,8880,33,Yes
8926,8880,443,No
8927,8883,464,Yes
8928,8883,408,No
8929,8885,352,No
8930,8886,32,Yes
8931,8887,383,No
8932,8887,59,No
8933,8888,383,No
8934,8888,168,Yes
8935,8891,216,No
8936,8891,133,Yes
8937,8892,297,No
8938,8892,77,Yes
8939,8893,390,No
8940,8894,214,Yes
8941,8894,282,No
8942,8895,453,Yes
8943,8895,484,No
8944,8897,363,No
8945,8897,154,Yes
8946,8898,57,No
8947,8898,129,Yes
8948,8900,258,No
8949,8902,362,Yes
8950,8902,333,Yes
8951,8904,476,Yes
8952,8905,353,Yes
8953,8905,362,No
8954,8906,219,Yes
8955,8906,260,Yes
8956,8911,63,Yes
8957,8911,231,Yes
8958,8912,312,No
8959,8912,77,No
8960,8913,411,No
8961,8914,171,No
8962,8917,241,Yes
8963,8917,95,Yes
8964,8919,96,No
8965,8919,170,Yes
8966,8920,455,No
8967,8920,79,No
8968,8921,99,No
8969,8922,448,No
8970,8923,78,Yes
8971,8923,329,No
8972,8925,278,No
8973,8925,188,No
8974,8927,312,No
8975,8928,25,No
8976,8928,124,No
8977,8929,323,No
8978,8929,305,No
8979,8930,184,No
8980,8931,50,No
8981,8931,459,Yes
8982,8934,452,Yes
8983,8935,316,Yes
8984,8935,332,No
8985,8936,428,No
8986,8936,24,Yes
8987,8937,248,Yes
8988,8937,394,Yes
8989,8939,60,Yes
8990,8940,42,Yes
8991,8940,10,Yes
8992,8941,109,No
8993,8942,42,Yes
8994,8943,459,No
8995,8943,454,Yes
8996,8945,474,No
8997,8946,371,Yes
8998,8947,295,No
8999,8947,445,Yes
9000,8949,107,Yes
9001,8950,82,Yes
9002,8952,51,Yes
9003,8952,139,Yes
9004,8953,71,Yes
9005,8953,267,Yes
9006,8954,107,Yes
9007,8954,352,Yes
9008,8955,446,Yes
9009,8955,187,Yes
9010,8957,18,No
9011,8957,464,No
9012,8958,266,No
9013,8962,310,No
9014,8963,2,Yes
9015,8965,73,No
9016,8965,408,No
9017,8966,153,Yes
9018,8967,11,Yes
9019,8968,249,Yes
9020,8972,304,Yes
9021,8972,118,Yes
9022,8974,89,Yes
9023,8974,181,No
9024,8975,435,No
9025,8976,44,No
9026,8977,96,Yes
9027,8977,392,Yes
9028,8979,421,No
9029,8979,148,Yes
9030,8980,86,No
9031,8982,105,No
9032,8986,227,No
9033,8986,83,No
9034,8987,169,No
9035,8989,90,No
9036,8990,150,No
9037,8991,391,No
9038,8992,143,Yes
9039,8992,335,No
9040,8996,315,Yes
9041,8997,237,Yes
9042,8998,465,Yes
9043,8999,457,Yes
9044,9000,45,Yes
9045,9000,422,Yes
9046,9002,384,Yes
9047,9002,236,Yes
9048,9004,301,Yes
9049,9007,420,No
9050,9009,230,No
9051,9009,403,No
9052,9010,212,Yes
9053,9011,483,Yes
9054,9013,187,No
9055,9013,454,Yes
9056,9014,48,Yes
9057,9015,169,Yes
9058,9015,213,Yes
9059,9016,71,Yes
9060,9018,499,Yes
9061,9020,141,No
9062,9020,4,No
9063,9021,95,Yes
9064,9022,108,Yes
9065,9023,480,No
9066,9024,250,Yes
9067,9026,310,No
9068,9026,230,No
9069,9027,384,No
9070,9028,2,No
9071,9031,137,No
9072,9032,19,Yes
9073,9033,154,No
9074,9034,342,Yes
9075,9035,58,Yes
9076,9037,32,No
9077,9038,241,Yes
9078,9038,16,No
9079,9040,159,No
9080,9040,445,Yes
9081,9041,461,Yes
9082,9041,353,Yes
9083,9042,301,Yes
9084,9042,136,Yes
9085,9043,409,No
9086,9044,193,Yes
9087,9044,220,Yes
9088,9046,165,Yes
9089,9046,238,No
9090,9047,100,Yes
9091,9048,342,Yes
9092,9049,265,No
9093,9050,406,No
9094,9051,359,Yes
9095,9052,60,Yes
9096,9053,386,Yes
9097,9055,362,No
9098,9055,38,Yes
9099,9056,332,Yes
9100,9057,466,No
9101,9058,210,Yes
9102,9059,210,Yes
9103,9060,121,No
9104,9061,393,Yes
9105,9064,282,Yes
9106,9065,270,No
9107,9065,155,No
9108,9067,18,No
9109,9068,244,Yes
9110,9069,260,No
9111,9070,288,Yes
9112,9070,439,No
9113,9071,220,Yes
9114,9071,432,No
9115,9074,240,Yes
9116,9075,408,No
9117,9076,37,No
9118,9077,167,Yes
9119,9078,35,Yes
9120,9078,38,Yes
9121,9079,473,Yes
9122,9080,347,No
9123,9080,161,Yes
9124,9081,306,Yes
9125,9082,457,Yes
9126,9083,443,Yes
9127,9083,395,No
9128,9084,197,No
9129,9084,260,Yes
9130,9085,457,Yes
9131,9085,394,Yes
9132,9087,397,No
9133,9087,424,Yes
9134,9088,338,No
9135,9089,134,No
9136,9089,13,Yes
9137,9092,486,Yes
9138,9093,407,Yes
9139,9093,142,Yes
9140,9095,198,No
9141,9095,145,No
9142,9097,8,Yes
9143,9100,177,Yes
9144,9105,18,No
9145,9105,65,No
9146,9106,432,No
9147,9106,445,No
9148,9108,416,Yes
9149,9108,81,Yes
9150,9110,32,No
9151,9110,123,Yes
9152,9112,74,No
9153,9113,432,No
9154,9114,366,Yes
9155,9116,67,No
9156,9119,188,Yes
9157,9119,0,No
9158,9121,289,No
9159,9121,24,No
9160,9124,115,No
9161,9124,310,Yes
9162,9125,110,No
9163,9126,404,No
9164,9129,75,Yes
9165,9129,397,No
9166,9130,333,Yes
9167,9130,208,Yes
9168,9131,357,Yes
9169,9132,385,Yes
9170,9133,138,Yes
9171,9133,249,Yes
9172,9134,302,Yes
9173,9134,117,No
9174,9139,337,Yes
9175,9140,440,Yes
9176,9140,494,Yes
9177,9141,231,No
9178,9141,292,No
9179,9142,214,Yes
9180,9144,404,No
9181,9144,270,No
9182,9148,478,No
9183,9149,23,Yes
9184,9150,291,No
9185,9150,497,Yes
9186,9152,408,Yes
9187,9153,202,Yes
9188,9154,205,Yes
9189,9154,45,No
9190,9155,162,Yes
9191,9155,123,Yes
9192,9156,45,No
9193,9156,51,No
9194,9157,281,Yes
9195,9159,8,Yes
9196,9160,34,No
9197,9160,350,Yes
9198,9161,449,No
9199,9161,458,Yes
9200,9162,48,No
9201,9162,76,No
9202,9164,480,No
9203,9165,15,No
9204,9165,18,Yes
9205,9166,112,No
9206,9167,292,No
9207,9167,54,No
9208,9169,153,No
9209,9171,160,Yes
9210,9171,273,Yes
9211,9173,382,Yes
9212,9173,40,Yes
9213,9174,169,No
9214,9176,117,Yes
9215,9176,124,Yes
9216,9178,398,Yes
9217,9179,315,Yes
9218,9179,181,Yes
9219,9180,292,Yes
9220,9183,361,No
9221,9184,28,Yes
9222,9185,47,No
9223,9186,14,Yes
9224,9189,361,No
9225,9191,310,Yes
9226,9193,259,No
9227,9193,276,Yes
9228,9194,68,No
9229,9194,257,Yes
9230,9197,103,No
9231,9198,27,No
9232,9199,469,Yes
9233,9200,391,No
9234,9201,74,No
9235,9202,49,No
9236,9202,119,Yes
9237,9208,50,No
9238,9212,284,Yes
9239,9214,175,No
9240,9214,244,No
9241,9216,212,No
9242,9216,228,Yes
9243,9217,73,Yes
9244,9219,24,No
9245,9219,281,Yes
9246,9222,422,Yes
9247,9227,182,Yes
9248,9227,127,Yes
9249,9228,147,No
9250,9228,368,Yes
9251,9229,302,Yes
9252,9229,81,Yes
9253,9230,243,Yes
9254,9230,78,Yes
9255,9232,480,No
9256,9232,43,Yes
9257,9233,281,Yes
9258,9233,88,Yes
9259,9234,500,No
9260,9234,379,No
9261,9236,120,Yes
9262,9236,4,No
9263,9237,345,No
9264,9237,27,Yes
9265,9239,54,Yes
9266,9240,433,Yes
9267,9240,459,No
9268,9242,342,No
9269,9243,376,No
9270,9244,168,No
9271,9244,213,Yes
9272,9246,353,Yes
9273,9250,80,No
9274,9250,239,No
9275,9251,390,No
9276,9251,408,No
9277,9252,486,No
9278,9253,387,Yes
9279,9253,87,No
9280,9254,207,Yes
9281,9255,194,Yes
9282,9257,206,Yes
9283,9257,304,No
9284,9258,13,Yes
9285,9258,248,Yes
9286,9259,236,Yes
9287,9260,380,Yes
9288,9261,275,No
9289,9261,13,Yes
9290,9262,491,No
9291,9263,90,Yes
9292,9263,362,Yes
9293,9265,328,Yes
9294,9265,131,No
9295,9266,125,No
9296,9266,36,Yes
9297,9272,47,No
9298,9273,78,No
9299,9273,212,Yes
9300,9274,415,Yes
9301,9274,64,No
9302,9275,326,Yes
9303,9277,39,No
9304,9278,330,Yes
9305,9279,116,No
9306,9279,226,No
9307,9280,355,No
9308,9281,237,No
9309,9282,92,Yes
9310,9282,91,Yes
9311,9284,302,No
9312,9284,389,Yes
9313,9286,39,No
9314,9286,303,Yes
9315,9287,277,No
9316,9288,352,Yes
9317,9289,426,Yes
9318,9290,387,No
9319,9293,85,Yes
9320,9293,73,No
9321,9297,200,Yes
9322,9299,236,No
9323,9299,228,No
9324,9300,97,Yes
9325,9301,385,No
9326,9301,307,No
9327,9302,354,Yes
9328,9302,107,Yes
9329,9303,122,Yes
9330,9303,239,Yes
9331,9304,237,No
9332,9305,17,Yes
9333,9305,412,Yes
9334,9306,232,Yes
9335,9307,495,No
9336,9307,210,Yes
9337,9308,451,Yes
9338,9311,347,No
9339,9314,88,Yes
9340,9315,254,No
9341,9315,417,No
9342,9316,305,No
9343,9316,478,Yes
9344,9317,235,Yes
9345,9317,29,Yes
9346,9319,23,No
9347,9321,23,Yes
9348,9321,377,Yes
9349,9322,239,No
9350,9322,434,No
9351,9323,231,Yes
9352,9325,347,No
9353,9327,273,Yes
9354,9328,108,Yes
9355,9329,276,No
9356,9330,73,No
9357,9331,208,Yes
9358,9331,303,Yes
9359,9332,12,Yes
9360,9332,230,No
9361,9333,219,No
9362,9334,494,No
9363,9334,79,Yes
9364,9335,303,No
9365,9336,210,No
9366,9337,336,Yes
9367,9345,302,No
9368,9345,47,Yes
9369,9346,144,Yes
9370,9346,69,No
9371,9347,11,No
9372,9348,24,No
9373,9348,451,Yes
9374,9353,492,No
9375,9353,461,Yes
9376,9355,418,No
9377,9355,388,No
9378,9357,298,Yes
9379,9357,212,Yes
9380,9360,459,No
9381,9362,111,Yes
9382,9362,129,Yes
9383,9363,3,No
9384,9364,315,Yes
9385,9366,153,Yes
9386,9366,190,No
9387,9368,206,Yes
9388,9369,178,Yes
9389,9371,318,Yes
9390,9371,168,No
9391,9372,287,Yes
9392,9373,102,No
9393,9374,397,Yes
9394,9375,6,No
9395,9377,262,Yes
9396,9378,18,No
9397,9378,183,No
9398,9379,372,No
9399,9379,182,No
9400,9380,21,Yes
9401,9381,84,No
9402,9382,493,No
9403,9383,28,Yes
9404,9383,500,Yes
9405,9384,180,No
9406,9384,73,Yes
9407,9385,103,No
9408,9385,166,No
9409,9386,95,Yes
9410,9386,448,No
9411,9387,382,Yes
9412,9387,248,Yes
9413,9388,171,No
9414,9388,241,Yes
9415,9391,355,No
9416,9392,222,Yes
9417,9393,257,Yes
9418,9394,159,Yes
9419,9395,368,No
9420,9395,67,Yes
9421,9396,280,Yes
9422,9397,61,No
9423,9397,151,No
9424,9398,213,No
9425,9399,394,No
9426,9399,242,No
9427,9400,268,Yes
9428,9400,238,Yes
9429,9401,181,Yes
9430,9401,446,No
9431,9402,500,Yes
9432,9403,41,Yes
9433,9403,181,Yes
9434,9404,416,Yes
9435,9404,413,Yes
9436,9405,306,No
9437,9406,167,Yes
9438,9406,316,No
9439,9410,204,Yes
9440,9410,73,No
9441,9411,319,Yes
9442,9414,405,Yes
9443,9414,58,No
9444,9415,421,Yes
9445,9416,323,No
9446,9419,184,No
9447,9419,466,No
9448,9420,32,Yes
9449,9420,187,No
9450,9421,20,No
9451,9421,270,Yes
9452,9423,438,No
9453,9424,440,No
9454,9424,97,Yes
9455,9425,170,No
9456,9425,45,No
9457,9426,383,Yes
9458,9426,249,No
9459,9427,496,Yes
9460,9429,82,Yes
9461,9429,92,Yes
9462,9430,57,Yes
9463,9430,105,No
9464,9432,395,No
9465,9434,220,Yes
9466,9434,76,No
9467,9435,128,Yes
9468,9436,129,Yes
9469,9437,244,No
9470,9437,171,Yes
9471,9438,16,No
9472,9439,100,No
9473,9441,358,Yes
9474,9444,385,Yes
9475,9444,77,No
9476,9445,352,No
9477,9447,132,Yes
9478,9447,474,Yes
9479,9448,444,Yes
9480,9449,427,Yes
9481,9449,247,No
9482,9451,474,No
9483,9452,237,No
9484,9452,263,Yes
9485,9453,467,Yes
9486,9454,157,Yes
9487,9456,122,Yes
9488,9457,220,Yes
9489,9458,348,No
9490,9461,421,Yes
9491,9462,69,No
9492,9466,438,No
9493,9466,443,Yes
9494,9468,392,Yes
9495,9468,410,No
9496,9469,26,No
9497,9469,91,No
9498,9470,217,No
9499,9470,220,No
9500,9471,302,No
9501,9472,56,No
9502,9473,395,Yes
9503,9473,280,Yes
9504,9474,482,Yes
9505,9475,295,Yes
9506,9475,22,No
9507,9476,276,Yes
9508,9476,229,Yes
9509,9478,174,No
9510,9478,280,Yes
9511,9480,385,No
9512,9480,81,No
9513,9481,47,No
9514,9481,81,No
9515,9482,179,Yes
9516,9485,307,No
9517,9485,429,No
9518,9486,247,Yes
9519,9489,435,Yes
9520,9491,478,No
9521,9491,481,Yes
9522,9493,377,Yes
9523,9493,321,No
9524,9495,126,Yes
9525,9495,253,Yes
9526,9496,458,No
9527,9496,316,No
9528,9497,182,No
9529,9497,100,No
9530,9498,332,Yes
9531,9498,457,Yes
9532,9499,289,No
9533,9499,143,Yes
9534,9501,20,No
9535,9501,203,Yes
9536,9502,60,No
9537,9503,167,Yes
9538,9504,64,Yes
9539,9506,89,No
9540,9511,488,Yes
9541,9511,362,Yes
9542,9512,404,Yes
9543,9512,102,No
9544,9513,65,No
9545,9513,280,Yes
9546,9514,11,Yes
9547,9515,127,No
9548,9515,156,Yes
9549,9516,76,Yes
9550,9516,102,Yes
9551,9517,248,Yes
9552,9517,72,No
9553,9519,44,Yes
9554,9520,180,No
9555,9521,8,No
9556,9523,205,Yes
9557,9524,271,No
9558,9524,231,Yes
9559,9527,323,Yes
9560,9527,164,No
9561,9531,402,Yes
9562,9533,321,No
9563,9533,78,Yes
9564,9534,58,Yes
9565,9534,202,Yes
9566,9537,232,Yes
9567,9539,111,Yes
9568,9540,78,Yes
9569,9540,239,Yes
9570,9542,229,Yes
9571,9543,396,No
9572,9544,148,No
9573,9545,334,Yes
9574,9546,460,No
9575,9552,470,Yes
9576,9553,421,Yes
9577,9554,360,No
9578,9554,72,Yes
9579,9555,89,No
9580,9556,202,Yes
9581,9558,486,Yes
9582,9560,369,Yes
9583,9560,240,No
9584,9561,24,No
9585,9562,39,No
9586,9562,269,Yes
9587,9563,277,No
9588,9564,365,No
9589,9565,450,No
9590,9565,208,Yes
9591,9566,406,Yes
9592,9566,437,Yes
9593,9568,353,Yes
9594,9568,371,Yes
9595,9569,47,Yes
9596,9569,243,Yes
9597,9570,292,No
9598,9571,449,No
9599,9576,194,No
9600,9577,150,No
9601,9577,53,Yes
9602,9579,89,Yes
9603,9579,429,Yes
9604,9581,316,No
9605,9582,431,No
9606,9582,71,Yes
9607,9583,342,Yes
9608,9584,281,Yes
9609,9585,318,Yes
9610,9587,71,Yes
9611,9587,255,No
9612,9588,133,No
9613,9590,404,No
9614,9591,214,No
9615,9591,448,Yes
9616,9592,469,No
9617,9592,203,Yes
9618,9593,29,No
9619,9594,39,Yes
9620,9596,440,Yes
9621,9596,120,No
9622,9599,332,Yes
9623,9600,74,No
9624,9600,230,Yes
9625,9601,327,Yes
9626,9602,298,No
9627,9602,426,No
9628,9603,143,No
9629,9603,68,Yes
9630,9605,223,No
9631,9605,151,Yes
9632,9607,391,Yes
9633,9607,105,Yes
9634,9608,382,No
9635,9608,439,Yes
9636,9609,285,No
9637,9610,221,Yes
9638,9612,275,No
9639,9617,33,Yes
9640,9618,367,Yes
9641,9618,400,Yes
9642,9619,104,No
9643,9623,308,Yes
9644,9623,64,Yes
9645,9624,11,Yes
9646,9624,376,Yes
9647,9626,170,No
9648,9626,309,Yes
9649,9627,66,No
9650,9628,247,Yes
9651,9629,60,Yes
9652,9629,25,Yes
9653,9632,137,No
9654,9633,419,Yes
9655,9635,168,Yes
9656,9635,120,No
9657,9637,323,No
9658,9637,110,Yes
9659,9638,329,No
9660,9639,437,Yes
9661,9640,327,No
9662,9643,295,Yes
9663,9644,261,No
9664,9644,164,Yes
9665,9645,218,No
9666,9645,444,Yes
9667,9647,381,No
9668,9649,334,No
9669,9649,208,No
9670,9652,9,No
9671,9656,13,Yes
9672,9657,122,Yes
9673,9659,134,No
9674,9659,451,No
9675,9660,224,Yes
9676,9661,186,Yes
9677,9661,257,No
9678,9664,54,No
9679,9664,295,No
9680,9666,270,Yes
9681,9669,188,No
9682,9669,385,Yes
9683,9670,3,No
9684,9670,275,Yes
9685,9671,255,Yes
9686,9671,497,No
9687,9673,417,Yes
9688,9673,416,Yes
9689,9674,460,No
9690,9675,277,No
9691,9675,472,Yes
9692,9676,309,No
9693,9677,368,Yes
9694,9679,329,No
9695,9680,117,Yes
9696,9681,371,Yes
9697,9681,358,No
9698,9682,414,No
9699,9683,71,Yes
9700,9689,275,Yes
9701,9691,153,Yes
9702,9691,56,Yes
9703,9692,98,Yes
9704,9696,164,No
9705,9696,64,Yes
9706,9697,138,Yes
9707,9697,338,Yes
9708,9699,299,No
9709,9703,496,No
9710,9704,278,Yes
9711,9704,232,Yes
9712,9705,450,No
9713,9706,455,Yes
9714,9706,349,No
9715,9710,43,No
9716,9710,267,No
9717,9711,112,No
9718,9711,202,Yes
9719,9712,26,No
9720,9712,396,No
9721,9714,210,No
9722,9714,243,No
9723,9715,19,Yes
9724,9717,367,Yes
9725,9717,444,No
9726,9718,369,No
9727,9719,44,Yes
9728,9720,64,Yes
9729,9721,117,Yes
9730,9722,331,No
9731,9724,14,No
9732,9727,138,No
9733,9727,74,Yes
9734,9728,293,Yes
9735,9728,252,No
9736,9730,296,No
9737,9731,11,No
9738,9731,456,Yes
9739,9732,296,No
9740,9732,380,No
9741,9733,1,No
9742,9736,365,Yes
9743,9737,48,No
9744,9737,89,No
9745,9738,361,Yes
9746,9738,75,No
9747,9740,363,Yes
9748,9741,116,No
9749,9742,415,Yes
9750,9743,495,No
9751,9744,206,Yes
9752,9744,263,Yes
9753,9745,327,No
9754,9748,143,Yes
9755,9749,455,Yes
9756,9749,426,Yes
9757,9752,63,No
9758,9753,363,Yes
9759,9753,204,No
9760,9756,427,No
9761,9756,62,No
9762,9757,173,No
9763,9759,78,No
9764,9759,179,No
9765,9762,243,Yes
9766,9762,474,Yes
9767,9764,278,Yes
9768,9766,43,Yes
9769,9766,483,Yes
9770,9769,437,No
9771,9769,468,Yes
9772,9770,403,No
9773,9771,49,Yes
9774,9772,344,Yes
9775,9772,439,Yes
9776,9773,124,Yes
9777,9773,15,No
9778,9775,152,No
9779,9777,423,No
9780,9777,383,Yes
9781,9778,429,Yes
9782,9780,183,Yes
9783,9780,141,No
9784,9781,500,Yes
9785,9781,468,Yes
9786,9783,93,Yes
9787,9784,21,Yes
9788,9786,157,No
9789,9787,359,Yes
9790,9787,322,Yes
9791,9788,110,Yes
9792,9790,60,No
9793,9792,343,No
9794,9792,55,No
9795,9793,322,No
9796,9793,443,Yes
9797,9794,333,Yes
9798,9795,445,Yes
9799,9798,340,Yes
9800,9800,169,Yes
9801,9803,362,No
9802,9804,462,No
9803,9804,400,No
9804,9805,469,No
9805,9805,207,Yes
9806,9806,292,No
9807,9807,145,Yes
9808,9809,93,Yes
9809,9810,239,No
9810,9810,127,Yes
9811,9811,18,Yes
9812,9812,348,Yes
9813,9812,417,No
9814,9813,344,Yes
9815,9813,166,Yes
9816,9814,395,No
9817,9816,41,No
9818,9818,465,No
9819,9818,431,Yes
9820,9819,226,No
9821,9821,369,Yes
9822,9821,307,No
9823,9822,7,No
9824,9822,249,Yes
9825,9823,417,No
9826,9823,147,Yes
9827,9825,96,No
9828,9825,79,Yes
9829,9826,110,Yes
9830,9826,251,Yes
9831,9827,412,Yes
9832,9828,82,No
9833,9828,283,No
9834,9830,463,No
9835,9836,153,Yes
9836,9838,222,Yes
9837,9840,343,No
9838,9841,180,Yes
9839,9842,389,Yes
9840,9842,421,No
9841,9845,5,Yes
9842,9845,29,Yes
9843,9846,241,Yes
9844,9846,120,Yes
9845,9848,175,No
9846,9849,59,Yes
9847,9849,414,No
9848,9852,103,No
9849,9853,106,Yes
9850,9855,225,No
9851,9855,131,Yes
9852,9857,246,Yes
9853,9860,336,Yes
9854,9860,444,Yes
9855,9861,326,Yes
9856,9861,390,Yes
9857,9862,369,Yes
9858,9862,202,Yes
9859,9863,251,No
9860,9864,416,No
9861,9864,484,No
9862,9865,184,No
9863,9865,480,Yes
9864,9866,427,Yes
9865,9866,14,Yes
9866,9867,228,No
9867,9868,234,Yes
9868,9869,387,Yes
9869,9870,110,Yes
9870,9870,70,No
9871,9872,4,No
9872,9873,114,No
9873,9873,121,Yes
9874,9874,469,Yes
9875,9874,84,No
9876,9875,307,Yes
9877,9875,233,Yes
9878,9878,166,Yes
9879,9879,466,Yes
9880,9880,345,Yes
9881,9881,279,No
9882,9882,110,Yes
9883,9882,2,No
9884,9883,469,Yes
9885,9885,87,Yes
9886,9885,59,No
9887,9886,134,No
9888,9887,340,Yes
9889,9888,237,Yes
9890,9888,162,No
9891,9889,344,No
9892,9890,467,Yes
9893,9893,26,No
9894,9893,418,Yes
9895,9894,22,No
9896,9894,53,No
9897,9896,484,Yes
9898,9896,495,Yes
9899,9897,210,No
9900,9897,115,Yes
9901,9899,311,Yes
9902,9900,472,Yes
9903,9900,384,Yes
9904,9902,142,Yes
9905,9904,472,Yes
9906,9905,235,No
9907,9906,494,Yes
9908,9906,134,Yes
9909,9907,30,Yes
9910,9908,187,No
9911,9908,385,No
9912,9909,115,No
9913,9910,382,No
9914,9911,171,Yes
9915,9913,204,Yes
9916,9914,274,Yes
9917,9915,461,No
9918,9917,136,No
9919,9918,394,No
9920,9919,7,Yes
9921,9919,32,Yes
9922,9921,92,Yes
9923,9922,159,Yes
9924,9923,197,No
9925,9924,155,No
9926,9924,472,No
9927,9926,376,Yes
9928,9926,278,No
9929,9927,210,Yes
9930,9928,94,No
9931,9929,112,Yes
9932,9931,394,No
9933,9936,266,No
9934,9939,235,Yes
9935,9939,493,Yes
9936,9941,357,Yes
9937,9942,429,No
9938,9942,350,Yes
9939,9945,93,Yes
9940,9946,5,No
9941,9946,198,No
9942,9949,224,No
9943,9950,28,No
9944,9950,22,No
9945,9952,489,No
9946,9952,104,Yes
9947,9954,174,No
9948,9954,139,No
9949,9955,310,Yes
9950,9956,453,No
9951,9958,477,No
9952,9959,58,No
9953,9961,208,Yes
9954,9961,131,No
9955,9962,295,No
9956,9962,406,No
9957,9963,374,No
9958,9963,363,Yes
9959,9964,26,Yes
9960,9964,374,Yes
9961,9965,492,Yes
9962,9965,339,No
9963,9966,322,Yes
9964,9967,269,No
9965,9967,265,Yes
9966,9968,484,Yes
9967,9969,226,No
9968,9971,359,Yes
9969,9972,295,Yes
9970,9972,226,Yes
9971,9973,65,No
9972,9974,23,No
9973,9974,94,Yes
9974,9975,335,Yes
9975,9976,28,No
9976,9976,97,No
9977,9977,386,Yes
9978,9977,398,No
9979,9978,175,Yes
9980,9978,272,Yes
9981,9980,330,No
9982,9982,372,Yes
9983,9982,474,No
9984,9984,16,No
9985,9984,199,Yes
9986,9985,111,Yes
9987,9986,167,Yes
9988,9986,18,No
9989,9991,361,Yes
9990,9991,114,No
9991,9992,492,Yes
9992,9992,227,Yes
9993,9993,401,Yes
9994,9995,108,No
9995,9996,254,Yes
9996,9996,486,Yes
9997,9997,359,Yes
9998,9998,438,Yes
9999,9998,159,No
10000,9999,169,Yes
10001,9999,201,Yes
10002,10000,0,No
10003,10001,252,No
10004,10001,249,Yes
10005,10002,345,Yes
10006,10003,382,No
10007,10004,420,No
10008,10004,127,No
10009,10005,263,No
10010,10005,140,No
10011,10006,100,Yes
10012,10006,44,Yes
10013,10009,236,No
10014,10010,72,No
10015,10010,456,Yes
10016,10011,125,Yes
10017,10011,0,Yes
10018,10012,36,No
10019,10012,314,No
10020,10013,193,No
10021,10016,322,Yes
10022,10020,156,No
10023,10022,183,No
10024,10024,236,No
10025,10024,467,Yes
10026,10025,180,Yes
10027,10025,135,Yes
10028,10027,267,No
10029,10027,176,Yes
10030,10028,333,Yes
10031,10028,476,No
10032,10031,205,No
10033,10031,249,No
10034,10032,337,Yes
10035,10033,319,No
10036,10033,217,No
10037,10034,373,No
10038,10035,339,No
10039,10036,192,No
10040,10037,200,Yes
10041,10038,216,No
10042,10039,258,Yes
10043,10040,394,No
10044,10042,419,No
10045,10042,86,No
10046,10046,182,No
10047,10046,80,No
10048,10050,49,No
10049,10050,467,No
10050,10051,374,No
10051,10051,56,Yes
10052,10052,92,Yes
10053,10052,230,No
10054,10053,266,Yes
10055,10054,124,Yes
10056,10054,179,No
10057,10055,368,Yes
10058,10056,35,No
10059,10057,36,No
10060,10057,37,No
10061,10058,344,No
10062,10058,16,No
10063,10059,84,No
10064,10059,227,Yes
10065,10061,289,No
10066,10061,368,No
10067,10062,117,Yes
10068,10063,18,Yes
10069,10064,89,Yes
10070,10065,78,Yes
10071,10065,228,No
10072,10066,294,Yes
10073,10066,300,No
10074,10067,250,No
10075,10069,431,Yes
10076,10069,486,No
10077,10070,264,No
10078,10070,271,Yes
10079,10071,212,No
10080,10071,10,Yes
10081,10073,364,No
10082,10074,414,No
10083,10074,455,No
10084,10075,352,Yes
10085,10076,390,No
10086,10077,446,Yes
10087,10077,291,Yes
10088,10079,103,No
10089,10080,319,Yes
10090,10080,206,No
10091,10081,178,Yes
10092,10082,267,Yes
10093,10082,472,Yes
10094,10083,293,No
10095,10083,46,No
10096,10085,360,Yes
10097,10086,22,Yes
10098,10087,162,Yes
10099,10088,358,No
10100,10088,130,No
