property_id,Reviewed_Status,Most_Recent_Status,Source,Occupancy,Net_Yield,IRR,Selling_Reason,Seller_Retained_Broker,Final_Reviewer,leads_id
1, ,Closed,Internal,,3.53,14.48,Downsizing,,Jason Miller,1
2,Reviewed,Cancelled,Auction.com,,6.59,22.92,,,Luis Garcia,2
3,Null,Null,Opendoor,No,5.24,21.17,,,Samantha Pierce,3
4, Closed,Cancelled,M.L.S.,,9.65,14.12,Job Transfer,,Samantha Pierce,4
5, Closed,Cancelled,M.L.S.,No,2.88,17.24,Investor Sale,Yes,Priya Sharma,5
6,Null,Always Kick,Bulk,Yes,9.53,14.41,Downsizing,,Emily Patel,6
7,Null,Null, MLS,Yes,17.03,16.51,Job Transfer,Yes,Emily Patel,7
8, Closed, , MLS,No,6.08,15.27,,Yes,Jason Miller,8
9,Closed,Pend,Bulk,,14.87,26.93,Downsizing,Yes,Priya Sharma,9
10,Null,Available,Internal,No,11.3,19.13,Job Transfer,Yes,Jessica Lin,10
11,New,Available,Opendoor,Yes,9.75,6.85,Downsizing,No,Priya Sharma,11
12,Null,Cancelled, MLS,No,2.93,23.81,Downsizing,No,David Thompson,12
13,Null,Closed,M L S,Yes,14.32,28.91,Investor Sale,Yes,Michael Chen,13
14,Cancelled,Cancelled,Broker,No,18.58,25.92,Investor Sale,No,Samantha Pierce,14
15,Neww,Closed,Opendoor,No,5.04,27.11,Downsizing,No,Jessica Lin,15
16,Accepted Offer,Cancelled,Broker,,8.69,7.9,Downsizing,,Samantha Pierce,16
17,Closed,Available,Broker,No,16.34,26.45,Job Transfer,No,Samantha Pierce,17
18,Null,Always Kick,Opendoor,No,8.63,29.95,,No,Jason Miller,18
19,Null,Available,M L S,,17.59,25.16,Job Transfer,,Jason Miller,19
20,Accepted Offer,Close,Broker,,12.2,14.2,Job Transfer,,Jason Miller,20
21, , , MLS,Yes,13.62,16.8,Downsizing,Yes,Amit Kumar,21
22,Null,Close,M L S,No,18.63,14.47,Downsizing,No,David Thompson,22
23,Offered,Available,Auction.com,No,14.17,23.27,,Yes,Emily Patel,23
24, ,Cancelled,Auction.com,Yes,19.61,7.98,,,Michael Chen,24
25,Accepted Offer,Close,M.L.S.,No,18.21,18.21,,,Jessica Lin,25
26,Cancelled,Pend,Internal,No,11.81,16.39,Job Transfer,Yes,Luis Garcia,26
27,Neww, Close ,M.L.S.,No,5.4,9.87,Investor Sale,Yes,Priya Sharma,27
28,Null,Cancel,Bulk,No,9.76,16.15,,,Michael Chen,28
29,Cancelled,Close,Auction.com,No,2.96,5.1,Investor Sale,,Michael Chen,29
30,Offered, ,Broker,,6.07,21.42,,,Priya Sharma,30
31,Offered,Null,Internal,,6.08,27.66,,No,Emily Patel,31
32,Offered,Closed,M.L.S.,No,14.22,29.89,Downsizing,,Jason Miller,32
33, Closed,Closed,M L S,,19.88,28.34,,,Jessica Lin,33
34,Cancelled,Null,M L S,,4.49,23.16,Investor Sale,Yes,Luis Garcia,34
35,Offered, ,M L S,,3.29,20.79,Job Transfer,Yes,Samantha Pierce,35
36,Null,Kick,M L S,Yes,6.11,9.6,Downsizing,No,Michael Chen,36
37, Closed,Closed,M L S,Yes,10.12,27.34,Investor Sale,,Michael Chen,37
38, ,Always Kick,Auction.com,No,5.49,21.81,Investor Sale,,Samantha Pierce,38
39,Accepted Offer, Close ,Opendoor,,5.27,18.83,Downsizing,Yes,Emily Patel,39
40,Offered,Cancel,Broker,,2.71,26.22,Job Transfer,No,Jason Miller,40
41, Closed,Available,M L S,No,4.01,28.2,Investor Sale,No,Jessica Lin,41
42,Reviewed,Close,Broker,No,11.23,7.65,,,Samantha Pierce,42
43,Cancelled,Cancelled,Broker,No,17.17,24.4,Investor Sale,,Jessica Lin,43
44,Offered,Kick, MLS,No,16.99,17.59,Downsizing,,Sophia Williams,44
45,Accepted Offer,Close,M.L.S.,,14.59,10.15,Downsizing,,Priya Sharma,45
46, ,Kick,Bulk,No,12.59,24.92,Job Transfer,,Priya Sharma,46
47,New,Close,Bulk,,6.48,26.08,Downsizing,,Luis Garcia,47
48,Null,Closed,Opendoor,Yes,13.02,12.63,Job Transfer,,Luis Garcia,48
49, Closed, Close ,Auction.com,No,18.93,16.87,Job Transfer,Yes,David Thompson,49
50,Cancelled, ,M L S,Yes,6.77,26.12,Investor Sale,,Jessica Lin,50
51,Accepted Offer,Cancelled,Internal,Yes,17.93,17.48,,,Jessica Lin,51
52,New,Pending,M.L.S.,Yes,3.92,9.42,Downsizing,No,Amit Kumar,52
53,Cancelled,Cancelled,Broker,,4.39,15.26,Downsizing,,David Thompson,53
54, Closed, ,Broker,,3.29,28.66,,Yes,Samantha Pierce,54
55,Null,Close,Opendoor,Yes,4.41,28.95,,Yes,Michael Chen,55
56,Accepted Offer,Kick,M L S,,18.27,5.18,,Yes,Priya Sharma,56
57, ,Null,Bulk,No,14.66,26.38,Downsizing,No,Luis Garcia,57
58,Null,Null,Internal,Yes,3.86,13.52,Downsizing,No,Jason Miller,58
59,Null,Pending,M L S,No,8.95,18.91,,Yes,Samantha Pierce,59
60, Closed,Always Kick,Opendoor,Yes,3.76,14.3,Investor Sale,No,Jessica Lin,60
61, Closed, ,M L S,,12.51,12.03,Job Transfer,Yes,Priya Sharma,61
62,Reviewed,Closed,Bulk,,8.34,8.7,Job Transfer,No,Emily Patel,62
63,Closed, ,Auction.com,No,7.35,25.43,,Yes,Michael Chen,63
64,New, Close , MLS,Yes,8.32,7.31,Investor Sale,No,Jason Miller,64
65,Reviewed,Null,Opendoor,,18.48,26.27,,,Jessica Lin,65
66,Reviewed,Null,M L S,,10.42,21.22,Investor Sale,No,Jason Miller,66
67,Accepted Offer,Available,Bulk,Yes,8.49,25.72,Job Transfer,Yes,David Thompson,67
68,Neww,Kick,M.L.S.,No,7.65,25.31,Downsizing,Yes,Amit Kumar,68
69,Cancelled,Pend,M.L.S.,Yes,6.56,10.01,,Yes,Luis Garcia,69
70,Closed,Available,Opendoor,No,9.51,8.46,Job Transfer,,David Thompson,70
71,Neww,Cancel,Opendoor,Yes,16.63,9.11,Job Transfer,,Priya Sharma,71
72,Neww,Pending,M.L.S.,,2.35,16.4,Job Transfer,,Samantha Pierce,72
73,Offered,Kick, MLS,Yes,5.9,13.48,Job Transfer,Yes,Emily Patel,73
74, ,Available,M L S,Yes,14.83,27.09,Downsizing,Yes,Samantha Pierce,74
75,New,Available,M.L.S.,,4.26,23.58,Job Transfer,,Amit Kumar,75
76,Neww,Cancelled,M L S,,10.27,29.08,Job Transfer,,Priya Sharma,76
77,Cancelled,Closed,Internal,,14.16,7.79,,No,Michael Chen,77
78,Neww,Kick,Bulk,,15.8,22.12,Investor Sale,Yes,Michael Chen,78
79,Accepted Offer,Cancel,M.L.S.,No,18.07,12.49,,Yes,David Thompson,79
80, Closed, ,M.L.S.,No,19.0,15.74,Downsizing,No,Michael Chen,80
81,Neww,Always Kick,M L S,No,12.65,9.96,Downsizing,,Jason Miller,81
82,Offered,Pend,M L S,No,7.21,24.07,Job Transfer,No,Samantha Pierce,82
83,New,Available,Auction.com,Yes,3.72,6.54,,No,Jason Miller,83
84,Offered, ,M L S,No,7.76,24.85,,Yes,Samantha Pierce,84
85, ,Close,Internal,No,2.56,28.59,Investor Sale,,Luis Garcia,85
86,Cancelled,Available,Auction.com,No,10.33,23.03,Investor Sale,Yes,Luis Garcia,86
87, Closed,Pend,Auction.com,No,10.83,20.57,,,Michael Chen,87
88,Cancelled,Close,Auction.com,No,7.23,18.2,Investor Sale,No,Michael Chen,88
89,Accepted Offer,Null,Opendoor,,13.39,9.5,Investor Sale,No,Jason Miller,89
90,New,Closed,Opendoor,No,10.35,19.95,,,Jason Miller,90
91,New,Pending,Internal,,15.11,22.69,Job Transfer,Yes,Amit Kumar,91
92,Closed,Cancel,Broker,Yes,5.22,11.21,Investor Sale,Yes,Luis Garcia,92
93, Closed,Always Kick,M.L.S.,,6.86,26.11,Downsizing,Yes,Michael Chen,93
94,Closed,Kick,Auction.com,Yes,19.79,6.73,Downsizing,Yes,Priya Sharma,94
95,Closed, ,M L S,No,4.12,14.33,Downsizing,,Sophia Williams,95
96,Closed,Null,M L S,,17.29,29.01,Job Transfer,,Samantha Pierce,96
97,Offered,Cancel,M L S,Yes,10.26,22.27,Downsizing,,Priya Sharma,97
98, Closed,Null,M L S,No,17.39,26.89,,Yes,Amit Kumar,98
99,Null,Close,Broker,Yes,8.1,26.63,Investor Sale,Yes,Michael Chen,99
100,New,Pending,Auction.com,No,3.08,10.17,Downsizing,Yes,Jessica Lin,100
101,Closed,Cancelled,M L S,No,4.24,15.46,Downsizing,,Amit Kumar,101
102,Offered,Null,Internal,No,12.34,15.5,Job Transfer,,Luis Garcia,102
103, ,Cancelled,Internal,No,14.33,26.26,,No,David Thompson,103
104,Cancelled,Pend,Broker,,12.8,25.66,,Yes,Michael Chen,104
105,Accepted Offer,Close,Auction.com,No,4.77,22.52,Job Transfer,Yes,Michael Chen,105
106,Reviewed,Cancel,Bulk,Yes,10.03,23.72,Job Transfer,Yes,Samantha Pierce,106
107,Offered,Close,Bulk,Yes,8.43,17.68,Investor Sale,Yes,Priya Sharma,107
108,Cancelled,Pending,Opendoor,Yes,2.71,19.64,Investor Sale,Yes,Michael Chen,108
109,Closed,Cancel, MLS,,2.99,20.63,,,David Thompson,109
110, ,Available,M.L.S.,,10.89,7.12,Downsizing,,Michael Chen,110
111,Null,Available,Auction.com,,9.29,24.0,,,Sophia Williams,111
112,New,Closed,Opendoor,,13.56,21.48,Investor Sale,No,Emily Patel,112
113,Reviewed,Null, MLS,Yes,6.03,6.13,Investor Sale,No,David Thompson,113
114,Reviewed, Close ,Opendoor,Yes,4.2,7.4,,,Amit Kumar,114
115,Reviewed,Kick,Internal,Yes,10.17,27.59,Job Transfer,,David Thompson,115
116,Closed,Null,Internal,No,9.47,29.84,,Yes,Sophia Williams,116
117,Reviewed,Cancelled,Auction.com,,12.12,25.84,,Yes,Jason Miller,117
118,Null,Cancel,Opendoor,No,6.69,27.92,Investor Sale,,Jason Miller,118
119,Null,Kick, MLS,,16.02,8.46,Job Transfer,No,Amit Kumar,119
120,Reviewed,Available,Broker,,4.51,15.56,Job Transfer,Yes,Jason Miller,120
121,Accepted Offer,Always Kick,Opendoor,Yes,7.34,6.67,,,Luis Garcia,121
122,Closed, Close ,M L S,Yes,18.97,8.51,Investor Sale,Yes,David Thompson,122
123,Cancelled,Closed, MLS,No,9.6,15.04,Investor Sale,,Emily Patel,123
124,Neww, , MLS,No,18.99,5.47,,Yes,Luis Garcia,124
125,Cancelled, Close ,Broker,Yes,6.63,23.4,,Yes,Luis Garcia,125
126, ,Cancelled, MLS,Yes,16.93,19.31,Job Transfer,No,Samantha Pierce,126
127,Cancelled,Closed,Bulk,No,2.08,22.75,Downsizing,No,Samantha Pierce,127
128, Closed,Null, MLS,,2.47,25.51,,No,Jason Miller,128
129, Closed,Kick,Opendoor,No,5.27,16.69,Investor Sale,,Emily Patel,129
130,Offered,Closed,Opendoor,Yes,17.52,22.02,,No,Samantha Pierce,130
131,Neww,Kick,Auction.com,No,18.45,24.35,Investor Sale,Yes,Jason Miller,131
132,Cancelled, ,Broker,No,10.4,5.65,Downsizing,No,Priya Sharma,132
133,Cancelled,Closed,Bulk,No,3.44,13.72,Investor Sale,,Luis Garcia,133
134, Closed,Close,Opendoor,,14.37,18.71,,Yes,Emily Patel,134
135,Null,Cancelled,Bulk,,11.68,12.75,Job Transfer,Yes,Jessica Lin,135
136,Reviewed,Available,Internal,No,14.06,20.46,Downsizing,,Jason Miller,136
137,Neww,Closed,Opendoor,,10.33,14.43,Downsizing,,David Thompson,137
138,Offered,Pending,Auction.com,Yes,2.19,10.51,Downsizing,,Emily Patel,138
139,Reviewed,Close,Opendoor,No,7.96,27.61,,,Emily Patel,139
140,Null, ,Bulk,,3.01,5.96,Downsizing,,Amit Kumar,140
141,Closed, ,Opendoor,Yes,5.61,21.92,Investor Sale,No,Emily Patel,141
142,Null,Null,M L S,Yes,12.54,17.64,,Yes,Luis Garcia,142
143,Offered,Pending,Bulk,,19.28,27.44,Downsizing,,Amit Kumar,143
144,Cancelled,Pend,Internal,No,9.51,5.41,,,Luis Garcia,144
145,Reviewed,Cancelled,Bulk,No,9.45,23.7,Downsizing,No,Jessica Lin,145
146,Neww, , MLS,Yes,17.36,15.53,,,David Thompson,146
147,Offered,Pending,Auction.com,Yes,12.41,25.97,Job Transfer,,Jessica Lin,147
148,New,Pending, MLS,Yes,7.31,8.42,Investor Sale,No,Emily Patel,148
149, ,Pend,M.L.S.,,5.54,6.82,,No,Michael Chen,149
150,Reviewed, ,Auction.com,Yes,15.65,11.4,Downsizing,Yes,Emily Patel,150
151,Neww,Closed,Internal,Yes,2.54,10.5,Job Transfer,No,Sophia Williams,151
152,Accepted Offer,Cancelled,M.L.S.,No,19.94,21.41,Investor Sale,Yes,Sophia Williams,152
153,New,Kick,Opendoor,No,12.31,17.38,Job Transfer,Yes,Sophia Williams,153
154,Neww,Cancel,Internal,Yes,3.98,23.17,Investor Sale,,Samantha Pierce,154
155,Offered,Pending,Auction.com,,3.15,18.42,Job Transfer,No,Michael Chen,155
156,New,Pending, MLS,No,17.07,14.04,Investor Sale,No,Emily Patel,156
157,Offered,Always Kick,Internal,Yes,8.93,16.42,,Yes,Michael Chen,157
158,Closed,Pend,Bulk,Yes,13.0,23.52,Downsizing,No,Emily Patel,158
159,Offered,Available, MLS,,19.33,20.49,,,Jason Miller,159
160,Null,Pend,M.L.S.,Yes,11.46,12.12,Downsizing,,Luis Garcia,160
161,Closed,Null, MLS,Yes,9.02,15.72,Downsizing,No,Luis Garcia,161
162,New,Kick,Auction.com,Yes,8.06,29.81,Downsizing,Yes,David Thompson,162
163,Offered,Close, MLS,Yes,5.15,14.43,Investor Sale,No,Jason Miller,163
164, Closed,Cancelled,Opendoor,Yes,15.61,24.41,Downsizing,,Sophia Williams,164
165,Null, ,M L S,,5.95,21.03,,Yes,Priya Sharma,165
166,Closed,Kick,Bulk,No,18.33,14.67,Investor Sale,No,Amit Kumar,166
167,Null,Pending,M.L.S.,,2.7,7.92,Downsizing,,Amit Kumar,167
168,Accepted Offer,Close,Bulk,Yes,12.0,28.67,Downsizing,No,Sophia Williams,168
169, Closed,Cancelled,Internal,,9.08,9.57,Downsizing,,David Thompson,169
170,Cancelled, Close ,Bulk,No,15.92,23.16,Downsizing,No,David Thompson,170
171, Closed,Closed,M L S,Yes,4.46,19.94,Downsizing,,Jason Miller,171
172,Offered,Null, MLS,Yes,16.15,7.8,Investor Sale,No,Jason Miller,172
173,Accepted Offer,Null,Internal,Yes,3.11,10.77,Downsizing,Yes,Jessica Lin,173
174,Accepted Offer,Cancel,Internal,,8.16,14.13,Investor Sale,No,Samantha Pierce,174
175,Neww,Pend,Opendoor,No,6.36,23.75,Job Transfer,No,Jessica Lin,175
176,Null,Pend,M L S,Yes,18.07,25.09,,Yes,Samantha Pierce,176
177,Accepted Offer,Null,Bulk,No,19.86,23.16,Downsizing,,Jessica Lin,177
178,Closed,Cancelled,Broker,No,5.64,8.56,,,David Thompson,178
179, ,Pending,M L S,,5.58,19.62,,Yes,Luis Garcia,179
180,Neww, ,Opendoor,Yes,10.56,22.77,Downsizing,No,David Thompson,180
181,Neww,Available,M L S,No,12.73,27.03,Job Transfer,Yes,Sophia Williams,181
182,Cancelled,Available,Internal,No,15.54,5.35,Job Transfer,No,David Thompson,182
183,Reviewed,Closed,Broker,Yes,15.22,25.85,Downsizing,No,Sophia Williams,183
184,Cancelled,Null,Bulk,No,16.2,6.34,Investor Sale,Yes,David Thompson,184
185, Closed, ,Auction.com,No,9.45,22.71,Downsizing,Yes,Amit Kumar,185
186,Cancelled,Cancelled,M.L.S.,,12.22,21.49,,,Emily Patel,186
187,Closed,Available,Auction.com,Yes,7.37,21.86,,,Sophia Williams,187
188,Closed,Pend,Auction.com,No,12.41,14.78,Downsizing,,David Thompson,188
189,Cancelled,Pending,M L S,No,2.71,24.69,Job Transfer,Yes,Priya Sharma,189
190,Accepted Offer, ,M.L.S.,No,9.21,26.64,Investor Sale,,Sophia Williams,190
191,Closed,Close,Auction.com,,2.06,16.02,Downsizing,No,Samantha Pierce,191
192,New,Close,M.L.S.,Yes,13.94,11.29,Investor Sale,No,Emily Patel,192
193,Accepted Offer,Cancel,M.L.S.,,16.98,5.27,Investor Sale,,Jessica Lin,193
194,Reviewed,Cancelled, MLS,Yes,5.01,9.82,Downsizing,Yes,Priya Sharma,194
195, ,Kick,Broker,No,9.48,7.74,Job Transfer,,Sophia Williams,195
196,Offered,Closed,M L S,Yes,14.08,22.06,,No,Sophia Williams,196
197,New,Kick,M.L.S.,No,2.15,29.6,Downsizing,No,Samantha Pierce,197
198,Null,Cancel, MLS,,10.1,19.43,Downsizing,,David Thompson,198
199, Closed, ,Bulk,No,8.44,9.03,Job Transfer,Yes,Luis Garcia,199
200, Closed, ,Broker,Yes,19.32,28.42,Investor Sale,,Luis Garcia,200
201,Accepted Offer,Null,M.L.S.,Yes,14.87,7.85,,,Emily Patel,201
202,Cancelled,Null,M.L.S.,No,7.78,19.46,Job Transfer,No,Emily Patel,202
203,Accepted Offer,Available,Broker,Yes,10.8,13.77,Downsizing,,Amit Kumar,203
204,Accepted Offer,Null,M L S,Yes,16.9,25.13,Downsizing,Yes,David Thompson,204
205,New,Kick,M L S,No,18.98,21.16,Downsizing,No,Sophia Williams,205
206,Offered,Kick,M L S,Yes,9.41,12.65,Job Transfer,,Emily Patel,206
207,Cancelled,Kick,Broker,No,6.49,28.33,Investor Sale,,Samantha Pierce,207
208,Neww,Available,M L S,Yes,14.26,20.14,Job Transfer,,Michael Chen,208
209,Neww,Pend,Bulk,Yes,5.34,15.85,Investor Sale,,Priya Sharma,209
210, , Close ,M L S,,16.43,7.6,,,Emily Patel,210
211,Closed,Pend,Auction.com,Yes,19.25,10.28,Investor Sale,,Luis Garcia,211
212,Null, Close ,M L S,Yes,12.64,11.85,Job Transfer,Yes,Samantha Pierce,212
213,Accepted Offer,Always Kick,Bulk,Yes,2.52,17.28,Job Transfer,Yes,David Thompson,213
214,Accepted Offer,Closed,Bulk,Yes,4.7,26.79,Investor Sale,Yes,Luis Garcia,214
215,New,Null,Internal,,13.92,28.74,Job Transfer,Yes,Amit Kumar,215
216,Cancelled,Pending,Broker,,15.01,6.07,Investor Sale,No,David Thompson,216
217, ,Null, MLS,,16.62,24.93,Downsizing,Yes,Jason Miller,217
218, ,Kick,Internal,,5.71,9.31,Downsizing,,Luis Garcia,218
219,Offered,Kick,Auction.com,No,15.77,25.76,Investor Sale,No,David Thompson,219
220,Neww,Cancelled,Opendoor,No,12.94,5.29,Downsizing,Yes,Luis Garcia,220
221, ,Available,Opendoor,No,19.58,23.22,Job Transfer,,Luis Garcia,221
222, Closed,Cancel,Opendoor,Yes,14.25,10.87,,,Luis Garcia,222
223,Null,Cancelled,Bulk,No,19.07,17.62,Downsizing,,Michael Chen,223
224,Accepted Offer,Pending,Opendoor,,7.59,6.27,Investor Sale,No,Amit Kumar,224
225,Closed, Close , MLS,,6.13,8.22,Job Transfer,No,Priya Sharma,225
226,Neww,Kick,Bulk,No,6.29,29.26,,,Jason Miller,226
227,Offered,Kick,Broker,No,2.66,19.94,Downsizing,No,Samantha Pierce,227
228,Offered, ,M.L.S.,,17.14,25.16,Investor Sale,,Jessica Lin,228
229,Reviewed,Cancelled,Broker,Yes,14.26,23.71,Downsizing,No,Luis Garcia,229
230, Closed,Cancel,Bulk,Yes,8.7,24.05,Job Transfer,Yes,Luis Garcia,230
231,Reviewed,Cancelled,Auction.com,Yes,19.02,22.97,,,Samantha Pierce,231
232,Cancelled,Cancel,Auction.com,Yes,19.86,18.73,Job Transfer,,Priya Sharma,232
233,Neww, Close ,M L S,Yes,14.4,23.26,Investor Sale,No,Samantha Pierce,233
234,Neww,Close, MLS,No,19.97,9.59,Downsizing,Yes,David Thompson,234
235, ,Cancelled,Auction.com,Yes,15.2,19.6,Investor Sale,Yes,Jessica Lin,235
236,Neww,Close,Bulk,Yes,4.39,12.83,Job Transfer,Yes,David Thompson,236
237, ,Kick,Internal,,14.26,15.71,,,Priya Sharma,237
238, , ,Broker,Yes,9.96,25.65,,Yes,Luis Garcia,238
239,Offered,Cancel,Broker,No,3.19,23.27,Job Transfer,No,David Thompson,239
240,Cancelled,Kick,Internal,,14.62,17.79,Job Transfer,Yes,Emily Patel,240
241, ,Pending,M L S,No,4.57,5.08,,Yes,Luis Garcia,241
242,Reviewed,Available,Auction.com,No,9.05,27.32,Investor Sale,,Michael Chen,242
243,Reviewed,Always Kick,Broker,No,5.92,14.65,Investor Sale,,Priya Sharma,243
244,New,Cancelled,Opendoor,,9.94,23.9,Downsizing,No,Emily Patel,244
245,Accepted Offer, Close ,M L S,No,19.85,10.91,Downsizing,,Jason Miller,245
246, , , MLS,Yes,5.46,25.15,Downsizing,,Michael Chen,246
247,Offered,Null,M.L.S.,Yes,11.26,18.67,Investor Sale,No,Samantha Pierce,247
248,Accepted Offer,Pend,M L S,,2.82,22.67,Investor Sale,,Michael Chen,248
249,Closed,Kick,M.L.S.,No,18.91,11.5,Investor Sale,,Jason Miller,249
250,Neww,Cancel,M.L.S.,Yes,17.03,28.3,Job Transfer,No,Amit Kumar,250
251,Neww,Null,M.L.S.,No,3.94,13.43,Investor Sale,Yes,Sophia Williams,251
252,Closed,Available, MLS,Yes,2.41,21.6,Job Transfer,,Jessica Lin,252
253,New,Closed,Auction.com,Yes,7.65,29.06,,,Sophia Williams,253
254, Closed,Cancelled,Internal,,8.58,17.17,Investor Sale,,Jessica Lin,254
255, ,Cancel,M L S,,4.14,20.3,Investor Sale,Yes,Samantha Pierce,255
256,Reviewed,Kick,M.L.S.,,14.85,29.68,Investor Sale,No,Michael Chen,256
257,Closed, Close ,M L S,,9.93,6.82,Job Transfer,No,Jason Miller,257
258,Offered,Kick,M.L.S.,Yes,7.58,20.68,Downsizing,,Jason Miller,258
259, ,Available,Bulk,Yes,3.03,7.26,Job Transfer,Yes,Sophia Williams,259
260, Closed,Cancel,M.L.S.,,17.66,14.07,Downsizing,Yes,Michael Chen,260
261,Null,Cancel,Auction.com,No,3.64,13.54,Job Transfer,No,Sophia Williams,261
262, ,Pending,Opendoor,Yes,16.96,10.04,Investor Sale,,Sophia Williams,262
263,New,Always Kick,Internal,,6.34,24.35,Downsizing,Yes,Luis Garcia,263
264,Cancelled,Cancelled,Internal,,16.82,20.67,Investor Sale,No,Jessica Lin,264
265,New,Cancel, MLS,,19.71,6.45,Job Transfer,No,Michael Chen,265
266,Null,Null,Auction.com,No,13.23,25.39,Job Transfer,Yes,Luis Garcia,266
267,Cancelled,Closed,Bulk,,16.88,6.63,Downsizing,No,Samantha Pierce,267
268,Neww, ,Broker,Yes,4.11,27.52,Downsizing,Yes,Jason Miller,268
269,Accepted Offer,Kick,M L S,No,11.12,29.61,,Yes,Michael Chen,269
270,Cancelled,Null,M L S,No,7.58,22.25,Investor Sale,,David Thompson,270
271,Reviewed,Closed,Opendoor,No,19.96,12.23,Job Transfer,,Samantha Pierce,271
272,Cancelled,Kick,Opendoor,No,5.91,8.46,Investor Sale,,Amit Kumar,272
273,Null,Always Kick,Bulk,,3.3,18.61,Downsizing,No,Samantha Pierce,273
274,Closed,Null,M.L.S.,No,5.69,25.08,Investor Sale,,Amit Kumar,274
275,Accepted Offer,Null,Broker,Yes,13.04,18.16,Job Transfer,No,Jason Miller,275
276, Closed,Cancelled,Bulk,,18.33,7.69,Downsizing,Yes,Priya Sharma,276
277,New,Pend,Broker,,6.08,14.92,,,Priya Sharma,277
278,Neww,Available,Auction.com,No,16.11,19.38,Job Transfer,,Amit Kumar,278
279,New,Cancelled,Auction.com,No,15.21,23.09,Downsizing,,Luis Garcia,279
280,Neww, ,Bulk,No,19.11,8.46,Investor Sale,,Samantha Pierce,280
281,Offered,Pending,Bulk,No,3.34,27.28,Job Transfer,,Jason Miller,281
282,Offered,Close,M L S,No,6.38,15.21,Downsizing,,Priya Sharma,282
283,Null,Always Kick,M L S,No,11.66,18.88,Investor Sale,,Samantha Pierce,283
284,New,Pend,M L S,No,18.0,17.48,Job Transfer,,Samantha Pierce,284
285, ,Null,Bulk,,2.68,6.86,Investor Sale,,Samantha Pierce,285
286,Offered,Null,Broker,No,5.25,25.16,,,Priya Sharma,286
287,Closed,Cancel,Broker,Yes,4.1,6.52,Job Transfer,No,Sophia Williams,287
288,New,Null,M L S,Yes,14.2,27.8,Job Transfer,,Jason Miller,288
289,Offered,Kick,M.L.S.,Yes,3.64,21.29,Investor Sale,No,Sophia Williams,289
290,New,Cancel,M L S,Yes,13.12,25.55,Job Transfer,,Emily Patel,290
291,Cancelled,Cancel,Internal,Yes,10.57,22.0,,Yes,Sophia Williams,291
292,Cancelled, Close ,Bulk,,18.69,14.21,Investor Sale,No,Samantha Pierce,292
293,Cancelled,Null,Internal,,16.57,24.4,,,David Thompson,293
294,Accepted Offer,Close,Bulk,Yes,6.24,18.94,Job Transfer,Yes,Luis Garcia,294
295, Closed,Cancel,Broker,Yes,11.79,5.37,Downsizing,Yes,David Thompson,295
296,Offered,Cancel,Broker,Yes,9.25,28.38,Downsizing,No,Samantha Pierce,296
297,Accepted Offer,Available,Auction.com,Yes,14.19,15.25,Job Transfer,,Luis Garcia,297
298,Cancelled,Close,Auction.com,Yes,16.64,13.06,Downsizing,,Priya Sharma,298
299,Null,Cancel,Opendoor,,19.49,23.54,Job Transfer,Yes,David Thompson,299
300,Accepted Offer,Pend,Opendoor,Yes,15.78,21.41,Job Transfer,Yes,Samantha Pierce,300
301,New,Cancel,Internal,,19.64,28.73,Job Transfer,No,Samantha Pierce,301
302, ,Cancelled,Opendoor,Yes,9.11,19.61,Downsizing,No,Amit Kumar,302
303,Offered,Closed,Internal,No,13.13,19.8,,Yes,Samantha Pierce,303
304, Closed,Null,Internal,Yes,12.38,10.6,Downsizing,,David Thompson,304
305, Closed,Kick,M.L.S.,No,6.82,12.83,Downsizing,,Samantha Pierce,305
306,Neww,Pending,Bulk,,18.48,14.91,Investor Sale,No,Jason Miller,306
307,Reviewed,Null,Broker,No,14.77,15.54,Investor Sale,,Priya Sharma,307
308,Accepted Offer, Close ,Opendoor,Yes,2.54,27.28,Job Transfer,No,Priya Sharma,308
309, Closed,Kick,M.L.S.,No,15.04,12.89,Job Transfer,No,Emily Patel,309
310,New,Cancelled,Internal,No,17.39,29.49,Investor Sale,,Amit Kumar,310
311,Accepted Offer,Closed,Broker,No,2.03,23.29,Investor Sale,,Jason Miller,311
312,Closed,Available, MLS,No,3.91,21.11,Investor Sale,Yes,Priya Sharma,312
313,Cancelled,Cancel,Bulk,No,15.18,15.35,,No,Sophia Williams,313
314,Offered, Close , MLS,,11.33,16.42,Investor Sale,Yes,Priya Sharma,314
315,Offered,Pend,Broker,,11.44,16.35,,No,Jessica Lin,315
316,Closed,Pend, MLS,,11.79,28.8,Job Transfer,Yes,David Thompson,316
317,Neww,Pend, MLS,No,14.71,5.67,,,Amit Kumar,317
318,Closed,Available, MLS,Yes,13.67,15.16,Investor Sale,No,Jason Miller,318
319, Closed,Always Kick,M.L.S.,Yes,18.66,22.07,Investor Sale,,Samantha Pierce,319
320,Offered,Close,Auction.com,,11.62,22.63,Downsizing,No,Sophia Williams,320
321,Cancelled,Closed,Bulk,No,10.17,13.28,,,Samantha Pierce,321
322, ,Pend, MLS,,15.43,10.71,Downsizing,Yes,Sophia Williams,322
323,Accepted Offer,Pend,Bulk,,9.42,5.6,,,Sophia Williams,323
324,Cancelled,Closed,Opendoor,Yes,15.08,7.15,Downsizing,,Luis Garcia,324
325,Offered,Pending, MLS,,9.85,5.72,,No,Jessica Lin,325
326,Cancelled,Pend,Broker,Yes,15.15,21.29,Investor Sale,Yes,Michael Chen,326
327,Null, Close ,M L S,,10.31,24.39,,,Luis Garcia,327
328,Reviewed,Cancelled,M.L.S.,No,13.62,20.82,Investor Sale,,Amit Kumar,328
329,Null,Pend,Broker,No,13.6,21.55,Job Transfer,,Jessica Lin,329
330,Null,Cancel,Opendoor,No,19.13,23.05,,,Jessica Lin,330
331,Reviewed,Pend,Auction.com,Yes,5.29,11.44,Job Transfer,Yes,Luis Garcia,331
332, Closed,Null, MLS,Yes,16.25,20.96,Downsizing,,Luis Garcia,332
333,Null,Pending,Bulk,No,12.81,14.03,Downsizing,,Amit Kumar,333
334, ,Cancelled,Bulk,,17.48,17.69,,No,Luis Garcia,334
335, Closed, ,Bulk,Yes,14.04,10.7,Job Transfer,Yes,David Thompson,335
336,Neww,Pend,Broker,,16.91,10.45,Job Transfer,No,Jason Miller,336
337,Cancelled,Close,Internal,Yes,13.45,19.02,Downsizing,No,Samantha Pierce,337
338,Accepted Offer, Close ,Bulk,Yes,7.14,17.22,,Yes,Michael Chen,338
339,Neww,Available, MLS,No,2.94,27.52,Job Transfer,Yes,Emily Patel,339
340,New,Kick,Internal,,18.12,10.23,Job Transfer,No,Michael Chen,340
341, Closed, Close ,M L S,No,10.72,24.62,Downsizing,No,Jessica Lin,341
342,Offered,Null,Auction.com,No,12.58,17.72,Job Transfer,Yes,Jessica Lin,342
343, Closed,Pending,M.L.S.,Yes,19.47,11.47,Investor Sale,No,Luis Garcia,343
344,Null,Null,Internal,,5.83,21.99,Investor Sale,Yes,Jessica Lin,344
345, Closed, ,Auction.com,Yes,4.81,9.83,Downsizing,No,Sophia Williams,345
346,Closed,Pend,Auction.com,,8.99,9.82,Investor Sale,No,Luis Garcia,346
347,Neww,Pending,M.L.S.,No,3.32,18.49,Job Transfer,No,Luis Garcia,347
348,Neww,Null,M L S,,11.21,12.6,Job Transfer,,Michael Chen,348
349, Closed,Pend, MLS,,9.08,21.86,Job Transfer,Yes,Samantha Pierce,349
350,Closed,Close,M L S,No,3.11,18.92,Investor Sale,No,Luis Garcia,350
351,Neww,Null,Internal,No,19.19,24.71,Job Transfer,Yes,David Thompson,351
352,Closed,Closed,M.L.S.,,12.32,27.12,Job Transfer,No,Emily Patel,352
353,Cancelled,Pending,Auction.com,,6.21,19.69,Downsizing,Yes,Luis Garcia,353
354,Neww, ,Bulk,Yes,3.75,18.73,Downsizing,No,Michael Chen,354
355, Closed,Close,Internal,Yes,15.28,15.2,Job Transfer,Yes,Sophia Williams,355
356,Neww,Cancel,Broker,,14.8,10.16,Downsizing,Yes,Sophia Williams,356
357,Reviewed,Kick,Opendoor,,13.25,15.35,,,Michael Chen,357
358,Offered, ,Broker,Yes,17.47,18.38,Downsizing,,Sophia Williams,358
359,Neww,Close,Opendoor,,16.56,26.53,,,Michael Chen,359
360,Null,Available,Internal,,12.95,16.29,Downsizing,Yes,Priya Sharma,360
361,Null,Pend,Broker,No,16.5,17.4,Investor Sale,,Luis Garcia,361
362,Null,Pend,M.L.S.,,4.02,28.04,Job Transfer,No,Priya Sharma,362
363,Neww,Cancel,Opendoor,Yes,2.36,14.54,,,David Thompson,363
364,New,Pend, MLS,Yes,15.83,25.5,Downsizing,,Luis Garcia,364
365, , Close , MLS,Yes,7.06,28.72,Downsizing,No,Luis Garcia,365
366,Closed,Available,Broker,,7.72,11.96,Downsizing,Yes,Luis Garcia,366
367, Closed,Always Kick,M.L.S.,No,15.12,27.77,,,Sophia Williams,367
368,Offered, Close ,Opendoor,No,8.34,18.66,,No,Emily Patel,368
369,Accepted Offer,Closed,M L S,Yes,16.87,28.6,,,Michael Chen,369
370,Reviewed, Close ,Internal,,8.11,6.31,Downsizing,,Michael Chen,370
371, Closed,Closed,Auction.com,Yes,7.68,5.06,Investor Sale,No,Jason Miller,371
372,Null,Cancelled,Bulk,No,8.48,22.07,,No,Emily Patel,372
373,Closed, ,M L S,,15.09,29.78,,No,David Thompson,373
374,Accepted Offer, Close ,M.L.S.,No,8.98,5.04,,,Emily Patel,374
375,Cancelled,Available,M.L.S.,No,4.74,16.25,Downsizing,Yes,Jason Miller,375
376,Accepted Offer, ,Broker,,11.71,19.1,Job Transfer,No,Jessica Lin,376
377,Null,Closed,Broker,No,3.58,11.62,Job Transfer,No,David Thompson,377
378,Accepted Offer,Closed,Broker,Yes,2.94,27.43,,Yes,Amit Kumar,378
379, Closed,Cancel,M L S,No,17.18,17.94,Downsizing,Yes,Priya Sharma,379
380,Offered,Kick,M L S,Yes,6.37,16.31,Job Transfer,No,Jason Miller,380
381,New,Always Kick,Bulk,,6.7,24.23,Job Transfer,,Jason Miller,381
382,Accepted Offer, ,Auction.com,No,12.08,28.25,Downsizing,No,Jason Miller,382
383,Closed,Cancel,Auction.com,,14.24,11.5,Downsizing,No,Amit Kumar,383
384,Neww,Pending,M.L.S.,Yes,7.49,20.75,Downsizing,,Samantha Pierce,384
385,Accepted Offer,Closed,Broker,,3.36,26.53,,Yes,Amit Kumar,385
386,New,Cancel,Internal,No,4.52,8.84,,No,Jessica Lin,386
387,Accepted Offer,Available, MLS,Yes,9.72,19.19,Investor Sale,,Amit Kumar,387
388,New,Cancel,Internal,No,7.17,6.68,Downsizing,,Sophia Williams,388
389, , Close ,Opendoor,No,19.3,6.72,,No,Luis Garcia,389
390,Null,Always Kick, MLS,,17.18,12.36,Downsizing,No,Amit Kumar,390
391,Reviewed,Always Kick,Internal,No,6.06,8.78,Investor Sale,Yes,Samantha Pierce,391
392,Neww,Closed, MLS,No,14.25,22.92,,,Emily Patel,392
393,Reviewed,Cancel,Opendoor,No,2.89,11.05,Investor Sale,Yes,David Thompson,393
394,Offered,Kick,M L S,,12.31,22.97,Downsizing,Yes,Luis Garcia,394
395,Offered,Closed,Auction.com,,3.33,13.01,Job Transfer,No,Emily Patel,395
396,Offered, ,Bulk,Yes,6.97,22.75,Investor Sale,,Jason Miller,396
397,Cancelled,Cancelled,M L S,No,10.7,15.95,,Yes,Priya Sharma,397
398,Accepted Offer,Cancelled,Broker,,13.62,24.21,Job Transfer,No,Jason Miller,398
399,Null,Null, MLS,Yes,2.25,11.76,,,Amit Kumar,399
400,Null,Available, MLS,No,15.59,8.39,Downsizing,No,Michael Chen,400
401,Accepted Offer,Pend,Bulk,,4.74,8.01,Downsizing,Yes,Samantha Pierce,401
402,Neww,Null, MLS,No,15.97,19.47,Investor Sale,,Jessica Lin,402
403,Offered,Kick, MLS,,3.37,16.22,Investor Sale,Yes,Sophia Williams,403
404,Closed,Cancelled,M L S,,2.31,15.26,Job Transfer,,Priya Sharma,404
405,Accepted Offer, ,Auction.com,No,4.5,15.02,Investor Sale,Yes,Amit Kumar,405
406,New,Closed,Bulk,Yes,3.58,10.53,Job Transfer,,Priya Sharma,406
407,Reviewed, Close ,M L S,,13.39,16.81,Investor Sale,Yes,Samantha Pierce,407
408,Cancelled,Pend,Bulk,Yes,8.63,16.29,Investor Sale,No,Sophia Williams,408
409,Cancelled,Null,M L S,,15.32,6.18,Investor Sale,Yes,David Thompson,409
410,Closed,Null, MLS,No,4.3,18.02,Downsizing,Yes,Samantha Pierce,410
411,Reviewed, ,Bulk,,16.72,14.57,,Yes,Sophia Williams,411
412,Offered,Closed,M.L.S.,Yes,19.93,19.97,,No,Jessica Lin,412
413,Accepted Offer,Pending,M L S,,2.48,18.32,Investor Sale,No,Luis Garcia,413
414, ,Kick,M.L.S.,No,12.54,26.47,,Yes,Luis Garcia,414
415,Accepted Offer,Cancelled,Broker,Yes,12.85,12.35,Downsizing,,Luis Garcia,415
416,Accepted Offer,Kick,Opendoor,,5.2,9.2,Investor Sale,No,Jason Miller,416
417,Neww,Cancel,Broker,No,3.48,29.02,,,Amit Kumar,417
418,Offered, ,Bulk,No,12.6,6.11,Job Transfer,,Jessica Lin,418
419, Closed,Always Kick,Internal,Yes,15.68,13.01,,No,Samantha Pierce,419
420,Neww,Cancel, MLS,,19.79,22.75,,,Jason Miller,420
421,Cancelled,Cancel,M.L.S.,Yes,13.48,6.31,Investor Sale,,Emily Patel,421
422, ,Pending,M.L.S.,,18.65,7.43,Investor Sale,No,Priya Sharma,422
423,Accepted Offer,Close,M L S,,17.4,18.12,Investor Sale,No,Luis Garcia,423
424,Cancelled,Pend,Bulk,Yes,12.16,11.68,Downsizing,No,Emily Patel,424
425,Null,Cancelled,Auction.com,No,12.67,12.43,Job Transfer,,Samantha Pierce,425
426,New,Kick,Auction.com,No,15.03,24.19,Investor Sale,Yes,Amit Kumar,426
427,Reviewed,Kick,Opendoor,,11.87,12.21,,,Jason Miller,427
428,Reviewed,Pending,Internal,Yes,7.18,28.64,Investor Sale,No,Amit Kumar,428
429,Closed,Pending,Bulk,No,8.86,5.69,,Yes,Priya Sharma,429
430,Null,Pending,M L S,No,15.62,10.0,Job Transfer,No,Samantha Pierce,430
431,Accepted Offer,Pending,Bulk,,13.89,10.0,Investor Sale,Yes,David Thompson,431
432,Null,Available,Auction.com,Yes,7.72,28.0,,,Jason Miller,432
433,Offered,Pend, MLS,No,3.27,14.15,Downsizing,No,David Thompson,433
434,Reviewed,Pending,M.L.S.,Yes,4.12,25.57,Investor Sale,No,Sophia Williams,434
435,Neww, ,M L S,,7.99,9.08,,Yes,Michael Chen,435
436, ,Pending,Broker,Yes,7.45,10.15,Job Transfer,No,Michael Chen,436
437,Closed,Always Kick,Bulk,No,8.71,22.33,Job Transfer,,Michael Chen,437
438,Offered, ,Internal,No,9.94,17.2,Investor Sale,,Jason Miller,438
439,New,Kick,Internal,Yes,5.28,5.51,Downsizing,No,Emily Patel,439
440,Null,Cancelled,M L S,,17.88,18.73,Job Transfer,Yes,Emily Patel,440
441,Offered,Cancelled,Broker,Yes,18.87,15.36,Investor Sale,No,Sophia Williams,441
442,Offered,Null,Opendoor,,6.88,22.92,,No,Emily Patel,442
443,Reviewed,Cancel,Opendoor,No,10.21,20.24,Job Transfer,,David Thompson,443
444, Closed,Closed, MLS,No,18.02,22.04,Investor Sale,No,Sophia Williams,444
445,Offered,Cancel,Broker,No,3.7,15.44,Downsizing,,David Thompson,445
446, Closed, Close ,Bulk,,19.44,19.67,Job Transfer,Yes,Amit Kumar,446
447,Null, , MLS,No,15.91,21.87,Downsizing,Yes,Amit Kumar,447
448, ,Available,Bulk,Yes,18.23,24.06,,No,Luis Garcia,448
449,Neww,Null,M L S,,12.37,8.97,Job Transfer,No,Amit Kumar,449
450,Offered,Closed,Broker,,3.81,9.89,Job Transfer,,David Thompson,450
451,Neww,Always Kick,Internal,No,15.1,17.49,Job Transfer,Yes,Sophia Williams,451
452,Cancelled,Pending,M L S,No,2.05,14.88,Investor Sale,No,Samantha Pierce,452
453,Reviewed,Kick,Opendoor,Yes,4.42,19.78,,No,Luis Garcia,453
454,Cancelled, Close ,Auction.com,,11.88,14.73,Job Transfer,,Michael Chen,454
455,Cancelled,Kick,Bulk,Yes,16.65,6.46,Downsizing,Yes,Sophia Williams,455
456, Closed,Pend,Internal,Yes,9.2,28.26,Downsizing,,Samantha Pierce,456
457, Closed,Close,M.L.S.,No,2.89,25.27,,No,Samantha Pierce,457
458,Accepted Offer,Cancelled,M L S,,6.75,12.26,Downsizing,,Samantha Pierce,458
459,Neww,Kick,Bulk,Yes,10.27,27.44,,,Priya Sharma,459
460,Closed,Cancel,M.L.S.,No,8.61,15.28,,,Emily Patel,460
461,Offered,Pend,Opendoor,Yes,2.09,21.51,,Yes,Luis Garcia,461
462, Closed,Pend,Auction.com,Yes,14.34,26.7,Job Transfer,Yes,Samantha Pierce,462
463,New, ,Broker,,18.89,21.56,,No,Amit Kumar,463
464,Neww,Always Kick, MLS,Yes,16.78,5.02,Job Transfer,Yes,David Thompson,464
465,Offered,Pending,Auction.com,Yes,14.67,27.16,Downsizing,,Sophia Williams,465
466,Reviewed,Available,Auction.com,,17.84,13.1,Downsizing,Yes,Priya Sharma,466
467,Accepted Offer,Close,M.L.S.,No,5.66,12.98,Investor Sale,Yes,David Thompson,467
468,Offered, ,M L S,,8.7,19.2,Job Transfer,Yes,Jason Miller,468
469,Null,Pend, MLS,,12.4,22.91,,,Sophia Williams,469
470, ,Pend,Internal,,17.98,14.57,Job Transfer,No,Michael Chen,470
471,Accepted Offer, Close ,Auction.com,Yes,14.64,10.56,Job Transfer,Yes,Samantha Pierce,471
472,Closed,Available,Broker,No,18.25,9.9,,No,David Thompson,472
473, ,Closed,Broker,,14.76,29.41,,Yes,Priya Sharma,473
474, ,Pending,Broker,,7.62,11.55,,,Michael Chen,474
475,Reviewed, Close ,Opendoor,,18.64,28.17,Investor Sale,Yes,Michael Chen,475
476, ,Available,Opendoor,Yes,8.85,14.08,Investor Sale,Yes,Jessica Lin,476
477,New,Pending,Auction.com,No,3.24,11.91,Downsizing,,Luis Garcia,477
478,Accepted Offer,Null,Bulk,Yes,13.32,8.09,Investor Sale,No,Amit Kumar,478
479, Closed,Null,Opendoor,Yes,3.02,11.39,Investor Sale,,Emily Patel,479
480,Reviewed, ,M L S,,4.6,27.11,Investor Sale,No,Sophia Williams,480
481,Reviewed,Null,M L S,No,11.24,29.0,Downsizing,Yes,Amit Kumar,481
482,Null, ,M L S,Yes,2.28,7.86,Investor Sale,Yes,Amit Kumar,482
483, ,Kick,Opendoor,Yes,18.0,6.43,Job Transfer,No,David Thompson,483
484,New, , MLS,Yes,5.64,23.05,Job Transfer,No,Amit Kumar,484
485,Null,Pending,M.L.S.,Yes,18.76,14.8,Job Transfer,No,Samantha Pierce,485
486,New,Kick,Opendoor,,7.91,20.98,,,Amit Kumar,486
487,New,Null,Broker,Yes,2.87,13.75,Investor Sale,,Michael Chen,487
488,Null,Available,Auction.com,,19.95,25.09,Downsizing,Yes,Michael Chen,488
489,Offered,Close, MLS,,16.15,11.65,Downsizing,Yes,Samantha Pierce,489
490, ,Null,Broker,Yes,2.99,27.33,Downsizing,,Jessica Lin,490
491,Closed,Kick,M L S,Yes,14.19,19.73,Downsizing,No,Priya Sharma,491
492,Null,Always Kick,M L S,Yes,6.46,15.55,Job Transfer,,Priya Sharma,492
493,Null, Close , MLS,No,5.54,21.88,Job Transfer,Yes,Amit Kumar,493
494,Offered,Null,M L S,Yes,4.17,19.11,,Yes,Samantha Pierce,494
495, Closed,Cancel,Auction.com,,11.04,14.29,Downsizing,No,Sophia Williams,495
496,New,Kick,M L S,Yes,4.64,20.2,Investor Sale,,Samantha Pierce,496
497,Null,Close,M.L.S.,No,13.41,5.24,Downsizing,,Jessica Lin,497
498,Closed,Available,M.L.S.,Yes,17.67,14.84,,Yes,Luis Garcia,498
499, Closed,Cancelled, MLS,No,14.39,26.47,Job Transfer,,Sophia Williams,499
500,Offered, Close ,Internal,,15.19,23.18,Downsizing,,Emily Patel,500
501,Reviewed, ,Bulk,Yes,2.97,15.65,Job Transfer,,Michael Chen,501
502,Cancelled,Always Kick,Opendoor,No,4.18,27.64,Investor Sale,No,Jessica Lin,502
503,Cancelled,Available,Broker,Yes,7.54,17.13,,No,Michael Chen,503
504,Reviewed,Pending,M.L.S.,No,3.24,26.2,Investor Sale,No,David Thompson,504
505,Accepted Offer,Pend,Internal,Yes,17.41,20.87,,No,Jessica Lin,505
506,Cancelled, Close , MLS,,9.65,19.47,Job Transfer,No,Sophia Williams,506
507,Null,Closed,M L S,Yes,14.8,28.33,Downsizing,Yes,Luis Garcia,507
508,Reviewed,Pend,Internal,Yes,10.6,22.42,Investor Sale,,Sophia Williams,508
509,New,Always Kick,Broker,No,3.6,10.44,Job Transfer,No,Jason Miller,509
510,Cancelled,Cancel,Auction.com,No,9.74,29.15,,Yes,Samantha Pierce,510
511, ,Cancelled,Auction.com,No,6.78,12.39,,Yes,Luis Garcia,511
512,Null,Closed, MLS,,5.35,11.95,Job Transfer,Yes,Priya Sharma,512
513,Accepted Offer,Cancel,Bulk,,11.86,17.58,Downsizing,No,Jessica Lin,513
514, ,Cancel,Internal,No,8.09,7.43,Job Transfer,Yes,Priya Sharma,514
515, ,Cancelled,Internal,No,14.5,22.75,,,Michael Chen,515
516,Neww,Closed,M L S,Yes,14.05,16.95,Investor Sale,,Jason Miller,516
517,New,Null,Opendoor,No,19.09,26.67,Investor Sale,No,Jessica Lin,517
518,Cancelled,Closed,Broker,Yes,7.43,29.55,,,Jessica Lin,518
519,Null,Close,Opendoor,No,19.31,24.33,Investor Sale,,Luis Garcia,519
520,Closed, Close ,Bulk,Yes,6.45,21.41,Job Transfer,No,Michael Chen,520
521,Closed, Close ,Internal,Yes,14.96,10.87,Downsizing,No,Emily Patel,521
522,Null,Available,Bulk,,14.58,29.8,Downsizing,,Luis Garcia,522
523,New,Null,M.L.S.,,14.75,7.13,Investor Sale,Yes,Emily Patel,523
524,Offered,Cancel,Bulk,Yes,13.51,5.5,,No,Jason Miller,524
525,Cancelled,Close,Opendoor,Yes,9.11,12.1,Downsizing,Yes,Priya Sharma,525
526,Offered,Pending,M L S,,12.98,7.32,,,Sophia Williams,526
527,Null,Cancel,Broker,No,15.96,5.1,,Yes,Emily Patel,527
528, Closed,Always Kick,Internal,,12.55,17.18,Investor Sale,No,Priya Sharma,528
529, Closed, ,Bulk,No,7.19,27.54,,Yes,Michael Chen,529
530,Offered,Always Kick,M.L.S.,,11.64,12.46,Downsizing,No,Luis Garcia,530
531,Reviewed,Always Kick,Opendoor,No,18.73,23.87,Investor Sale,Yes,David Thompson,531
532,Closed,Close,Auction.com,No,17.87,9.28,Job Transfer,Yes,Michael Chen,532
533,Reviewed,Kick,Auction.com,No,9.15,8.35,Job Transfer,Yes,Priya Sharma,533
534, Closed,Pend,Broker,Yes,2.36,9.92,Downsizing,Yes,Luis Garcia,534
535,Accepted Offer,Pend,Broker,,16.33,13.31,Job Transfer,No,Michael Chen,535
536,Offered,Cancel,Internal,Yes,4.11,23.58,Job Transfer,Yes,Samantha Pierce,536
537,New, ,Internal,,3.08,16.74,Investor Sale,No,Amit Kumar,537
538,Neww,Close,Auction.com,Yes,19.48,8.1,,No,David Thompson,538
539,Closed,Cancel,Broker,No,14.06,18.64,Job Transfer,No,David Thompson,539
540,Neww,Pending,Internal,,6.67,15.24,Downsizing,,Emily Patel,540
541, ,Always Kick,Bulk,,2.84,22.67,Downsizing,Yes,Michael Chen,541
542,Closed,Kick, MLS,Yes,13.4,8.78,Downsizing,No,Emily Patel,542
543,Null,Available, MLS,No,4.94,24.1,Investor Sale,,Emily Patel,543
544,Reviewed,Null,Internal,,4.87,28.72,Downsizing,No,Jessica Lin,544
545,Null,Close,Opendoor,No,4.41,12.39,Downsizing,Yes,Jason Miller,545
546,Cancelled,Close,M L S,Yes,11.72,6.97,,No,Sophia Williams,546
547,Closed,Kick,Broker,,19.33,5.77,Downsizing,Yes,Samantha Pierce,547
548,Offered,Cancel,M L S,,14.66,10.53,Investor Sale,,Amit Kumar,548
549,Cancelled,Close,M L S,No,11.48,8.14,Job Transfer,No,Luis Garcia,549
550,Offered,Cancelled,Bulk,Yes,8.77,22.63,Investor Sale,Yes,David Thompson,550
551,Closed,Closed,Auction.com,Yes,14.11,8.47,Investor Sale,,Jessica Lin,551
552,Closed, , MLS,,13.55,26.9,Job Transfer,,Michael Chen,552
553,Neww,Pending,Bulk,No,14.36,24.14,Job Transfer,No,Sophia Williams,553
554,Offered,Cancel,Internal,Yes,14.44,26.0,Job Transfer,No,Jason Miller,554
555, Closed,Available,Opendoor,Yes,12.03,18.23,Job Transfer,No,Luis Garcia,555
556,Neww,Cancelled,Auction.com,,19.41,22.05,,No,David Thompson,556
557,Accepted Offer,Pending, MLS,No,2.5,23.77,,Yes,Michael Chen,557
558,Accepted Offer,Kick, MLS,,10.9,12.18,Downsizing,,David Thompson,558
559,Neww,Cancelled,Bulk,No,15.34,14.55,Investor Sale,Yes,Sophia Williams,559
560,Offered,Kick,Broker,,9.57,8.27,Job Transfer,Yes,Jason Miller,560
561,Closed,Closed, MLS,,15.06,15.01,Job Transfer,Yes,Luis Garcia,561
562,New,Always Kick,Bulk,Yes,12.42,14.55,Job Transfer,,Sophia Williams,562
563,Cancelled, Close ,M L S,,6.8,9.83,Investor Sale,No,Emily Patel,563
564,Accepted Offer, ,Broker,Yes,3.97,16.86,Downsizing,Yes,Jessica Lin,564
565,Null,Null,Broker,No,16.82,23.56,Downsizing,Yes,David Thompson,565
566,Reviewed,Close,Auction.com,Yes,2.84,9.85,Job Transfer,,Amit Kumar,566
567,Neww,Cancel,Auction.com,No,13.75,7.89,Investor Sale,No,David Thompson,567
568,Offered,Kick,Internal,,5.61,14.15,,,Luis Garcia,568
569, ,Pending,M.L.S.,,15.13,9.64,Job Transfer,,Emily Patel,569
570,Reviewed,Closed,Auction.com,,14.7,5.63,Job Transfer,Yes,Amit Kumar,570
571,Offered,Cancelled, MLS,,8.84,15.66,Downsizing,Yes,Jessica Lin,571
572,Accepted Offer,Always Kick,Opendoor,,9.68,10.33,Investor Sale,Yes,Amit Kumar,572
573,Accepted Offer,Cancelled,Bulk,,3.19,13.21,Job Transfer,,Michael Chen,573
574, ,Null,M L S,Yes,11.73,21.13,Job Transfer,,Samantha Pierce,574
575, Closed,Always Kick,Bulk,Yes,5.83,19.36,Investor Sale,No,Emily Patel,575
576,Cancelled,Pend,M L S,Yes,17.73,15.92,Job Transfer,,Jessica Lin,576
577,Neww,Cancelled,M.L.S.,,16.97,20.89,Investor Sale,No,Luis Garcia,577
578,Neww,Pend,Internal,No,14.55,9.67,Job Transfer,No,Priya Sharma,578
579,Offered, ,Opendoor,Yes,15.53,14.78,Job Transfer,Yes,Michael Chen,579
580,Closed,Close,Opendoor,No,8.52,14.52,Job Transfer,No,Samantha Pierce,580
581,Cancelled,Kick,Bulk,,6.28,9.16,Downsizing,No,Jason Miller,581
582,Neww, Close ,Opendoor,No,6.25,5.66,Investor Sale,,Jessica Lin,582
583,Null,Available,M.L.S.,,18.49,24.7,,,Michael Chen,583
584,Neww,Always Kick, MLS,No,4.93,29.49,Job Transfer,No,Sophia Williams,584
585,Accepted Offer,Available,M L S,,19.43,21.53,Downsizing,No,Amit Kumar,585
586, ,Pend,M L S,,12.15,21.2,Downsizing,No,Amit Kumar,586
587, ,Cancel,Broker,No,9.93,22.34,Job Transfer,Yes,Amit Kumar,587
588,Offered,Null,M L S,,15.9,15.62,,Yes,Sophia Williams,588
589,New,Closed,Auction.com,Yes,13.58,10.33,,,David Thompson,589
590, ,Null, MLS,,4.59,24.93,Downsizing,,Sophia Williams,590
591,Accepted Offer,Closed,M L S,Yes,3.29,29.62,Downsizing,No,Sophia Williams,591
592,Cancelled,Kick,Bulk,Yes,8.8,9.78,Investor Sale,Yes,Priya Sharma,592
593,Closed,Kick,Opendoor,Yes,10.79,16.32,,,Jessica Lin,593
594,Neww,Available,Opendoor,Yes,11.05,6.99,Downsizing,No,Amit Kumar,594
595,Reviewed,Pend, MLS,Yes,18.83,21.44,,No,David Thompson,595
596,Neww,Always Kick,Auction.com,No,15.21,28.06,Investor Sale,Yes,Jason Miller,596
597,Cancelled,Null,Broker,No,5.04,25.41,Investor Sale,,Emily Patel,597
598,Accepted Offer,Always Kick, MLS,,3.03,19.51,Downsizing,No,Luis Garcia,598
599,Closed, ,Broker,,17.31,6.98,,,Samantha Pierce,599
600,Reviewed,Null,M L S,,5.89,7.66,Downsizing,,Samantha Pierce,600
601, Closed,Pend,Broker,No,16.01,23.82,Investor Sale,Yes,David Thompson,601
602,Cancelled,Available,Auction.com,No,17.58,27.78,Downsizing,No,Jason Miller,602
603,New,Always Kick,Bulk,No,9.5,20.48,,Yes,Priya Sharma,603
604,Cancelled, ,M.L.S.,No,19.52,13.08,Downsizing,,David Thompson,604
605,Cancelled,Kick,M.L.S.,Yes,4.99,14.8,Job Transfer,,Jessica Lin,605
606, Closed,Cancelled,Auction.com,Yes,10.63,23.76,,No,Amit Kumar,606
607, ,Available,Internal,No,18.88,26.32,Downsizing,Yes,Priya Sharma,607
608,Neww,Close,Auction.com,Yes,3.66,24.0,Job Transfer,No,Emily Patel,608
609,Offered,Cancel,Broker,Yes,9.59,6.72,Investor Sale,No,David Thompson,609
610, ,Kick,M.L.S.,,5.29,28.89,Downsizing,Yes,Michael Chen,610
611,Closed,Cancelled,Auction.com,,11.72,25.93,Investor Sale,Yes,Jessica Lin,611
612,Offered,Kick,Internal,Yes,9.42,20.54,Downsizing,No,Jason Miller,612
613,Reviewed,Kick, MLS,Yes,10.47,16.14,Job Transfer,Yes,Emily Patel,613
614,Neww, ,M L S,No,17.77,11.09,Downsizing,,Jessica Lin,614
615,Offered,Closed,Opendoor,No,12.13,26.62,Downsizing,Yes,Luis Garcia,615
616,Accepted Offer,Close, MLS,Yes,16.16,24.23,Downsizing,No,Emily Patel,616
617,Reviewed, Close ,Broker,Yes,10.16,8.36,Downsizing,Yes,David Thompson,617
618,Cancelled,Always Kick,Auction.com,,16.84,15.33,,Yes,Jason Miller,618
619,Reviewed,Available,Internal,No,2.59,18.53,Investor Sale,No,Jessica Lin,619
620,Accepted Offer,Kick,M L S,No,2.42,29.04,Downsizing,No,Jessica Lin,620
621,Neww,Cancel,Bulk,No,16.92,16.69,Investor Sale,No,Amit Kumar,621
622, ,Pending,Broker,Yes,11.01,19.02,Downsizing,,Jason Miller,622
623, ,Cancelled,M.L.S.,,7.67,10.62,Downsizing,No,Michael Chen,623
624,Reviewed,Available,Broker,,2.25,23.14,Job Transfer,No,Samantha Pierce,624
625,New,Pend,Bulk,,2.93,20.48,,,Jason Miller,625
626,Accepted Offer,Always Kick,M.L.S.,Yes,19.1,24.3,Job Transfer,No,Sophia Williams,626
627,Neww,Closed,Bulk,Yes,19.69,23.54,Investor Sale,Yes,Luis Garcia,627
628,Offered, Close ,M.L.S.,Yes,18.18,12.06,Job Transfer,,Emily Patel,628
629,Offered,Always Kick,Broker,No,9.36,15.43,Investor Sale,,Emily Patel,629
630,Null,Close,M L S,No,11.57,20.64,Job Transfer,,Emily Patel,630
631,Accepted Offer,Cancel,Auction.com,,7.17,10.86,,No,Jessica Lin,631
632,New,Kick,Opendoor,No,19.1,17.76,Job Transfer,,David Thompson,632
633,Cancelled,Available,Opendoor,,11.6,23.59,Investor Sale,No,Samantha Pierce,633
634,Cancelled,Always Kick,Auction.com,,5.2,26.26,Downsizing,Yes,Emily Patel,634
635,Cancelled, ,Opendoor,,4.48,17.15,Job Transfer,No,David Thompson,635
636,Neww,Closed,M.L.S.,Yes,9.87,24.86,Investor Sale,,Emily Patel,636
637,Closed,Always Kick,Internal,,11.82,28.25,,,Priya Sharma,637
638,Accepted Offer,Null,Bulk,,11.12,11.43,Downsizing,Yes,Jason Miller,638
639,Closed,Cancel, MLS,Yes,17.56,28.97,Investor Sale,Yes,Michael Chen,639
640, Closed,Cancelled,Auction.com,Yes,12.85,11.99,Investor Sale,Yes,Luis Garcia,640
641,Neww, ,M L S,Yes,7.76,15.16,,No,Jason Miller,641
642,Null, ,Internal,Yes,13.67,15.73,Job Transfer,Yes,Jessica Lin,642
643,New, Close ,Auction.com,,19.57,24.23,Job Transfer,No,Priya Sharma,643
644,Null,Cancel,Broker,No,17.01,27.64,,,Sophia Williams,644
645,Accepted Offer,Always Kick,Broker,No,18.49,15.34,Job Transfer,No,Jason Miller,645
646,Null,Closed,Opendoor,Yes,15.11,28.17,,No,Amit Kumar,646
647,New,Pend,Internal,Yes,19.07,17.87,Downsizing,No,Priya Sharma,647
648,Cancelled,Always Kick, MLS,,16.24,18.75,,No,Amit Kumar,648
649, ,Pending,Internal,Yes,4.58,28.72,Job Transfer,Yes,Sophia Williams,649
650,Accepted Offer,Always Kick,M L S,Yes,14.03,29.5,,No,Michael Chen,650
651,Reviewed,Always Kick,Opendoor,Yes,17.55,5.19,Downsizing,,Emily Patel,651
652, ,Cancel,Internal,No,7.3,24.08,Downsizing,,Emily Patel,652
653,Neww,Close,M.L.S.,No,8.68,19.01,Downsizing,No,Luis Garcia,653
654,Reviewed, Close , MLS,Yes,16.72,8.52,,No,David Thompson,654
655, Closed,Closed,Auction.com,No,15.22,24.78,Investor Sale,No,David Thompson,655
656,Null,Cancelled,Opendoor,No,6.25,29.13,Investor Sale,,Jessica Lin,656
657,Null, Close ,M L S,,8.56,19.98,,,Emily Patel,657
658,New, Close ,Broker,,16.7,14.67,Downsizing,Yes,Jason Miller,658
659, Closed,Closed,Internal,,9.87,14.82,Investor Sale,,Amit Kumar,659
660, Closed,Kick,Opendoor,,7.27,24.43,Job Transfer,No,Priya Sharma,660
661,Offered, ,Broker,Yes,4.15,20.51,,Yes,Amit Kumar,661
662,Accepted Offer,Kick,Opendoor,,8.56,26.61,Job Transfer,No,Samantha Pierce,662
663,Reviewed, Close ,Broker,,18.9,7.46,Investor Sale,,Priya Sharma,663
664,Closed,Always Kick,Opendoor,,2.87,15.81,Downsizing,No,David Thompson,664
665,New,Cancelled,Bulk,,7.62,5.72,Downsizing,,Sophia Williams,665
666,Offered,Available,Broker,No,17.18,10.71,,,Priya Sharma,666
667,Null, ,Bulk,No,12.94,14.23,Job Transfer,Yes,Amit Kumar,667
668,Closed,Available,Internal,,12.71,28.62,Investor Sale,No,Luis Garcia,668
669,Null,Cancel, MLS,No,10.94,12.62,,Yes,Jessica Lin,669
670,Accepted Offer,Closed,Internal,Yes,3.76,8.37,Investor Sale,No,Priya Sharma,670
671,Reviewed,Cancelled, MLS,Yes,15.73,5.3,Job Transfer,Yes,Amit Kumar,671
672,Accepted Offer,Null, MLS,Yes,14.2,24.7,Job Transfer,No,David Thompson,672
673,Reviewed,Kick,Broker,Yes,12.9,20.9,Downsizing,Yes,Jessica Lin,673
674,Offered, ,Bulk,Yes,18.12,25.23,Job Transfer,,Michael Chen,674
675, Closed,Available, MLS,,14.07,18.87,,,Amit Kumar,675
676,Neww,Close,Opendoor,Yes,5.59,15.59,,No,Sophia Williams,676
677,Offered,Close,M.L.S.,,3.33,8.21,,No,Samantha Pierce,677
678,Null,Available, MLS,,17.98,27.98,Job Transfer,No,Samantha Pierce,678
679,Cancelled,Pending,M L S,No,3.89,18.19,,No,Amit Kumar,679
680,Null, ,Broker,No,6.42,5.2,,,Priya Sharma,680
681,Null,Pend,Auction.com,Yes,15.0,22.13,Investor Sale,,Jessica Lin,681
682, Closed, Close ,Broker,,4.23,8.25,,No,Emily Patel,682
683,New,Pend,M.L.S.,No,15.65,28.4,,No,David Thompson,683
684, Closed,Cancel,Opendoor,,5.95,19.09,Job Transfer,No,Jessica Lin,684
685,Offered,Pending,Bulk,,7.26,14.34,,No,Emily Patel,685
686,Reviewed,Close,Auction.com,No,14.35,26.34,Investor Sale,Yes,Luis Garcia,686
687,Offered,Null,Broker,No,15.44,5.42,Investor Sale,Yes,Samantha Pierce,687
688,Offered,Null,Internal,,13.81,23.11,,Yes,Emily Patel,688
689,Accepted Offer,Always Kick,Opendoor,No,8.43,5.59,Investor Sale,Yes,Emily Patel,689
690,Cancelled,Pend,Auction.com,Yes,13.46,25.91,Downsizing,No,Sophia Williams,690
691,Cancelled,Kick,Broker,,2.14,23.65,Downsizing,No,Michael Chen,691
692, ,Cancelled,Auction.com,,15.38,20.23,Job Transfer,Yes,Emily Patel,692
693,Null,Always Kick,Bulk,Yes,7.42,28.46,Job Transfer,,Michael Chen,693
694,Offered,Cancel,Broker,No,17.86,12.72,Investor Sale,Yes,Samantha Pierce,694
695, ,Available, MLS,,19.09,21.86,Job Transfer,Yes,Jason Miller,695
696,Closed,Cancel, MLS,Yes,3.38,22.82,Investor Sale,,Michael Chen,696
697,New, , MLS,No,19.21,24.33,,,Jessica Lin,697
698,Neww,Cancel, MLS,No,3.67,27.36,Downsizing,Yes,Sophia Williams,698
699,Null,Cancelled,Auction.com,No,11.93,18.17,Downsizing,,Jason Miller,699
700,Accepted Offer,Always Kick,Opendoor,,11.33,26.14,,No,Michael Chen,700
701,Cancelled, ,M.L.S.,,4.95,8.5,Job Transfer,Yes,Priya Sharma,701
702,Null,Pending,M L S,No,17.21,21.22,Downsizing,No,Samantha Pierce,702
703,Closed,Null,M L S,,12.1,19.53,Investor Sale,Yes,Jason Miller,703
704,Reviewed,Pend,Internal,Yes,9.36,26.0,,,Amit Kumar,704
705, ,Closed,M.L.S.,Yes,14.11,29.34,Downsizing,No,Sophia Williams,705
706,Cancelled,Cancel,Auction.com,Yes,5.05,24.83,,No,Amit Kumar,706
707,Neww,Kick,Bulk,No,17.09,23.77,Downsizing,No,Emily Patel,707
708,Null,Kick,Opendoor,Yes,6.38,18.57,Job Transfer,,Sophia Williams,708
709,Reviewed,Kick,Bulk,Yes,18.42,7.69,,No,David Thompson,709
710,Neww,Always Kick,Bulk,,17.65,8.29,Investor Sale,,David Thompson,710
711,Neww,Null,Bulk,Yes,4.57,10.01,Job Transfer,No,Sophia Williams,711
712, ,Kick,M L S,No,4.88,19.03,Downsizing,No,Michael Chen,712
713,Neww, ,Auction.com,,7.17,7.61,Investor Sale,No,Amit Kumar,713
714,Reviewed,Closed,Opendoor,,17.97,25.64,Job Transfer,,Priya Sharma,714
715,Null,Pend,Auction.com,No,9.24,19.01,Investor Sale,,Michael Chen,715
716,Closed,Always Kick,M L S,No,13.19,23.74,Downsizing,Yes,Michael Chen,716
717, Closed,Null,Opendoor,No,18.79,29.9,,,Jason Miller,717
718, Closed,Null,M L S,,15.05,13.58,Investor Sale,,Amit Kumar,718
719,Accepted Offer,Close, MLS,No,5.61,28.28,Downsizing,,Sophia Williams,719
720,Reviewed,Available,Internal,,6.77,9.83,Job Transfer,,Priya Sharma,720
721, ,Pending, MLS,,11.48,21.66,,No,Jessica Lin,721
722, , Close , MLS,Yes,17.14,19.21,Job Transfer,No,Priya Sharma,722
723, ,Cancel,Auction.com,,17.92,25.1,Downsizing,Yes,David Thompson,723
724,Closed,Cancel, MLS,No,8.53,22.46,,Yes,David Thompson,724
725,Cancelled,Available,Bulk,,7.13,8.38,,,Sophia Williams,725
726,Accepted Offer,Always Kick,Bulk,Yes,18.27,5.79,Job Transfer,,Jessica Lin,726
727,Offered,Cancel,Bulk,,4.31,9.94,Investor Sale,Yes,Amit Kumar,727
728,Neww,Cancel,Broker,No,6.75,26.84,,,Luis Garcia,728
729, ,Pending,Auction.com,,19.79,11.83,Investor Sale,No,Luis Garcia,729
730,New,Available,Broker,No,14.72,14.28,Investor Sale,,Jessica Lin,730
731, Closed,Closed,Bulk,No,19.28,14.31,Job Transfer,,Priya Sharma,731
732,Null, Close ,Internal,Yes,13.17,20.03,,Yes,Sophia Williams,732
733, Closed, ,M L S,Yes,13.01,18.16,Investor Sale,No,Amit Kumar,733
734,Reviewed,Closed,Broker,No,12.3,17.05,Downsizing,No,Luis Garcia,734
735,Reviewed, Close , MLS,,10.36,13.47,Downsizing,,David Thompson,735
736,New,Always Kick,Bulk,,10.04,28.15,Job Transfer,,Michael Chen,736
737,New,Pending,M L S,,7.32,19.88,Investor Sale,No,Samantha Pierce,737
738,Reviewed,Pending,Bulk,No,8.6,25.14,,,Emily Patel,738
739,Offered,Null,M L S,No,11.61,8.76,,No,Amit Kumar,739
740,Cancelled,Always Kick,M L S,,5.65,13.34,Job Transfer,Yes,Sophia Williams,740
741,Accepted Offer,Pending,M L S,No,6.11,28.47,Downsizing,Yes,Amit Kumar,741
742,Null,Cancelled, MLS,Yes,14.46,8.09,Job Transfer,Yes,Luis Garcia,742
743,Closed,Kick,Broker,No,15.12,15.39,,Yes,Emily Patel,743
744,Closed, ,Broker,Yes,14.07,15.5,Job Transfer,No,Samantha Pierce,744
745,Null,Available,M.L.S.,Yes,18.49,21.75,Downsizing,Yes,Michael Chen,745
746,Accepted Offer,Close,Internal,Yes,14.03,23.59,Investor Sale,Yes,Jason Miller,746
747,New,Closed,Broker,No,18.76,10.33,,,Luis Garcia,747
748,Reviewed,Available,Bulk,Yes,2.47,13.28,,,Samantha Pierce,748
749,Closed,Close,Opendoor,Yes,4.64,20.97,,No,Michael Chen,749
750,Null,Pending,Internal,Yes,19.86,6.15,Job Transfer,,Sophia Williams,750
751,New,Cancel,Broker,,13.33,27.33,Job Transfer,No,David Thompson,751
752,Null,Closed,Broker,No,3.6,11.11,Investor Sale,Yes,Sophia Williams,752
753,New,Close,Broker,No,5.02,27.82,Downsizing,,Sophia Williams,753
754,Closed, ,M L S,Yes,13.74,27.34,Job Transfer,Yes,Priya Sharma,754
755,Closed, ,Opendoor,No,7.44,26.58,,,Jessica Lin,755
756,New,Null,M L S,,5.46,26.91,Downsizing,,Luis Garcia,756
757,Neww,Available,Broker,,19.81,5.85,Downsizing,,Priya Sharma,757
758,Null,Pend,Opendoor,Yes,11.18,17.4,Investor Sale,No,Priya Sharma,758
759,Reviewed,Pending,Auction.com,,3.76,14.27,Downsizing,No,David Thompson,759
760,Offered,Pend,Broker,No,4.88,28.61,Downsizing,No,Sophia Williams,760
761,Closed,Always Kick, MLS,Yes,18.92,24.26,Investor Sale,No,Samantha Pierce,761
762,New,Available,Auction.com,No,11.82,21.57,Job Transfer,,Jessica Lin,762
763,Neww, Close ,Auction.com,Yes,6.96,25.03,Job Transfer,,Luis Garcia,763
764,Closed,Pend,Auction.com,No,19.2,29.13,,Yes,Sophia Williams,764
765,Offered,Pending,M L S,No,2.92,5.89,,Yes,Amit Kumar,765
766,Closed,Null,Auction.com,Yes,6.1,25.0,Investor Sale,No,Samantha Pierce,766
767, Closed,Closed,M L S,No,7.22,15.91,,Yes,Michael Chen,767
768,Closed,Always Kick,Auction.com,Yes,11.78,24.45,Downsizing,No,Emily Patel,768
769,Null, Close ,Opendoor,No,11.91,8.94,Investor Sale,Yes,Emily Patel,769
770,Accepted Offer, ,M.L.S.,No,6.2,24.59,Job Transfer,Yes,Samantha Pierce,770
771, ,Cancel,Opendoor,No,18.34,15.09,Job Transfer,No,Priya Sharma,771
772,New,Kick,Internal,,12.26,8.65,,,Jessica Lin,772
773,Null,Available,M L S,No,6.61,21.44,,Yes,Samantha Pierce,773
774,Offered,Available,M.L.S.,No,6.74,8.34,Downsizing,,Sophia Williams,774
775,Reviewed,Pend,Auction.com,Yes,11.81,20.04,Investor Sale,Yes,David Thompson,775
776,Neww,Pend,Broker,,13.86,16.82,Investor Sale,Yes,Sophia Williams,776
777,Cancelled,Cancel,Bulk,,4.09,6.44,Investor Sale,No,Emily Patel,777
778,Accepted Offer,Close,Internal,Yes,17.56,5.53,Investor Sale,No,David Thompson,778
779,Cancelled,Pend,Bulk,Yes,16.86,22.52,Investor Sale,,Jessica Lin,779
780, ,Cancel,Internal,Yes,2.25,13.22,Job Transfer,,Samantha Pierce,780
781,Null,Available,M.L.S.,,15.41,7.7,Job Transfer,No,Samantha Pierce,781
782,New,Pend,Bulk,,2.77,11.0,,No,David Thompson,782
783, ,Pending,M L S,Yes,10.34,10.59,Job Transfer,No,Jason Miller,783
784,New,Pend,Opendoor,,2.61,24.05,Job Transfer,,Michael Chen,784
785,Reviewed,Pending,M L S,No,4.97,12.15,Investor Sale,,Amit Kumar,785
786,Neww, Close ,Opendoor,No,2.81,16.32,Investor Sale,Yes,Sophia Williams,786
787,Neww,Pending, MLS,,16.49,25.24,,No,Amit Kumar,787
788, Closed,Cancel,Broker,,16.96,13.94,,Yes,Jason Miller,788
789,Null, Close ,M L S,No,5.59,16.46,Downsizing,,Luis Garcia,789
790,Null,Kick,M L S,,5.75,30.0,Job Transfer,Yes,Priya Sharma,790
791,New,Closed,Opendoor,No,14.63,12.7,Investor Sale,,Priya Sharma,791
792,Closed,Always Kick,Auction.com,,4.13,18.33,Downsizing,Yes,Priya Sharma,792
793, Closed,Available,Bulk,Yes,16.06,11.77,,,Jason Miller,793
794,Closed,Cancelled,Auction.com,Yes,18.93,17.04,Downsizing,,Jessica Lin,794
795,Closed,Cancel,Bulk,No,9.22,18.65,,,Amit Kumar,795
796,Offered, ,Opendoor,,17.09,22.37,Job Transfer,,Jason Miller,796
797,Neww,Closed,M.L.S.,Yes,15.02,19.34,Investor Sale,No,Jason Miller,797
798,Cancelled,Pending, MLS,Yes,6.89,12.55,Investor Sale,Yes,Emily Patel,798
799, ,Available,Internal,No,12.24,25.44,,No,Jason Miller,799
800,New,Close,Auction.com,Yes,4.62,5.59,Downsizing,No,David Thompson,800
801,Null,Closed,Internal,No,18.43,15.28,Job Transfer,Yes,Priya Sharma,801
802,Closed,Pend, MLS,Yes,2.96,11.94,Downsizing,No,David Thompson,802
803, Closed,Closed,Bulk,Yes,10.05,14.01,,Yes,Jessica Lin,803
804, ,Pend,Broker,No,19.45,20.89,Downsizing,,Amit Kumar,804
805,Null,Kick,M.L.S.,,12.95,23.51,Investor Sale,,Sophia Williams,805
806,Offered,Close,Internal,Yes,15.63,25.27,,No,Luis Garcia,806
807, Closed,Pend,Bulk,,2.62,21.08,Job Transfer,,Jason Miller,807
808,Closed,Null, MLS,No,15.39,9.77,Investor Sale,Yes,Emily Patel,808
809, Closed,Kick,M.L.S.,No,5.7,20.53,Job Transfer,No,Jessica Lin,809
810,Null,Pend, MLS,Yes,9.3,28.53,Downsizing,No,Samantha Pierce,810
811,Null, ,Opendoor,,3.83,26.01,Job Transfer,No,David Thompson,811
812,Reviewed,Pend,Bulk,,3.85,8.66,,No,Amit Kumar,812
813,Null,Kick,M.L.S.,No,7.02,12.8,,Yes,Luis Garcia,813
814,Reviewed,Cancelled,Bulk,Yes,3.54,25.84,Job Transfer,No,Jason Miller,814
815, ,Closed,M L S,Yes,15.87,18.24,,Yes,Priya Sharma,815
816, Closed,Kick,Broker,Yes,9.1,27.1,Investor Sale,No,Emily Patel,816
817,Accepted Offer,Always Kick,Opendoor,No,11.03,7.71,Investor Sale,No,Sophia Williams,817
818,New,Closed,Opendoor,,7.47,26.29,Downsizing,,Samantha Pierce,818
819,New,Pend,Auction.com,Yes,19.99,29.62,,No,David Thompson,819
820, Closed,Kick,Opendoor,Yes,19.15,10.6,,,Jessica Lin,820
821, , , MLS,Yes,18.13,18.53,Job Transfer,Yes,Emily Patel,821
822,Accepted Offer,Cancel, MLS,No,3.4,26.96,Investor Sale,Yes,Jason Miller,822
823,Closed,Cancelled,Internal,Yes,5.23,7.04,Downsizing,No,Michael Chen,823
824,Closed,Cancelled,M L S,Yes,3.91,9.23,Job Transfer,Yes,Priya Sharma,824
825,Neww,Close,Auction.com,,15.04,14.28,Investor Sale,No,Emily Patel,825
826,Closed,Closed,M.L.S.,Yes,3.97,14.26,Investor Sale,Yes,Emily Patel,826
827,Cancelled,Always Kick, MLS,No,2.55,24.74,,,Amit Kumar,827
828,Accepted Offer,Cancelled,M L S,Yes,14.59,13.18,Investor Sale,,Jessica Lin,828
829,Null,Available,Auction.com,,4.41,12.36,Investor Sale,,Sophia Williams,829
830,Accepted Offer,Always Kick,Bulk,,7.55,6.88,Downsizing,Yes,Luis Garcia,830
831,Neww,Null,Bulk,Yes,18.0,21.28,,,Michael Chen,831
832, Closed,Pending,M.L.S.,No,4.48,9.36,,,David Thompson,832
833, ,Always Kick,Internal,,19.15,29.63,Downsizing,,Michael Chen,833
834,Neww, ,M.L.S.,Yes,12.36,17.33,Job Transfer,,David Thompson,834
835,Closed,Available,M L S,,6.49,10.15,Downsizing,No,Amit Kumar,835
836,New,Always Kick,Opendoor,,18.98,29.16,,Yes,Priya Sharma,836
837,Accepted Offer,Null,Opendoor,No,10.82,15.19,Job Transfer,No,Michael Chen,837
838,Reviewed,Pending,Opendoor,Yes,16.76,6.76,Investor Sale,,Amit Kumar,838
839,New, Close , MLS,,18.37,24.38,Downsizing,,Jason Miller,839
840,Null,Cancelled, MLS,No,3.95,26.08,,Yes,Amit Kumar,840
841,Reviewed,Pending,Internal,Yes,12.19,9.82,Downsizing,,Samantha Pierce,841
842,Cancelled,Pending,Bulk,,15.81,29.26,Downsizing,,Sophia Williams,842
843,Closed,Available,Auction.com,Yes,4.62,18.35,,,Amit Kumar,843
844, Closed,Closed,Auction.com,Yes,5.82,17.07,Investor Sale,,David Thompson,844
845,Accepted Offer,Pending,Internal,No,17.78,14.6,Job Transfer,Yes,Luis Garcia,845
846, Closed,Kick,Auction.com,,4.67,12.63,,,Samantha Pierce,846
847,Reviewed,Closed,Internal,No,19.9,21.4,Job Transfer,,David Thompson,847
848, ,Pend,Internal,Yes,3.28,24.59,,No,David Thompson,848
849,Cancelled, ,M L S,Yes,19.1,16.91,,Yes,Emily Patel,849
850,Offered,Always Kick,Broker,No,12.57,21.15,Job Transfer,,Emily Patel,850
851,Neww,Kick,Opendoor,Yes,17.62,6.58,Job Transfer,No,Jessica Lin,851
852,Offered, Close ,Internal,No,13.03,22.85,Job Transfer,No,Jason Miller,852
853,Neww,Kick,Auction.com,,3.92,8.38,Job Transfer,Yes,Samantha Pierce,853
854,Reviewed,Kick, MLS,No,14.0,28.69,Investor Sale,,Jessica Lin,854
855,Neww,Null,Bulk,No,2.56,26.58,Job Transfer,No,Luis Garcia,855
856,Cancelled, Close ,Broker,Yes,3.92,12.33,Job Transfer,Yes,Priya Sharma,856
857,Neww,Close,M.L.S.,No,3.16,8.56,Investor Sale,No,Amit Kumar,857
858,Neww,Cancel,Bulk,Yes,6.26,24.49,Investor Sale,No,Luis Garcia,858
859,Reviewed,Cancel,Opendoor,Yes,7.52,13.72,Investor Sale,No,Samantha Pierce,859
860,Reviewed,Pending,Bulk,Yes,8.66,23.76,Investor Sale,Yes,Samantha Pierce,860
861, Closed,Close,Auction.com,No,14.45,29.16,Downsizing,No,Michael Chen,861
862,Neww,Pend,Broker,,8.16,19.24,Investor Sale,Yes,Luis Garcia,862
863, ,Available,M L S,Yes,14.76,20.38,Job Transfer,Yes,Samantha Pierce,863
864, ,Pending,Broker,Yes,5.91,21.89,Investor Sale,Yes,Jason Miller,864
865,Cancelled,Pending,M L S,Yes,16.33,10.96,,Yes,Luis Garcia,865
866,Null, ,M.L.S.,Yes,19.67,9.27,Investor Sale,Yes,Priya Sharma,866
867,Cancelled,Cancel,M.L.S.,No,16.03,21.99,Downsizing,Yes,Amit Kumar,867
868,Accepted Offer,Always Kick,Internal,Yes,15.76,12.95,,Yes,Amit Kumar,868
869, , ,Bulk,Yes,18.62,7.18,Job Transfer,,Michael Chen,869
870,Accepted Offer,Null,Internal,No,19.63,16.28,Investor Sale,No,Michael Chen,870
871,Accepted Offer,Pend,Internal,Yes,11.33,25.47,Job Transfer,Yes,Michael Chen,871
872,Neww,Null,M.L.S.,,18.11,28.72,Downsizing,Yes,Samantha Pierce,872
873,Null,Cancel,M.L.S.,,12.0,10.36,Job Transfer,No,Sophia Williams,873
874,New,Closed,M.L.S.,No,18.0,20.74,,,Priya Sharma,874
875,Cancelled,Always Kick,Broker,Yes,10.4,14.41,Downsizing,,Jason Miller,875
876,Reviewed, Close ,Bulk,Yes,17.34,17.67,Investor Sale,No,David Thompson,876
877,Null, Close ,Internal,No,15.59,28.99,Job Transfer,,Priya Sharma,877
878,Cancelled,Close,Auction.com,Yes,5.25,29.16,Job Transfer,No,Priya Sharma,878
879,Accepted Offer,Closed,Opendoor,,16.98,23.66,Job Transfer,,David Thompson,879
880,Reviewed,Cancelled,Bulk,,15.79,23.82,Investor Sale,,Michael Chen,880
881,Cancelled,Close,Internal,,19.27,15.45,Downsizing,,Jessica Lin,881
882,Null,Cancel,Internal,Yes,2.31,16.61,Downsizing,Yes,Luis Garcia,882
883, ,Pending,Bulk,No,6.68,18.96,Downsizing,Yes,Priya Sharma,883
884,Neww,Cancelled,Opendoor,Yes,6.91,16.34,Job Transfer,,Jason Miller,884
885, Closed,Pending,Opendoor,,5.04,15.34,,Yes,Sophia Williams,885
886,Offered,Closed,Auction.com,Yes,10.45,22.13,Job Transfer,No,Jessica Lin,886
887,Reviewed,Pend,Internal,,10.35,29.29,,No,Samantha Pierce,887
888,Accepted Offer, Close ,M L S,No,6.91,29.33,,,Samantha Pierce,888
889,Null, Close ,M L S,,16.64,13.85,Downsizing,Yes,Jason Miller,889
890,Null,Cancel,Opendoor,No,10.79,23.46,Job Transfer,Yes,Emily Patel,890
891,Neww,Available,Opendoor,,18.97,19.91,Job Transfer,,Luis Garcia,891
892,Reviewed,Close,Internal,No,19.78,29.11,Downsizing,No,Sophia Williams,892
893,Reviewed,Close,Auction.com,,10.25,7.83,,No,Michael Chen,893
894,Closed,Pending, MLS,,12.16,26.16,Job Transfer,Yes,Samantha Pierce,894
895,Offered, ,Internal,,18.74,15.18,Downsizing,,Luis Garcia,895
896,Reviewed,Always Kick,Internal,No,17.89,18.65,Job Transfer,Yes,Amit Kumar,896
897,Null,Always Kick,Opendoor,No,3.32,17.1,Downsizing,No,Luis Garcia,897
898,Null,Cancelled,Broker,No,2.2,23.39,Job Transfer,No,Luis Garcia,898
899,Null,Available,Auction.com,Yes,7.45,14.46,Job Transfer,Yes,Jessica Lin,899
900,Neww,Always Kick,Auction.com,Yes,19.58,23.03,Investor Sale,Yes,Samantha Pierce,900
901,Accepted Offer,Null,Opendoor,No,18.68,16.78,Job Transfer,Yes,Emily Patel,901
902,Offered, Close ,Auction.com,,4.27,24.0,Investor Sale,Yes,David Thompson,902
903, , Close ,Bulk,,13.39,18.31,Job Transfer,No,Luis Garcia,903
904,Cancelled, ,Internal,Yes,8.88,24.91,Job Transfer,Yes,Priya Sharma,904
905,Closed, ,Bulk,,3.46,6.98,Downsizing,No,Sophia Williams,905
906,Accepted Offer,Kick, MLS,Yes,17.6,28.75,Investor Sale,Yes,Michael Chen,906
907,Reviewed,Always Kick,M L S,Yes,17.37,5.68,Investor Sale,Yes,Samantha Pierce,907
908,Cancelled,Cancel,Opendoor,Yes,12.16,7.35,Job Transfer,Yes,Amit Kumar,908
909,Reviewed,Closed,Auction.com,,10.11,12.07,,,Amit Kumar,909
910,Accepted Offer,Available,M L S,No,15.35,6.7,Investor Sale,,Jason Miller,910
911,Accepted Offer,Available,M.L.S.,Yes,16.57,28.11,,No,Emily Patel,911
912,Null,Pend,Broker,No,16.68,7.23,Investor Sale,,Sophia Williams,912
913,New,Available, MLS,Yes,8.88,24.49,Job Transfer,,Michael Chen,913
914,Offered,Available,Internal,Yes,15.4,23.73,Downsizing,Yes,Emily Patel,914
915,New,Available,Broker,,4.57,8.08,,,Samantha Pierce,915
916,Offered,Close,M L S,No,17.08,10.48,,,Jason Miller,916
917,Reviewed, Close ,M L S,Yes,7.22,14.76,Investor Sale,No,Samantha Pierce,917
918, ,Null,Broker,No,14.14,15.02,Investor Sale,No,Priya Sharma,918
919,Offered,Cancelled,Broker,No,15.48,14.8,Job Transfer,No,Emily Patel,919
920,Null,Kick, MLS,,8.26,26.05,Job Transfer,,Emily Patel,920
921, Closed,Cancel,Internal,,8.68,18.41,Investor Sale,No,Jason Miller,921
922,Accepted Offer,Cancel,Bulk,No,11.97,11.73,Downsizing,,Priya Sharma,922
923,Neww,Pend,Bulk,Yes,6.5,10.84,Job Transfer,No,Luis Garcia,923
924,Null,Cancelled,Internal,,12.59,16.24,Downsizing,No,Priya Sharma,924
925,Null,Kick,Bulk,Yes,8.88,16.65,Downsizing,No,Sophia Williams,925
926,New,Closed,Broker,,7.19,16.77,Investor Sale,No,Michael Chen,926
927,Closed,Available,Internal,Yes,10.28,25.08,Job Transfer,,Michael Chen,927
928,Cancelled,Cancel,Auction.com,,8.87,9.05,Downsizing,Yes,David Thompson,928
929,Offered,Closed,Internal,,7.81,20.49,Downsizing,No,Emily Patel,929
930, Closed, ,Opendoor,,18.06,20.46,Investor Sale,,Emily Patel,930
931, Closed,Available, MLS,Yes,7.06,17.75,Investor Sale,,Priya Sharma,931
932,Reviewed,Close,Bulk,No,7.37,10.37,Downsizing,No,Jason Miller,932
933,Cancelled, ,Auction.com,Yes,8.21,7.95,Investor Sale,No,Samantha Pierce,933
934, Closed,Always Kick,Broker,No,13.6,17.08,Job Transfer,,Emily Patel,934
935,Reviewed,Kick,Internal,No,6.03,25.99,,Yes,Emily Patel,935
936,Cancelled,Pend,Internal,No,11.05,16.83,Investor Sale,Yes,Samantha Pierce,936
937,New,Close,Bulk,,14.93,12.0,Investor Sale,,Jessica Lin,937
938,Cancelled, , MLS,,14.48,21.55,,No,Michael Chen,938
939,Reviewed,Closed,M L S,Yes,9.68,13.94,Downsizing,No,Priya Sharma,939
940, ,Closed,Internal,Yes,13.1,25.12,Investor Sale,No,Michael Chen,940
941,Offered,Closed,Auction.com,,3.8,10.65,Job Transfer,No,Samantha Pierce,941
942,Accepted Offer,Always Kick,M L S,Yes,4.33,10.7,Downsizing,,Emily Patel,942
943,Cancelled,Available,Opendoor,,18.7,16.51,Job Transfer,Yes,Sophia Williams,943
944,Offered,Available,M.L.S.,,2.38,8.54,Investor Sale,No,Samantha Pierce,944
945,Closed,Cancelled,Auction.com,Yes,16.88,25.45,Job Transfer,Yes,David Thompson,945
946,New,Pending,Broker,,8.35,5.91,Investor Sale,Yes,Michael Chen,946
947,Accepted Offer,Available,Auction.com,Yes,9.73,26.05,,,Emily Patel,947
948,Neww,Available,Opendoor,Yes,11.21,6.38,Job Transfer,No,Michael Chen,948
949,Reviewed,Pending, MLS,Yes,4.86,23.49,Investor Sale,Yes,Emily Patel,949
950,Neww,Null,Internal,No,4.73,8.71,Investor Sale,No,Michael Chen,950
951,Closed,Pending,Opendoor,No,6.88,6.04,,Yes,Priya Sharma,951
952,Neww,Pend,Auction.com,No,12.05,10.06,Investor Sale,,Sophia Williams,952
953,Neww,Pend,Broker,No,19.62,22.15,Job Transfer,,Amit Kumar,953
954,Null,Cancel,M L S,,18.88,20.88,,No,Amit Kumar,954
955, ,Cancel,M L S,Yes,17.14,26.51,,,Amit Kumar,955
956, , ,Bulk,Yes,10.91,22.21,Investor Sale,Yes,Amit Kumar,956
957,Offered,Null, MLS,,4.54,11.17,Investor Sale,No,Luis Garcia,957
958,New, ,Auction.com,,16.4,22.54,Investor Sale,Yes,Amit Kumar,958
959,Accepted Offer,Pend,Opendoor,,5.75,9.91,Downsizing,,Amit Kumar,959
960,New, ,Broker,No,15.96,26.53,Investor Sale,No,Emily Patel,960
961, ,Close,Broker,Yes,6.06,21.8,Investor Sale,Yes,Priya Sharma,961
962,New,Always Kick,M.L.S.,No,7.31,27.44,Job Transfer,No,Jessica Lin,962
963,Neww,Close,Internal,,17.56,8.08,Job Transfer,No,Sophia Williams,963
964,New,Available,Opendoor,,10.76,20.78,Job Transfer,Yes,Priya Sharma,964
965,Reviewed,Cancelled,Broker,No,12.85,8.47,Investor Sale,,Emily Patel,965
966,Neww,Always Kick,M.L.S.,No,2.34,17.07,Investor Sale,,Michael Chen,966
967,Offered,Available,M.L.S.,No,17.91,5.16,Downsizing,Yes,Emily Patel,967
968,Null, Close ,Broker,No,7.89,10.13,Job Transfer,Yes,Emily Patel,968
969,Closed,Close,Broker,No,2.11,5.0,,Yes,David Thompson,969
970,Null,Cancelled,M.L.S.,Yes,17.52,7.45,Investor Sale,,Sophia Williams,970
971, ,Kick, MLS,,12.88,7.25,,No,Sophia Williams,971
972,Accepted Offer,Always Kick,M.L.S.,Yes,8.6,26.54,Investor Sale,No,Priya Sharma,972
973,Neww,Null,M L S,Yes,12.14,7.85,Downsizing,Yes,Jessica Lin,973
974,Cancelled,Pend,Bulk,,14.15,25.38,,Yes,Samantha Pierce,974
975, Closed,Closed,Internal,No,2.33,26.05,Job Transfer,Yes,Luis Garcia,975
976,Accepted Offer,Cancel,Auction.com,,8.18,28.52,,,Amit Kumar,976
977,New,Null,Internal,,10.58,8.68,Investor Sale,Yes,Priya Sharma,977
978,New, ,Auction.com,Yes,14.93,16.09,Downsizing,Yes,Amit Kumar,978
979,Neww,Cancel,M.L.S.,No,10.91,23.88,Job Transfer,,Jessica Lin,979
980,New,Always Kick,M L S,Yes,17.75,15.16,Investor Sale,No,David Thompson,980
981, Closed,Pending,Broker,No,2.48,28.58,Downsizing,No,Michael Chen,981
982, ,Closed,Opendoor,,8.58,22.28,,No,Jessica Lin,982
983, ,Pending,Opendoor,No,5.47,18.96,Investor Sale,Yes,Amit Kumar,983
984, Closed,Null,Auction.com,Yes,5.43,12.75,,No,Samantha Pierce,984
985,New,Available,M.L.S.,,2.85,6.28,Job Transfer,,Jason Miller,985
986,Offered,Kick,Opendoor,Yes,18.28,10.49,,No,Samantha Pierce,986
987,Neww,Closed,M L S,,8.51,5.73,,Yes,Amit Kumar,987
988,Cancelled,Cancel,Opendoor,Yes,11.98,21.65,Investor Sale,,Sophia Williams,988
989,Reviewed,Cancelled,Auction.com,Yes,17.94,19.39,Downsizing,,Amit Kumar,989
990,Reviewed,Close,Bulk,,17.66,14.57,Downsizing,No,Amit Kumar,990
991,Null,Pending,Auction.com,No,15.3,13.3,Downsizing,,Luis Garcia,991
992, ,Available,Broker,,8.3,7.9,Job Transfer,Yes,Samantha Pierce,992
993,New,Pending,M L S,,11.12,8.2,Downsizing,,Priya Sharma,993
994,Reviewed,Available,M.L.S.,Yes,14.27,17.15,Downsizing,Yes,Samantha Pierce,994
995, , Close ,M L S,Yes,16.61,12.23,Investor Sale,No,David Thompson,995
996,Closed,Kick,Internal,,8.16,29.11,,No,Michael Chen,996
997, ,Closed,Bulk,No,10.48,23.86,Job Transfer,No,David Thompson,997
998,Reviewed,Cancel, MLS,,18.87,10.08,Investor Sale,Yes,Sophia Williams,998
999,Reviewed,Pend,Bulk,No,5.72,29.66,Investor Sale,Yes,Amit Kumar,999
1000,Closed, Close ,Broker,,4.35,11.76,Job Transfer,No,Jason Miller,1000
1001,Reviewed,Kick,Internal,,19.72,14.33,Investor Sale,,Emily Patel,1001
1002, Closed,Cancel,Bulk,,2.45,9.0,Job Transfer,No,Michael Chen,1002
1003,Null,Close,Bulk,Yes,15.36,19.97,Investor Sale,No,Jason Miller,1003
1004,Accepted Offer,Kick,Bulk,Yes,10.89,23.87,Investor Sale,,Sophia Williams,1004
1005,Reviewed, ,Auction.com,Yes,15.88,13.73,Downsizing,,Priya Sharma,1005
1006,Cancelled,Cancelled, MLS,No,16.86,19.97,Downsizing,,Amit Kumar,1006
1007, Closed,Pend,Opendoor,Yes,17.37,20.03,,Yes,Priya Sharma,1007
1008,Offered, , MLS,No,14.89,6.7,Investor Sale,Yes,Samantha Pierce,1008
1009,Cancelled, ,Broker,No,13.23,11.26,,No,Jason Miller,1009
1010,Cancelled, , MLS,Yes,18.38,12.82,Investor Sale,,Samantha Pierce,1010
1011,Closed,Cancelled,M L S,Yes,17.22,20.39,,,Luis Garcia,1011
1012,Closed,Kick,M.L.S.,,19.36,21.8,Downsizing,No,Emily Patel,1012
1013,New,Pending,Internal,No,3.57,22.95,,,Luis Garcia,1013
1014,Reviewed,Pending,Broker,,16.67,22.43,Job Transfer,,Luis Garcia,1014
1015,Offered,Close,Broker,,9.94,18.84,Investor Sale,,Michael Chen,1015
1016,Closed,Close,Auction.com,No,12.26,23.21,Downsizing,Yes,Amit Kumar,1016
1017, ,Always Kick,Opendoor,,3.59,24.19,Investor Sale,Yes,David Thompson,1017
1018,Null,Closed, MLS,No,2.13,25.96,Job Transfer,,Michael Chen,1018
1019,New,Closed,Auction.com,No,19.09,5.64,Job Transfer,No,Jason Miller,1019
1020,Offered,Cancelled,Broker,,10.64,8.37,Investor Sale,Yes,Michael Chen,1020
1021,Offered,Kick,Broker,,13.74,29.83,Investor Sale,Yes,Amit Kumar,1021
1022,Accepted Offer, ,Opendoor,,6.02,11.03,Downsizing,Yes,Sophia Williams,1022
1023,Reviewed,Pending,Internal,Yes,10.23,14.26,Investor Sale,No,Luis Garcia,1023
1024,Closed, ,Internal,No,16.32,5.58,,Yes,Samantha Pierce,1024
1025,Accepted Offer,Pending,Opendoor,Yes,12.97,27.91,Investor Sale,Yes,Jessica Lin,1025
1026,Neww,Pend,M L S,,4.04,11.18,,,Amit Kumar,1026
1027,Cancelled, Close ,Opendoor,,9.63,10.0,Downsizing,Yes,Michael Chen,1027
1028,Neww,Null,Internal,Yes,6.47,26.99,,,Amit Kumar,1028
1029, ,Always Kick,Broker,Yes,15.23,27.33,,,Priya Sharma,1029
1030,Cancelled,Closed,Auction.com,Yes,9.78,20.04,Investor Sale,No,Samantha Pierce,1030
1031,Reviewed,Null, MLS,No,13.0,14.27,Downsizing,Yes,Michael Chen,1031
1032, ,Available,Broker,,11.66,20.2,Job Transfer,No,Sophia Williams,1032
1033,Cancelled,Available,Internal,Yes,7.65,17.71,,Yes,Jessica Lin,1033
1034,Offered,Closed,Broker,,15.51,22.85,Job Transfer,Yes,David Thompson,1034
1035,New,Cancel,Internal,,7.85,15.76,Downsizing,No,Sophia Williams,1035
1036,Accepted Offer,Cancelled,Auction.com,No,8.15,16.79,Job Transfer,No,David Thompson,1036
1037,Reviewed,Kick,M.L.S.,No,13.77,29.01,Job Transfer,,Samantha Pierce,1037
1038,Reviewed,Close,Broker,,16.73,28.53,Job Transfer,Yes,Priya Sharma,1038
1039,Neww,Close,Broker,,11.81,22.78,Downsizing,Yes,Emily Patel,1039
1040,Null, Close ,Internal,,11.08,9.97,Investor Sale,Yes,Samantha Pierce,1040
1041,Reviewed,Available,M.L.S.,,2.24,15.67,Investor Sale,No,Sophia Williams,1041
1042,Reviewed,Always Kick,Internal,Yes,4.35,15.13,,,Jessica Lin,1042
1043,Cancelled,Kick,M L S,Yes,16.56,8.1,Downsizing,Yes,Priya Sharma,1043
1044,Reviewed, ,Internal,Yes,15.34,13.14,Downsizing,No,Emily Patel,1044
1045,Accepted Offer, Close ,Internal,No,6.57,27.2,,Yes,Michael Chen,1045
1046,Accepted Offer,Closed,Bulk,Yes,11.53,18.29,,,Sophia Williams,1046
1047, ,Closed, MLS,No,19.7,25.69,Investor Sale,,Amit Kumar,1047
1048,Neww, Close ,Broker,No,9.01,11.18,Investor Sale,,Samantha Pierce,1048
1049,New,Always Kick,Opendoor,,12.56,24.62,Investor Sale,No,Amit Kumar,1049
1050,New, Close ,Internal,,15.6,29.92,Investor Sale,,Jessica Lin,1050
1051,Offered,Cancelled,Opendoor,No,12.65,22.77,,No,Jessica Lin,1051
1052,New,Always Kick,Opendoor,No,19.27,19.86,Job Transfer,No,David Thompson,1052
1053,Cancelled,Always Kick,Bulk,Yes,17.16,25.32,Job Transfer,,Michael Chen,1053
1054,Cancelled,Closed, MLS,,6.47,6.01,Downsizing,,David Thompson,1054
1055,Neww,Cancel,Internal,Yes,3.22,13.33,,,Samantha Pierce,1055
1056,Offered, Close ,Opendoor,No,13.99,20.93,,,Jason Miller,1056
1057,Neww,Close, MLS,,17.42,20.37,,Yes,Jason Miller,1057
1058,New,Cancel,Opendoor,,7.46,17.34,Downsizing,Yes,Samantha Pierce,1058
1059,Accepted Offer,Pending,Bulk,Yes,9.73,18.34,,,Jason Miller,1059
1060,Neww, Close ,Broker,Yes,4.67,13.78,,,Sophia Williams,1060
1061,Closed,Pending, MLS,,13.15,24.48,Downsizing,Yes,David Thompson,1061
1062,Closed,Pending,Opendoor,,8.52,8.33,Investor Sale,,Jason Miller,1062
1063,Null,Close, MLS,,16.74,9.26,Investor Sale,,Jessica Lin,1063
1064,Neww,Close,M.L.S.,No,19.52,13.52,Investor Sale,Yes,Jessica Lin,1064
1065,Cancelled, Close ,Auction.com,Yes,3.54,28.14,Downsizing,,Sophia Williams,1065
1066,Null,Pend,M.L.S.,,14.07,16.08,Job Transfer,Yes,Samantha Pierce,1066
1067,Reviewed,Close,Auction.com,Yes,12.41,19.92,Job Transfer,No,Amit Kumar,1067
1068,New,Pend,M.L.S.,Yes,11.95,20.57,Job Transfer,,Luis Garcia,1068
1069, ,Kick,M.L.S.,Yes,16.72,16.93,,No,Michael Chen,1069
1070,New,Cancelled,Broker,No,8.39,12.7,Downsizing,Yes,Sophia Williams,1070
1071,Accepted Offer,Cancelled,Internal,,19.11,8.74,Job Transfer,,Michael Chen,1071
1072,Neww,Pend,M.L.S.,,11.77,12.76,Job Transfer,,Samantha Pierce,1072
1073,Accepted Offer,Null, MLS,,17.12,25.93,Investor Sale,Yes,Luis Garcia,1073
1074,Closed,Pend,M L S,,6.88,9.3,Downsizing,No,Priya Sharma,1074
1075, Closed,Always Kick,Bulk,Yes,7.6,9.9,Investor Sale,No,David Thompson,1075
1076,Neww,Always Kick,Opendoor,No,16.9,23.24,,,Emily Patel,1076
1077,Null,Pending,Broker,,14.89,15.74,Investor Sale,No,Amit Kumar,1077
1078,Closed,Available, MLS,,18.27,24.94,Job Transfer,Yes,Priya Sharma,1078
1079,Reviewed, Close ,Internal,No,8.74,24.18,Investor Sale,No,David Thompson,1079
1080,Offered,Cancelled,Opendoor,,14.71,8.23,Job Transfer,,Priya Sharma,1080
1081,Accepted Offer,Closed,M L S,,13.87,16.14,Downsizing,No,Michael Chen,1081
1082,Neww,Null,Broker,Yes,2.1,7.66,Job Transfer,No,Amit Kumar,1082
1083,Cancelled,Pending, MLS,Yes,14.52,18.75,Job Transfer,Yes,Priya Sharma,1083
1084, Closed,Closed,Bulk,Yes,17.44,10.03,Downsizing,,Jessica Lin,1084
1085,Closed,Always Kick,Internal,,8.9,20.63,Investor Sale,No,Priya Sharma,1085
1086, Closed,Always Kick,Auction.com,No,11.09,11.38,Job Transfer,No,Jessica Lin,1086
1087,New,Cancelled,Internal,Yes,2.73,21.44,,,Luis Garcia,1087
1088, Closed,Always Kick,M L S,No,11.0,17.84,,,Priya Sharma,1088
1089,Accepted Offer,Kick,Internal,,14.66,15.07,Downsizing,No,Sophia Williams,1089
1090,Accepted Offer,Null,Auction.com,Yes,15.28,5.01,,No,Luis Garcia,1090
1091, Closed,Closed,M L S,Yes,7.91,23.73,Downsizing,,Emily Patel,1091
1092,Accepted Offer,Kick,M L S,,17.8,12.53,Investor Sale,Yes,David Thompson,1092
1093,Offered,Available,M L S,Yes,16.1,19.95,Investor Sale,No,Jessica Lin,1093
1094,Offered,Cancelled,Opendoor,No,14.75,18.63,Downsizing,No,Amit Kumar,1094
1095,Accepted Offer,Closed,Opendoor,Yes,2.62,22.13,,Yes,Luis Garcia,1095
1096,New,Kick,M.L.S.,No,6.23,7.25,Job Transfer,,Luis Garcia,1096
1097,Null,Always Kick,Opendoor,Yes,15.64,18.85,Downsizing,No,Priya Sharma,1097
1098, ,Closed,Opendoor,No,17.12,27.2,Downsizing,Yes,Samantha Pierce,1098
1099,Null,Available,Internal,,3.17,25.16,Investor Sale,No,Luis Garcia,1099
1100, Closed,Cancelled,M L S,,19.71,27.14,,,Amit Kumar,1100
1101,Cancelled,Closed,Auction.com,,9.13,18.11,,,Sophia Williams,1101
1102,Cancelled,Cancelled,Broker,,12.28,20.2,Investor Sale,No,Amit Kumar,1102
1103,Cancelled, Close ,Broker,,10.63,17.14,Investor Sale,No,Jessica Lin,1103
1104, ,Cancelled, MLS,Yes,11.87,22.64,Downsizing,No,Emily Patel,1104
1105,Offered,Kick,Bulk,,13.96,5.96,,,Luis Garcia,1105
1106,New,Cancelled,Internal,,17.21,24.75,,,Amit Kumar,1106
1107, Closed,Available,Broker,Yes,12.02,8.51,,,Jason Miller,1107
1108,Accepted Offer,Available,Bulk,Yes,2.09,18.3,Job Transfer,No,Jessica Lin,1108
1109,Closed,Pending,Internal,,8.75,10.34,Downsizing,No,Jason Miller,1109
1110,Cancelled,Kick,Broker,Yes,17.21,18.06,Downsizing,Yes,Emily Patel,1110
1111, Closed,Kick,M L S,No,13.04,25.96,Job Transfer,Yes,Emily Patel,1111
1112,Null,Cancel,Internal,Yes,7.84,20.88,Job Transfer,,Amit Kumar,1112
1113, Closed,Always Kick,M L S,Yes,8.76,27.83,Investor Sale,No,David Thompson,1113
1114,Cancelled,Pending,Internal,No,4.85,24.94,,No,Sophia Williams,1114
1115,Closed,Pending,M L S,Yes,12.22,8.92,,Yes,Luis Garcia,1115
1116,New,Always Kick,Internal,Yes,6.05,16.06,,,Samantha Pierce,1116
1117, Closed, Close , MLS,No,14.25,18.98,Job Transfer,Yes,Emily Patel,1117
1118,Offered, ,Broker,Yes,6.9,12.94,Investor Sale,Yes,Priya Sharma,1118
1119,Null,Kick,M.L.S.,,16.13,23.37,Job Transfer,,Michael Chen,1119
1120,Closed,Always Kick,Auction.com,,13.01,10.3,Job Transfer,No,David Thompson,1120
1121,Neww,Pend, MLS,Yes,19.9,8.94,Job Transfer,Yes,Sophia Williams,1121
1122,Reviewed,Cancel, MLS,No,16.1,22.45,,No,David Thompson,1122
1123,Offered,Pend,M.L.S.,,17.84,15.12,Downsizing,,Michael Chen,1123
1124,Accepted Offer,Cancel,Opendoor,No,18.21,15.12,Job Transfer,No,Luis Garcia,1124
1125, Closed, ,Auction.com,Yes,14.47,29.05,Investor Sale,,Priya Sharma,1125
1126,Cancelled,Available,Broker,Yes,16.59,29.24,,,Luis Garcia,1126
1127,New, ,Bulk,Yes,9.91,10.8,,Yes,Priya Sharma,1127
1128,Reviewed,Always Kick,M L S,,9.22,10.87,Investor Sale,No,Amit Kumar,1128
1129,Cancelled,Pending,M.L.S.,Yes,18.43,9.78,,Yes,Sophia Williams,1129
1130,Accepted Offer,Pend,M L S,Yes,16.61,9.2,Downsizing,No,Jessica Lin,1130
1131,Accepted Offer,Available, MLS,Yes,12.6,7.68,Downsizing,,Jessica Lin,1131
1132,Offered,Null,Internal,,8.65,18.2,Investor Sale,No,Samantha Pierce,1132
1133,Reviewed,Null,M L S,,10.66,6.08,Investor Sale,Yes,Sophia Williams,1133
1134,Reviewed,Pend,M L S,,6.44,14.23,Investor Sale,Yes,Jessica Lin,1134
1135,Null,Close,Opendoor,,18.9,14.38,Investor Sale,No,Michael Chen,1135
1136,New,Kick,Auction.com,Yes,6.68,19.42,,No,Luis Garcia,1136
1137,Null,Cancel,Auction.com,,17.33,18.86,,,Jason Miller,1137
1138,Offered,Null,Bulk,No,9.57,20.52,Job Transfer,Yes,Priya Sharma,1138
1139,Neww,Available,Opendoor,Yes,6.94,11.86,Investor Sale,No,Samantha Pierce,1139
1140,Neww,Kick,M.L.S.,No,2.84,19.45,Investor Sale,No,Emily Patel,1140
1141,Closed,Pending,Opendoor,Yes,13.86,11.54,Job Transfer,Yes,Jason Miller,1141
1142, Closed,Close,Opendoor,No,2.69,7.33,Investor Sale,Yes,Sophia Williams,1142
1143,Reviewed,Pend, MLS,,2.06,22.14,Downsizing,,Amit Kumar,1143
1144, Closed,Closed, MLS,No,8.28,20.74,,Yes,David Thompson,1144
1145,Accepted Offer,Pending,M L S,Yes,4.03,7.46,,No,David Thompson,1145
1146,Cancelled, ,Opendoor,,19.97,16.76,Downsizing,Yes,Samantha Pierce,1146
1147,Cancelled, ,Auction.com,Yes,14.59,11.92,,No,Sophia Williams,1147
1148,New, Close ,Internal,No,9.27,28.03,,,Priya Sharma,1148
1149,Null,Close,M.L.S.,,16.95,19.27,Investor Sale,,Samantha Pierce,1149
1150,Reviewed,Closed,M.L.S.,Yes,16.69,22.49,,Yes,Jessica Lin,1150
1151,Offered, , MLS,,8.56,24.44,,No,David Thompson,1151
1152,Closed,Cancelled,M L S,Yes,16.87,11.73,Job Transfer,Yes,Sophia Williams,1152
1153, Closed, ,M L S,Yes,18.6,21.99,Job Transfer,Yes,Jessica Lin,1153
1154, Closed,Always Kick,M.L.S.,Yes,15.93,21.0,Investor Sale,No,Jessica Lin,1154
1155,Neww,Null,Auction.com,No,4.8,15.75,,,Samantha Pierce,1155
1156, Closed,Close,Auction.com,,10.44,19.65,Job Transfer,,Jason Miller,1156
1157,Offered,Cancelled, MLS,No,16.15,27.93,Job Transfer,No,Samantha Pierce,1157
1158,Offered,Cancel,Opendoor,Yes,11.6,11.92,,,Priya Sharma,1158
1159,Accepted Offer,Cancelled, MLS,,18.5,8.91,Job Transfer,No,Luis Garcia,1159
1160,Accepted Offer,Pending,M.L.S.,,8.66,21.29,Downsizing,Yes,Jessica Lin,1160
1161,Cancelled,Always Kick,Broker,No,2.82,16.54,Downsizing,No,Sophia Williams,1161
1162,New,Always Kick,Broker,,19.39,25.85,,Yes,Michael Chen,1162
1163,Offered,Cancelled,M L S,No,18.8,12.1,Investor Sale,No,Samantha Pierce,1163
1164,Closed,Kick,Opendoor,Yes,3.12,17.3,Downsizing,,Emily Patel,1164
1165,Offered,Pending,Broker,Yes,16.87,23.37,Investor Sale,No,David Thompson,1165
1166,Accepted Offer,Close,Auction.com,,14.91,22.31,Job Transfer,,Samantha Pierce,1166
1167,Reviewed,Cancelled,M.L.S.,No,14.82,26.59,Job Transfer,,Priya Sharma,1167
1168, Closed,Cancel,Internal,Yes,15.64,10.76,Investor Sale,No,Jason Miller,1168
1169,Offered,Kick, MLS,Yes,9.65,23.46,Investor Sale,,Priya Sharma,1169
1170,New,Always Kick,M L S,Yes,6.29,19.38,Investor Sale,No,Amit Kumar,1170
1171,New,Always Kick,Broker,No,6.59,20.23,Job Transfer,,Sophia Williams,1171
1172,Neww,Cancelled,Opendoor,Yes,17.21,9.23,Downsizing,,Samantha Pierce,1172
1173,Reviewed,Cancel,M.L.S.,Yes,16.32,21.28,Job Transfer,Yes,Priya Sharma,1173
1174, Closed,Cancelled,Broker,No,6.38,28.99,Investor Sale,,Jessica Lin,1174
1175,Null,Closed,Opendoor,Yes,17.26,23.89,Investor Sale,Yes,Amit Kumar,1175
1176, Closed,Cancel, MLS,Yes,10.44,24.02,,,Priya Sharma,1176
1177,Reviewed,Available,Opendoor,Yes,9.3,20.0,Downsizing,Yes,Michael Chen,1177
1178,Neww,Available,Bulk,No,6.75,10.32,Investor Sale,,Sophia Williams,1178
1179,Reviewed,Available, MLS,No,2.21,7.8,Investor Sale,,Amit Kumar,1179
1180,Offered,Pend,M.L.S.,No,12.02,11.11,Job Transfer,No,Jessica Lin,1180
1181,Closed, ,Bulk,No,12.69,29.95,Job Transfer,Yes,Luis Garcia,1181
1182,Neww,Close,Auction.com,No,12.85,11.48,Downsizing,Yes,Amit Kumar,1182
1183, , Close ,Auction.com,No,15.97,12.26,Investor Sale,,Sophia Williams,1183
1184,Cancelled,Cancel,Opendoor,Yes,7.36,14.68,Downsizing,Yes,David Thompson,1184
1185, Closed, Close ,Auction.com,No,16.28,5.55,,No,Sophia Williams,1185
1186,Neww,Always Kick,Bulk,No,2.57,24.77,Investor Sale,,Amit Kumar,1186
1187,Closed,Available, MLS,,12.42,23.25,Job Transfer,Yes,Samantha Pierce,1187
1188,New,Always Kick,Auction.com,No,17.82,13.03,,,Michael Chen,1188
1189, Closed,Closed,M.L.S.,No,5.98,11.67,,,Sophia Williams,1189
1190,Null,Kick,Broker,No,11.17,25.17,Investor Sale,,Sophia Williams,1190
1191, Closed, ,Bulk,Yes,18.36,11.44,Downsizing,Yes,Samantha Pierce,1191
1192,Cancelled,Cancel,Auction.com,No,2.47,13.45,Downsizing,Yes,Jason Miller,1192
1193, Closed,Available, MLS,No,2.19,22.15,,Yes,David Thompson,1193
1194,Closed,Close,M.L.S.,No,11.84,5.69,Investor Sale,,Amit Kumar,1194
1195,Cancelled, Close ,Bulk,Yes,15.87,24.24,Investor Sale,Yes,Priya Sharma,1195
1196,Offered,Pend,Internal,Yes,13.82,11.21,,,Amit Kumar,1196
1197,Reviewed, ,Opendoor,Yes,8.46,11.83,Job Transfer,,Jessica Lin,1197
1198, Closed,Always Kick,Auction.com,Yes,2.34,8.8,Job Transfer,Yes,Luis Garcia,1198
1199,Neww,Always Kick,M.L.S.,,2.85,6.34,Downsizing,,Priya Sharma,1199
1200,Cancelled,Closed,Auction.com,,11.51,11.91,,,Luis Garcia,1200
1201,Offered,Always Kick,M.L.S.,,17.47,24.06,Job Transfer,No,Priya Sharma,1201
1202,Closed,Available,M L S,,8.78,17.15,Downsizing,,Amit Kumar,1202
1203,New,Kick,Broker,Yes,7.49,28.44,Downsizing,Yes,Jessica Lin,1203
1204, Closed,Cancel,Auction.com,,16.92,6.16,Downsizing,No,Emily Patel,1204
1205,New,Pend,Auction.com,,18.23,9.49,Investor Sale,Yes,Sophia Williams,1205
1206,Closed,Available,Broker,No,16.72,16.47,Investor Sale,,Luis Garcia,1206
1207,Null, Close , MLS,No,10.99,10.67,Downsizing,Yes,Michael Chen,1207
1208,Closed,Cancelled,Broker,Yes,4.07,26.95,Downsizing,Yes,Jason Miller,1208
1209, Closed, Close ,M L S,No,13.55,20.57,Investor Sale,No,Amit Kumar,1209
1210,Null,Closed,Bulk,No,13.6,10.32,Job Transfer,,Amit Kumar,1210
1211,Null,Null, MLS,No,19.52,6.78,,No,Amit Kumar,1211
1212, Closed,Close,Bulk,No,8.81,5.85,,No,Michael Chen,1212
1213,Closed,Close,Bulk,No,11.17,29.49,,No,Jason Miller,1213
1214,Closed,Pend,Internal,Yes,19.59,5.73,,No,Michael Chen,1214
1215,New, ,Auction.com,,11.18,29.27,Downsizing,,Luis Garcia,1215
1216,Reviewed, ,Bulk,,11.21,13.8,Job Transfer,Yes,Emily Patel,1216
1217,Offered,Null, MLS,No,13.45,7.97,Job Transfer,Yes,Jessica Lin,1217
1218,Reviewed,Available,Auction.com,Yes,11.82,12.6,Investor Sale,No,Samantha Pierce,1218
1219,Reviewed,Null,Opendoor,No,15.91,12.19,,,Emily Patel,1219
1220, , Close ,Auction.com,No,2.87,25.59,Downsizing,Yes,Sophia Williams,1220
1221,Reviewed,Pending,Internal,No,17.59,24.62,Investor Sale,No,Samantha Pierce,1221
1222,Cancelled,Closed,Broker,No,18.55,11.78,,,Priya Sharma,1222
1223,Null,Pending,Internal,No,5.84,19.38,,No,Priya Sharma,1223
1224,Offered,Closed, MLS,,2.94,27.91,Job Transfer,No,Jason Miller,1224
1225, Closed,Kick, MLS,,11.1,11.6,Downsizing,No,Jason Miller,1225
1226,Reviewed,Available,Internal,No,15.34,12.39,Job Transfer,No,Priya Sharma,1226
1227,Reviewed,Available,M.L.S.,No,6.75,11.68,,,Priya Sharma,1227
1228, ,Kick,Internal,Yes,6.62,8.46,,Yes,Jason Miller,1228
1229, ,Closed,M.L.S.,Yes,14.11,12.32,Job Transfer,,Emily Patel,1229
1230,Null,Close,Broker,,2.51,14.97,Investor Sale,,Luis Garcia,1230
1231,Neww,Always Kick,Auction.com,,14.18,13.43,Job Transfer,No,Luis Garcia,1231
1232,Null,Cancel, MLS,,7.56,29.46,Downsizing,No,Emily Patel,1232
1233,Closed,Closed,Bulk,Yes,2.82,24.07,Job Transfer,No,Sophia Williams,1233
1234,Offered, ,Auction.com,No,15.08,8.15,Job Transfer,No,Amit Kumar,1234
1235,Reviewed, , MLS,No,3.35,28.62,Job Transfer,,Emily Patel,1235
1236, ,Available,Broker,No,12.37,22.31,Investor Sale,No,Amit Kumar,1236
1237,Cancelled,Closed,Bulk,,10.78,18.31,Investor Sale,Yes,David Thompson,1237
1238,Accepted Offer,Pending,Internal,,17.79,20.78,Investor Sale,,Sophia Williams,1238
1239,Null,Cancel,M L S,No,4.94,23.58,Downsizing,No,Amit Kumar,1239
1240, Closed,Null,M.L.S.,,9.66,14.32,,,Samantha Pierce,1240
1241,Offered, ,Opendoor,Yes,5.08,20.49,Job Transfer,,Emily Patel,1241
1242, ,Available, MLS,Yes,13.16,21.45,Downsizing,No,Emily Patel,1242
1243,Accepted Offer,Always Kick,M.L.S.,Yes,18.15,5.13,Investor Sale,,Emily Patel,1243
1244, ,Closed,Bulk,No,7.87,6.11,Job Transfer,,Jessica Lin,1244
1245,Closed,Available,Auction.com,No,15.55,5.38,,,David Thompson,1245
1246,Closed,Always Kick,Bulk,Yes,14.29,7.11,Job Transfer,No,Samantha Pierce,1246
1247,New,Cancel,Opendoor,,4.81,7.66,Job Transfer,,Emily Patel,1247
1248,Reviewed,Close, MLS,,6.47,6.35,Investor Sale,,Jason Miller,1248
1249,Closed,Cancel,M L S,Yes,9.95,6.36,Downsizing,,Sophia Williams,1249
1250,Accepted Offer,Cancel,Auction.com,Yes,8.26,28.58,Downsizing,Yes,David Thompson,1250
1251,Reviewed,Pend,Internal,,16.23,12.16,Job Transfer,,Sophia Williams,1251
1252,Accepted Offer,Closed,Auction.com,Yes,16.0,17.37,Investor Sale,,Emily Patel,1252
1253,Offered,Pend,Broker,Yes,7.73,23.23,,No,Sophia Williams,1253
1254,Null,Closed,M L S,Yes,10.31,12.92,Downsizing,Yes,Jason Miller,1254
1255,Null,Pending,Opendoor,Yes,12.46,27.76,Job Transfer,No,Jessica Lin,1255
1256, Closed,Cancel,M L S,,11.99,20.45,Downsizing,,Luis Garcia,1256
1257, Closed,Always Kick,M L S,Yes,19.33,9.82,,No,Sophia Williams,1257
1258,Cancelled, ,Internal,,11.87,28.13,,No,Jessica Lin,1258
1259, Closed,Cancel,M.L.S.,No,13.67,24.71,Downsizing,No,Samantha Pierce,1259
1260,Neww,Kick,Internal,,2.24,6.8,Investor Sale,No,Jessica Lin,1260
1261, ,Cancel,Broker,No,6.89,28.51,,Yes,Samantha Pierce,1261
1262,Closed,Available,Internal,No,7.55,10.45,,,David Thompson,1262
1263,Neww,Kick,Broker,Yes,15.69,22.17,Downsizing,Yes,Sophia Williams,1263
1264, Closed,Cancel, MLS,Yes,5.12,5.68,Investor Sale,,Luis Garcia,1264
1265,Neww,Available,M L S,,7.47,11.12,Downsizing,,David Thompson,1265
1266,Offered,Close,Auction.com,No,14.34,22.8,,No,Sophia Williams,1266
1267, Closed,Closed, MLS,No,4.94,15.22,Job Transfer,No,Sophia Williams,1267
1268,Cancelled,Cancelled,M L S,No,5.39,19.74,Downsizing,No,Sophia Williams,1268
1269,Cancelled,Available,Internal,,15.0,21.5,Downsizing,Yes,Jason Miller,1269
1270,Cancelled,Closed,M L S,No,15.75,20.77,Downsizing,No,Jessica Lin,1270
1271,Neww, Close ,Auction.com,Yes,6.22,17.69,,,Luis Garcia,1271
1272,Reviewed,Available, MLS,,10.81,6.36,Investor Sale,,Jason Miller,1272
1273, Closed,Null,Broker,Yes,19.49,16.05,Downsizing,No,Luis Garcia,1273
1274,Null,Null,M L S,No,17.11,9.14,,,Amit Kumar,1274
1275,Null,Cancelled,Auction.com,Yes,9.83,10.69,Downsizing,,David Thompson,1275
1276,Null,Closed,M L S,Yes,5.14,21.7,Investor Sale,Yes,Samantha Pierce,1276
1277,Reviewed,Null,Internal,Yes,10.55,12.37,,,Luis Garcia,1277
1278, Closed,Null,Bulk,No,13.98,14.05,,Yes,Samantha Pierce,1278
1279,New,Null,M.L.S.,Yes,15.95,19.17,Job Transfer,,Jessica Lin,1279
1280,Null,Pending,Bulk,,10.88,28.85,Investor Sale,No,Michael Chen,1280
1281, ,Cancel,Internal,Yes,18.93,11.4,Job Transfer,No,Priya Sharma,1281
1282,Offered, Close , MLS,Yes,5.45,5.68,Downsizing,No,Amit Kumar,1282
1283,Closed,Pending,Opendoor,,4.52,8.54,,,Amit Kumar,1283
1284,Closed,Available,Opendoor,No,7.14,9.74,Investor Sale,,Priya Sharma,1284
1285,Reviewed,Available, MLS,,13.37,23.74,Investor Sale,No,David Thompson,1285
1286,Cancelled,Kick,M L S,No,9.17,21.44,,Yes,Samantha Pierce,1286
1287,Accepted Offer,Always Kick,Broker,Yes,11.17,14.15,Downsizing,Yes,Jason Miller,1287
1288,New,Cancelled,Opendoor,,10.65,11.06,Downsizing,Yes,Jessica Lin,1288
1289, , , MLS,,8.67,29.87,Downsizing,Yes,Jason Miller,1289
1290,Closed,Closed,Auction.com,Yes,3.83,28.05,Downsizing,Yes,Amit Kumar,1290
1291, ,Available,Bulk,,10.05,29.48,Investor Sale,,Jessica Lin,1291
1292,Accepted Offer,Pend, MLS,,7.09,6.38,,No,Jessica Lin,1292
1293,Cancelled,Closed,Auction.com,No,3.2,6.9,,No,Michael Chen,1293
1294, , ,M L S,Yes,3.09,28.34,Job Transfer,,Sophia Williams,1294
1295,Neww,Always Kick,M L S,Yes,8.1,14.61,Downsizing,,Samantha Pierce,1295
1296,Reviewed,Available,Broker,,16.51,24.33,,No,David Thompson,1296
1297, , , MLS,No,8.03,18.58,,Yes,Luis Garcia,1297
1298,Cancelled,Always Kick,M.L.S.,No,8.97,15.94,Downsizing,Yes,Michael Chen,1298
1299,New,Pend,Broker,No,8.06,7.16,,Yes,Priya Sharma,1299
1300,Null,Available,Opendoor,Yes,11.41,20.34,Job Transfer,,Sophia Williams,1300
1301,Accepted Offer,Pending,Internal,Yes,3.1,24.35,Investor Sale,No,Jessica Lin,1301
1302,Offered,Close, MLS,Yes,10.07,24.24,,No,Jason Miller,1302
1303, Closed,Closed,Opendoor,,2.26,19.59,Job Transfer,Yes,Jessica Lin,1303
1304, Closed,Close,Internal,Yes,10.12,12.52,Downsizing,,Priya Sharma,1304
1305,Closed, Close ,M.L.S.,No,12.99,13.27,Investor Sale,Yes,David Thompson,1305
1306,New,Null,Opendoor,,11.04,13.43,Job Transfer,Yes,Jason Miller,1306
1307, Closed,Close,M.L.S.,,19.92,25.57,,,Luis Garcia,1307
1308,Neww,Available,Internal,No,8.9,7.05,,,David Thompson,1308
1309, ,Always Kick,Internal,Yes,15.77,13.13,Downsizing,,Emily Patel,1309
1310, Closed,Pending,Auction.com,,10.4,19.25,,,Amit Kumar,1310
1311,Accepted Offer, Close ,Auction.com,Yes,4.3,29.32,Investor Sale,Yes,Jason Miller,1311
1312,Neww,Null,Opendoor,No,2.81,17.19,,,Michael Chen,1312
1313,Cancelled,Always Kick,Opendoor,,15.7,12.3,,Yes,Amit Kumar,1313
1314,Accepted Offer,Kick,Internal,No,8.98,19.37,Downsizing,Yes,Sophia Williams,1314
1315,Offered,Pend,Internal,,14.41,6.86,,,Luis Garcia,1315
1316, ,Cancelled, MLS,Yes,10.17,12.35,Investor Sale,,Sophia Williams,1316
1317,Null,Cancelled,M L S,No,13.39,29.26,Investor Sale,No,Jessica Lin,1317
1318,Accepted Offer,Pending,M.L.S.,No,18.07,16.96,Investor Sale,No,Emily Patel,1318
1319, Closed, Close ,Bulk,,2.54,29.17,,Yes,Jason Miller,1319
1320, Closed,Pending,M L S,,7.77,6.77,Downsizing,,David Thompson,1320
1321,Accepted Offer,Pend, MLS,Yes,10.07,5.25,Investor Sale,Yes,Michael Chen,1321
1322,Accepted Offer,Cancel,Auction.com,Yes,13.82,5.33,,Yes,Emily Patel,1322
1323,Cancelled,Close,Internal,No,7.8,16.03,Downsizing,No,David Thompson,1323
1324,Null,Available, MLS,No,8.21,14.96,,No,Jessica Lin,1324
1325,Neww,Always Kick,Auction.com,Yes,8.08,8.34,Job Transfer,Yes,Amit Kumar,1325
1326, ,Always Kick,Internal,Yes,11.37,21.8,Investor Sale,Yes,Luis Garcia,1326
1327, Closed, , MLS,,10.86,28.44,,,Priya Sharma,1327
1328, ,Always Kick,Opendoor,Yes,6.85,9.17,,No,Emily Patel,1328
1329, Closed,Pend,Auction.com,,6.16,5.8,Downsizing,,Sophia Williams,1329
1330, Closed,Kick,Internal,No,18.15,6.92,Investor Sale,No,Samantha Pierce,1330
1331,Closed,Pend,Opendoor,Yes,3.38,29.06,Downsizing,,Sophia Williams,1331
1332,Neww,Close,M L S,No,11.04,8.88,Job Transfer,No,Priya Sharma,1332
1333,Cancelled,Pending,Internal,,17.68,20.35,Downsizing,No,Emily Patel,1333
1334, ,Close, MLS,,7.87,23.07,Investor Sale,,Luis Garcia,1334
1335, Closed,Close,Broker,Yes,7.15,18.35,Job Transfer,Yes,Priya Sharma,1335
1336,Offered,Cancelled,Internal,No,4.29,11.01,Investor Sale,Yes,Priya Sharma,1336
1337, Closed, Close , MLS,No,10.76,13.99,Job Transfer,No,David Thompson,1337
1338,Cancelled,Closed,Broker,Yes,9.59,12.29,Downsizing,,Jason Miller,1338
1339,Null, ,Auction.com,No,3.03,14.22,,No,Luis Garcia,1339
1340, Closed,Pending,M L S,,11.78,13.05,Job Transfer,Yes,Luis Garcia,1340
1341,Offered,Available,Internal,Yes,6.49,25.87,,Yes,Jason Miller,1341
1342,Closed,Pending,Broker,No,7.87,5.15,Downsizing,Yes,David Thompson,1342
1343,Accepted Offer,Close,Auction.com,Yes,9.94,13.6,Downsizing,Yes,Jason Miller,1343
1344,Neww,Pend,M.L.S.,,19.59,14.99,Job Transfer,,Luis Garcia,1344
1345,Null, ,Internal,Yes,6.18,29.58,Job Transfer,,Luis Garcia,1345
1346,Accepted Offer,Null,Broker,Yes,8.46,7.59,Downsizing,,David Thompson,1346
1347,Neww,Kick,Internal,Yes,12.69,26.84,Investor Sale,Yes,David Thompson,1347
1348,Closed,Close,Opendoor,Yes,17.91,16.44,Investor Sale,No,Priya Sharma,1348
1349,Closed,Always Kick, MLS,,2.79,25.27,Investor Sale,Yes,Samantha Pierce,1349
1350, ,Always Kick,Bulk,No,16.52,28.01,Job Transfer,Yes,Michael Chen,1350
1351,Offered,Close,Opendoor,Yes,17.82,28.41,,No,Michael Chen,1351
1352,New,Always Kick,M L S,Yes,4.0,7.11,Investor Sale,No,David Thompson,1352
1353,Neww,Kick,M.L.S.,No,9.65,24.74,,Yes,David Thompson,1353
1354,New,Available,Broker,Yes,4.41,15.0,Job Transfer,No,David Thompson,1354
1355, , ,Opendoor,No,12.55,19.53,Downsizing,No,Jason Miller,1355
1356, ,Pending,M L S,No,19.62,20.85,Job Transfer,No,Priya Sharma,1356
1357,Neww, Close ,Internal,Yes,17.07,9.99,Downsizing,No,Jessica Lin,1357
1358,Cancelled,Pend, MLS,No,8.46,25.9,Investor Sale,,Jessica Lin,1358
1359,Null,Cancelled,Opendoor,Yes,12.11,21.59,Downsizing,No,Amit Kumar,1359
1360,Cancelled,Pending,Broker,Yes,8.38,17.39,Investor Sale,Yes,Jessica Lin,1360
1361,New, Close ,Internal,No,5.66,20.62,Job Transfer,,Michael Chen,1361
1362, Closed,Closed,Broker,Yes,2.9,27.98,Investor Sale,,Luis Garcia,1362
1363,Closed,Pend,Bulk,Yes,16.47,7.13,Investor Sale,Yes,Luis Garcia,1363
1364,Offered,Cancel,Auction.com,Yes,14.43,21.68,Investor Sale,No,Amit Kumar,1364
1365,Closed,Cancelled,Broker,No,11.31,27.86,Downsizing,No,Luis Garcia,1365
1366,Cancelled,Always Kick,M.L.S.,,3.43,13.07,Downsizing,Yes,Amit Kumar,1366
1367,Closed,Cancel,Internal,No,6.94,27.26,Job Transfer,No,Sophia Williams,1367
1368, ,Pending,Opendoor,No,11.42,16.62,Downsizing,Yes,Amit Kumar,1368
1369,Closed,Pending,Bulk,Yes,13.56,11.25,Investor Sale,No,Amit Kumar,1369
1370,Accepted Offer,Closed,Opendoor,No,3.84,20.42,,Yes,Priya Sharma,1370
1371,New,Kick,Internal,,3.49,26.68,,,Priya Sharma,1371
1372,Accepted Offer,Cancel,Opendoor,No,10.29,17.51,Downsizing,No,Emily Patel,1372
1373, ,Available,Bulk,,12.12,5.64,,,Samantha Pierce,1373
1374,Accepted Offer,Null,Broker,No,6.86,15.84,Job Transfer,No,Emily Patel,1374
1375, ,Always Kick,Opendoor,Yes,13.78,28.29,,No,David Thompson,1375
1376, Closed, ,Internal,No,10.26,13.17,Downsizing,Yes,Sophia Williams,1376
1377, Closed,Pending,Broker,,14.67,23.02,Downsizing,,Luis Garcia,1377
1378,Null,Null,Broker,,2.25,14.74,Job Transfer,Yes,David Thompson,1378
1379,Offered,Closed, MLS,No,10.43,21.35,,No,Jessica Lin,1379
1380,Reviewed,Close,M L S,Yes,12.64,11.64,Investor Sale,,Samantha Pierce,1380
1381,Reviewed,Null,M.L.S.,,5.38,27.47,Job Transfer,Yes,Jason Miller,1381
1382,Null,Cancel,Bulk,No,9.41,24.88,,,Amit Kumar,1382
1383,Reviewed,Cancel,M L S,Yes,4.15,17.59,Investor Sale,,Jessica Lin,1383
1384,Neww,Pending,Broker,Yes,18.76,26.67,,,David Thompson,1384
1385,Cancelled,Cancel,Opendoor,,5.74,9.38,Investor Sale,Yes,Emily Patel,1385
1386, ,Null,Broker,Yes,16.77,25.07,Job Transfer,No,Priya Sharma,1386
1387, ,Pend,Bulk,,4.67,13.0,Downsizing,,Samantha Pierce,1387
1388,Reviewed,Closed,Opendoor,Yes,4.56,15.6,,,Emily Patel,1388
1389,Offered,Null,M L S,,8.29,11.16,,No,Priya Sharma,1389
1390,Null,Close, MLS,No,8.6,16.92,Job Transfer,,Priya Sharma,1390
1391,Neww,Closed,Bulk,,7.41,19.54,Job Transfer,No,Jessica Lin,1391
1392,New,Always Kick,M L S,Yes,3.42,9.37,Job Transfer,,Luis Garcia,1392
1393,Cancelled, ,Internal,,14.76,12.5,Job Transfer,,Sophia Williams,1393
1394, ,Pending,M L S,No,4.67,26.08,Investor Sale,,Michael Chen,1394
1395,Offered,Closed,M.L.S.,Yes,16.39,13.28,Job Transfer,Yes,Jason Miller,1395
1396,Closed,Cancelled,M.L.S.,Yes,14.24,17.4,Downsizing,,Michael Chen,1396
1397,Neww,Close,M.L.S.,,16.74,19.47,Investor Sale,No,Amit Kumar,1397
1398,Reviewed,Always Kick,Internal,No,14.71,24.04,Downsizing,Yes,Michael Chen,1398
1399,Cancelled,Closed,M L S,Yes,3.71,7.7,Job Transfer,,Michael Chen,1399
1400,Offered,Always Kick,Internal,,10.93,5.17,,,Michael Chen,1400
1401,New,Available,Internal,,5.86,24.64,Investor Sale,Yes,David Thompson,1401
1402,Accepted Offer, ,Internal,Yes,3.36,21.82,Downsizing,Yes,Amit Kumar,1402
1403, ,Available, MLS,Yes,12.75,10.32,Investor Sale,,Emily Patel,1403
1404,Null,Available,Opendoor,,18.91,16.4,Investor Sale,No,Luis Garcia,1404
1405,Neww, ,Opendoor,Yes,16.23,18.92,Job Transfer,No,Priya Sharma,1405
1406,Cancelled, Close ,Bulk,,5.57,14.59,Downsizing,,Sophia Williams,1406
1407,Accepted Offer,Cancelled,M L S,Yes,18.31,19.84,,Yes,Samantha Pierce,1407
1408,Offered,Available,M L S,Yes,4.02,14.51,Investor Sale,No,Emily Patel,1408
1409,Reviewed, ,Opendoor,Yes,9.55,18.47,Investor Sale,Yes,Samantha Pierce,1409
1410,Cancelled,Cancel,Opendoor,No,17.54,8.4,Job Transfer,Yes,Emily Patel,1410
1411,Reviewed,Available,M L S,No,4.71,6.42,Investor Sale,Yes,Sophia Williams,1411
1412,New, Close ,Bulk,,15.4,5.9,,Yes,Priya Sharma,1412
1413, Closed, ,Bulk,Yes,9.78,22.73,Investor Sale,No,Emily Patel,1413
1414,Closed, Close ,Opendoor,Yes,6.13,11.21,Downsizing,Yes,Jason Miller,1414
1415,Reviewed,Cancelled,Auction.com,,9.56,15.38,Job Transfer,,Sophia Williams,1415
1416,Offered,Closed,Bulk,No,8.42,6.64,Job Transfer,No,Emily Patel,1416
1417,Cancelled,Pend,Internal,Yes,14.76,18.85,Investor Sale,No,Jason Miller,1417
1418,Reviewed,Cancelled,Internal,Yes,18.77,21.73,,,Michael Chen,1418
1419,Reviewed,Always Kick, MLS,No,8.15,19.8,Investor Sale,,Jason Miller,1419
1420,Cancelled,Null,Broker,,14.1,28.97,Job Transfer,,Jason Miller,1420
1421,Null,Close,Internal,Yes,14.14,8.02,Job Transfer,Yes,David Thompson,1421
1422, ,Close,Internal,No,3.67,26.88,Investor Sale,,Jessica Lin,1422
1423,Reviewed,Pending,M L S,,11.32,7.56,Investor Sale,,Jessica Lin,1423
1424,Reviewed,Closed,M L S,,19.64,9.26,Downsizing,Yes,Sophia Williams,1424
1425,Null,Cancel,M.L.S.,Yes,15.27,8.0,Investor Sale,,Emily Patel,1425
1426,Accepted Offer,Available,Bulk,,18.78,27.62,Investor Sale,Yes,Jason Miller,1426
1427,New,Cancel,M L S,,12.03,28.8,Job Transfer,No,Michael Chen,1427
1428, Closed,Close,Bulk,Yes,4.27,11.78,Investor Sale,Yes,Michael Chen,1428
1429,New,Cancel,Auction.com,No,17.43,11.8,Investor Sale,,Samantha Pierce,1429
1430,Reviewed,Close,Internal,,9.47,23.44,Job Transfer,,Michael Chen,1430
1431,Null,Cancelled,Internal,No,9.91,27.33,Downsizing,,Luis Garcia,1431
1432,Offered,Cancel,Bulk,,19.3,16.63,Job Transfer,Yes,Michael Chen,1432
1433, ,Null,Internal,No,17.24,22.94,,Yes,Luis Garcia,1433
1434,Neww, ,Broker,Yes,17.13,19.63,Downsizing,Yes,Jason Miller,1434
1435,Neww,Cancelled, MLS,Yes,17.28,8.0,Job Transfer,,Jason Miller,1435
1436, Closed,Cancel,M.L.S.,No,13.38,25.41,Job Transfer,No,Sophia Williams,1436
1437,Reviewed,Cancel,M L S,,4.05,21.04,Job Transfer,,David Thompson,1437
1438, Closed,Available,Internal,,4.96,24.64,Job Transfer,Yes,Emily Patel,1438
1439, Closed,Close,M.L.S.,Yes,6.6,19.26,Downsizing,No,Jessica Lin,1439
1440, Closed,Always Kick,M L S,No,3.09,5.88,Job Transfer,No,Emily Patel,1440
1441, ,Pending,M L S,No,14.92,13.14,Downsizing,,Emily Patel,1441
1442,Null,Closed,M.L.S.,Yes,14.14,28.15,,Yes,Emily Patel,1442
1443,Null,Cancelled,Internal,Yes,5.62,12.7,Downsizing,Yes,Amit Kumar,1443
1444,Closed,Null,Opendoor,Yes,9.66,25.94,Downsizing,,Priya Sharma,1444
1445,Null,Available,Opendoor,,13.35,27.39,Downsizing,,Sophia Williams,1445
1446, Closed,Closed,Auction.com,No,12.67,24.4,,,Jason Miller,1446
1447,Offered,Pending,Auction.com,,18.43,5.27,Downsizing,No,David Thompson,1447
1448,Accepted Offer, Close ,Bulk,,18.08,27.52,,,Emily Patel,1448
1449,Neww,Kick,Broker,,8.06,16.05,Investor Sale,Yes,Jason Miller,1449
1450,Null,Cancelled,Broker,Yes,6.22,25.09,,Yes,Jason Miller,1450
1451, ,Available,Internal,,4.29,23.16,Job Transfer,Yes,Luis Garcia,1451
1452,Null,Pending,Broker,No,9.84,18.46,Job Transfer,,David Thompson,1452
1453,Closed,Cancelled,Internal,No,13.98,6.71,,Yes,Amit Kumar,1453
1454,Null,Pending,M L S,Yes,18.07,17.77,Investor Sale,,Samantha Pierce,1454
1455, , ,Broker,,15.63,6.0,Investor Sale,,Jason Miller,1455
1456,Null,Kick,Auction.com,No,2.9,13.46,Downsizing,No,Luis Garcia,1456
1457,Offered,Pend,M L S,,3.47,22.97,Investor Sale,,Jason Miller,1457
1458, ,Always Kick,Opendoor,,5.99,25.01,,Yes,David Thompson,1458
1459,New,Null,Internal,,14.68,10.58,,,Jessica Lin,1459
1460, ,Null,M.L.S.,No,15.49,8.6,,No,Jason Miller,1460
1461,Closed,Kick, MLS,No,18.5,9.74,Job Transfer,No,Jason Miller,1461
1462,Neww,Available,M.L.S.,Yes,7.51,19.32,Downsizing,No,Sophia Williams,1462
1463,Neww,Closed,M L S,No,12.99,23.82,Downsizing,Yes,Samantha Pierce,1463
1464,Null,Available,Auction.com,,19.34,16.37,Downsizing,Yes,Priya Sharma,1464
1465, ,Closed,M L S,No,7.62,13.07,,No,Sophia Williams,1465
1466,Cancelled,Closed,M.L.S.,Yes,2.67,12.72,,No,Priya Sharma,1466
1467,Accepted Offer,Close,Opendoor,,4.42,23.74,Investor Sale,,Jason Miller,1467
1468,Accepted Offer, Close ,Broker,,16.95,11.98,Job Transfer,Yes,Jessica Lin,1468
1469,Reviewed, ,Bulk,,19.14,9.48,Investor Sale,,Priya Sharma,1469
1470,Closed,Closed,M.L.S.,Yes,5.97,20.3,Downsizing,Yes,Luis Garcia,1470
1471,Reviewed,Available,Opendoor,,16.15,26.9,Job Transfer,Yes,Luis Garcia,1471
1472,Cancelled,Always Kick,Internal,No,10.85,13.56,Job Transfer,,Luis Garcia,1472
1473,Accepted Offer,Null,Auction.com,Yes,3.74,24.93,Downsizing,No,Samantha Pierce,1473
1474, Closed,Always Kick,Opendoor,,3.2,12.32,Investor Sale,Yes,Jason Miller,1474
1475,Neww,Cancelled,Opendoor,No,6.51,9.27,Job Transfer,No,Priya Sharma,1475
1476, Closed,Cancel,M L S,Yes,8.17,20.74,Downsizing,No,Emily Patel,1476
1477,Neww,Pending,M.L.S.,No,19.55,24.39,Job Transfer,Yes,Sophia Williams,1477
1478,Null,Always Kick,Internal,,15.76,28.74,Investor Sale,Yes,Emily Patel,1478
1479,Accepted Offer, Close ,Broker,No,15.05,29.78,Job Transfer,,Jason Miller,1479
1480,Closed,Cancelled,Opendoor,No,4.4,22.3,Job Transfer,,Emily Patel,1480
1481,Closed,Closed,Opendoor,No,15.73,27.39,Investor Sale,No,Priya Sharma,1481
1482,New,Available,M.L.S.,No,15.92,7.34,Investor Sale,No,Luis Garcia,1482
1483,Neww, ,Auction.com,No,10.73,21.22,Job Transfer,,Priya Sharma,1483
1484,Cancelled,Closed,M.L.S.,Yes,2.43,26.81,Job Transfer,No,Luis Garcia,1484
1485,New,Null, MLS,Yes,10.29,18.26,,Yes,Luis Garcia,1485
1486,Reviewed,Always Kick,Auction.com,,6.7,16.36,Job Transfer,,Luis Garcia,1486
1487,Closed, ,M L S,No,11.59,11.75,Downsizing,,Jessica Lin,1487
1488,New,Cancelled,M L S,,14.9,19.89,Job Transfer,Yes,David Thompson,1488
1489, Closed,Close,Internal,No,11.06,24.79,Downsizing,No,Priya Sharma,1489
1490, , ,Bulk,,13.68,24.6,Investor Sale,Yes,Priya Sharma,1490
1491,Cancelled,Close,Broker,No,15.19,26.07,Job Transfer,,Jessica Lin,1491
1492,Neww,Always Kick,Broker,No,19.28,13.21,Downsizing,,Samantha Pierce,1492
1493, ,Pend, MLS,Yes,6.72,25.25,Downsizing,,Luis Garcia,1493
1494,Null,Cancel, MLS,,11.37,10.82,Investor Sale,Yes,Luis Garcia,1494
1495,New,Pend,Bulk,,5.01,21.28,Job Transfer,,Sophia Williams,1495
1496,Neww, Close ,Opendoor,,2.9,11.14,Investor Sale,No,Amit Kumar,1496
1497,New,Cancel,Broker,Yes,2.61,26.7,,No,Luis Garcia,1497
1498,Reviewed,Closed,M.L.S.,Yes,8.36,26.49,Downsizing,,Samantha Pierce,1498
1499, ,Close,M.L.S.,,12.84,12.48,Investor Sale,No,Jason Miller,1499
1500,Null,Available,Bulk,,12.92,27.91,Investor Sale,,Priya Sharma,1500
1501,Closed, , MLS,No,2.94,26.91,Investor Sale,No,Jessica Lin,1501
1502,Accepted Offer,Kick,Internal,No,5.91,14.08,Downsizing,No,Priya Sharma,1502
1503,Closed,Pend,M L S,No,19.67,22.52,Investor Sale,,Jessica Lin,1503
1504,Closed,Close,Opendoor,,6.61,28.56,Investor Sale,,Emily Patel,1504
1505,Cancelled,Pending,Opendoor,Yes,14.41,24.22,Investor Sale,,Emily Patel,1505
1506,Reviewed,Pend,Bulk,No,19.97,26.49,Investor Sale,No,Luis Garcia,1506
1507,Cancelled,Cancel,M L S,No,15.7,28.51,Job Transfer,,David Thompson,1507
1508,Closed,Null,M L S,Yes,17.57,8.59,Investor Sale,No,Amit Kumar,1508
1509,Reviewed,Close,Opendoor,Yes,6.01,17.51,,,Michael Chen,1509
1510,Closed, Close ,M.L.S.,,10.52,18.52,Downsizing,No,David Thompson,1510
1511,Closed,Pend,Opendoor,,16.87,23.51,Job Transfer,No,Luis Garcia,1511
1512,Cancelled,Pending,Opendoor,Yes,4.74,10.97,Investor Sale,Yes,Jason Miller,1512
1513,New,Always Kick,Opendoor,Yes,11.77,7.36,Downsizing,Yes,Amit Kumar,1513
1514,Offered,Close,Opendoor,No,11.26,5.35,Downsizing,No,David Thompson,1514
1515, ,Close,M L S,,16.33,8.21,Investor Sale,No,Emily Patel,1515
1516,Closed,Available,M L S,,10.46,7.57,Investor Sale,No,Luis Garcia,1516
1517,Cancelled,Null,Broker,No,6.8,11.03,Investor Sale,Yes,Priya Sharma,1517
1518,Closed, Close ,Broker,,15.38,6.03,Investor Sale,Yes,Jason Miller,1518
1519,Accepted Offer, Close ,Opendoor,Yes,11.04,10.58,,No,Jessica Lin,1519
1520,Offered,Available,Auction.com,,17.13,5.99,Investor Sale,No,David Thompson,1520
1521, Closed,Available,M L S,No,11.44,7.6,Downsizing,No,Jason Miller,1521
1522,Cancelled,Close,M.L.S.,,11.77,24.18,Job Transfer,No,Priya Sharma,1522
1523,Closed,Always Kick,Auction.com,Yes,4.78,29.53,Downsizing,Yes,David Thompson,1523
1524, ,Pend,Auction.com,Yes,14.43,11.03,Job Transfer,Yes,Sophia Williams,1524
1525,Cancelled, ,M.L.S.,,12.63,19.95,Job Transfer,No,Jessica Lin,1525
1526,Accepted Offer,Pending,Broker,Yes,17.51,5.98,Investor Sale,No,David Thompson,1526
1527,Cancelled,Null, MLS,No,4.53,18.58,Downsizing,No,Samantha Pierce,1527
1528,Null,Cancel,Opendoor,No,12.32,15.5,Downsizing,No,Priya Sharma,1528
1529,Accepted Offer,Always Kick,Bulk,Yes,7.33,16.54,Job Transfer,Yes,Sophia Williams,1529
1530,Cancelled, Close ,Auction.com,No,14.37,21.78,Job Transfer,No,Samantha Pierce,1530
1531, Closed, Close ,Opendoor,No,12.83,21.69,Downsizing,,Amit Kumar,1531
1532, Closed, ,M L S,,3.39,25.95,Job Transfer,Yes,Priya Sharma,1532
1533,Neww,Close,Opendoor,Yes,16.06,11.01,Investor Sale,Yes,David Thompson,1533
1534,New,Always Kick,Bulk,Yes,16.2,21.41,Downsizing,No,Jason Miller,1534
1535,Neww,Cancelled,Auction.com,No,12.9,28.96,Investor Sale,Yes,Michael Chen,1535
1536,Neww,Cancel,Internal,No,3.63,28.92,Investor Sale,No,Jason Miller,1536
1537,Reviewed,Cancelled,Broker,No,12.81,14.93,,,Priya Sharma,1537
1538,Null,Pending,Auction.com,,10.56,7.64,Job Transfer,Yes,David Thompson,1538
1539,Closed,Pending,M L S,,13.74,9.53,,Yes,Michael Chen,1539
1540, ,Pend,Broker,,13.19,13.86,,No,David Thompson,1540
1541,Closed,Pend,M L S,Yes,10.01,26.09,Job Transfer,No,Luis Garcia,1541
1542,Accepted Offer,Cancelled,Opendoor,Yes,16.78,5.77,,Yes,Emily Patel,1542
1543,Cancelled,Kick,M.L.S.,Yes,8.7,21.63,Job Transfer,No,Emily Patel,1543
1544,Neww,Always Kick, MLS,Yes,16.13,21.87,Job Transfer,No,Priya Sharma,1544
1545,Null, ,Internal,No,11.76,10.45,,No,Amit Kumar,1545
1546,Reviewed, Close ,Auction.com,Yes,16.66,10.48,Downsizing,,Jason Miller,1546
1547, ,Null,Auction.com,No,16.88,9.44,Investor Sale,Yes,Amit Kumar,1547
1548,New,Kick,Broker,No,2.86,9.67,Investor Sale,,Sophia Williams,1548
1549, ,Closed,Auction.com,No,15.53,24.66,Downsizing,,Jessica Lin,1549
1550, ,Available,Bulk,,14.7,9.67,Downsizing,Yes,Samantha Pierce,1550
1551,New,Cancel,Bulk,No,17.63,20.27,Job Transfer,No,David Thompson,1551
1552,Null,Always Kick,Broker,,14.24,6.68,Job Transfer,Yes,Priya Sharma,1552
1553,Offered,Available,M.L.S.,,11.08,28.83,Downsizing,,Jason Miller,1553
1554,Reviewed,Kick,Auction.com,,12.85,8.99,Job Transfer,,Emily Patel,1554
1555,Offered,Available,Broker,,17.66,9.86,Job Transfer,No,Michael Chen,1555
1556,Offered, Close ,Opendoor,Yes,8.17,16.83,Job Transfer,,Emily Patel,1556
1557,Accepted Offer,Kick,Opendoor,No,15.38,13.42,Downsizing,,Amit Kumar,1557
1558,Reviewed, ,Broker,Yes,18.76,19.27,Job Transfer,No,Emily Patel,1558
1559,Neww,Available,M.L.S.,,19.8,12.26,Job Transfer,Yes,David Thompson,1559
1560,Offered,Pending,M.L.S.,Yes,14.6,18.69,,Yes,Amit Kumar,1560
1561,Offered,Available, MLS,,11.17,5.04,,,Priya Sharma,1561
1562,Offered,Cancelled,Internal,Yes,17.38,7.05,Downsizing,No,Amit Kumar,1562
1563,Offered,Available,Auction.com,,16.12,11.71,Downsizing,,Sophia Williams,1563
1564, ,Cancel,M.L.S.,No,10.36,27.49,Downsizing,Yes,Jason Miller,1564
1565,Reviewed,Pending,Opendoor,No,14.93,29.39,Downsizing,,David Thompson,1565
1566,New,Always Kick, MLS,No,6.14,12.41,Job Transfer,,Jason Miller,1566
1567,Reviewed,Cancelled,Internal,Yes,2.52,26.67,,No,Jason Miller,1567
1568,Null,Pend,Bulk,No,19.8,10.48,Investor Sale,No,Jason Miller,1568
1569,Null, Close , MLS,No,15.71,9.5,,Yes,Michael Chen,1569
1570,Neww,Closed,M.L.S.,,10.94,21.04,Downsizing,,Jessica Lin,1570
1571, Closed,Closed,Opendoor,Yes,16.38,25.92,,No,David Thompson,1571
1572, ,Close,Auction.com,No,17.36,23.38,,,Amit Kumar,1572
1573,Offered,Cancel,Broker,No,13.79,19.49,Investor Sale,Yes,Emily Patel,1573
1574,Neww,Null,Auction.com,Yes,15.64,7.57,Downsizing,No,Luis Garcia,1574
1575, ,Pending,Auction.com,,10.11,17.58,Downsizing,,Michael Chen,1575
1576,New,Close,M.L.S.,No,12.04,6.41,Investor Sale,Yes,Amit Kumar,1576
1577,Neww,Available, MLS,Yes,2.46,16.32,,No,Jessica Lin,1577
1578,Reviewed, Close ,Broker,,19.93,20.78,,No,Jason Miller,1578
1579,Offered,Pend,Auction.com,No,12.4,8.3,Job Transfer,,Emily Patel,1579
1580,Offered,Close,M L S,No,15.78,8.63,Job Transfer,No,David Thompson,1580
1581,Neww, ,Auction.com,Yes,15.31,19.32,,Yes,David Thompson,1581
1582,Reviewed,Cancelled,Broker,Yes,14.44,25.8,Downsizing,Yes,Luis Garcia,1582
1583,Null,Closed,Internal,Yes,14.35,24.06,Job Transfer,,David Thompson,1583
1584, Closed,Always Kick,M.L.S.,Yes,6.44,8.17,,No,Luis Garcia,1584
1585,Accepted Offer,Pend, MLS,No,4.0,22.66,Downsizing,Yes,Michael Chen,1585
1586, Closed, Close ,Internal,Yes,11.93,22.34,Downsizing,No,Jessica Lin,1586
1587, ,Pending,Broker,Yes,18.31,17.54,,Yes,Amit Kumar,1587
1588,Closed,Closed,Internal,No,13.49,27.03,Job Transfer,,Amit Kumar,1588
1589,Accepted Offer,Null,Auction.com,,19.52,28.19,,Yes,Samantha Pierce,1589
1590,Cancelled,Cancelled,Broker,,12.16,18.05,,Yes,Priya Sharma,1590
1591,Null,Always Kick, MLS,,10.04,10.01,Job Transfer,,Jason Miller,1591
1592,Cancelled,Null,Bulk,Yes,6.3,22.23,Downsizing,,Jason Miller,1592
1593,Reviewed,Cancel,Broker,No,5.11,29.08,Downsizing,Yes,Amit Kumar,1593
1594, Closed,Cancel,Auction.com,No,9.02,6.39,,Yes,David Thompson,1594
1595,New,Always Kick,Auction.com,No,15.91,11.99,Investor Sale,Yes,Sophia Williams,1595
1596, Closed,Null,Internal,No,9.95,28.15,Downsizing,Yes,Luis Garcia,1596
1597,Reviewed,Pending,Bulk,Yes,17.75,16.89,Investor Sale,No,Luis Garcia,1597
1598,Neww, Close ,Auction.com,,16.02,21.12,,Yes,Samantha Pierce,1598
1599,Closed, ,M L S,,4.82,23.3,Investor Sale,Yes,Michael Chen,1599
1600,New,Pending,Bulk,,3.49,10.5,Job Transfer,No,David Thompson,1600
1601, Closed,Pending,Auction.com,No,5.2,7.33,,Yes,Jason Miller,1601
1602,Null,Cancelled,Auction.com,No,12.85,17.68,Investor Sale,No,Amit Kumar,1602
1603,Accepted Offer, Close ,M.L.S.,,8.73,19.04,,Yes,David Thompson,1603
1604,Reviewed, Close ,Internal,Yes,19.09,7.45,Job Transfer,Yes,Michael Chen,1604
1605,Cancelled,Kick,Auction.com,No,13.05,22.64,Downsizing,No,Amit Kumar,1605
1606,New,Null,Internal,No,7.71,14.13,Job Transfer,No,Amit Kumar,1606
1607,Offered,Cancelled,M L S,No,5.66,14.5,Job Transfer,Yes,Samantha Pierce,1607
1608,Null,Null,Bulk,No,19.02,24.72,Downsizing,Yes,Priya Sharma,1608
1609,Offered,Cancelled,M.L.S.,No,18.67,17.14,Downsizing,Yes,Emily Patel,1609
1610,Cancelled,Cancel,Opendoor,,15.39,25.86,Investor Sale,Yes,David Thompson,1610
1611,Offered,Available,Opendoor,No,10.68,28.98,Investor Sale,Yes,Sophia Williams,1611
1612,Offered,Pending, MLS,,2.67,23.81,,No,David Thompson,1612
1613,New,Kick,Opendoor,No,15.43,20.12,,No,Samantha Pierce,1613
1614,Reviewed, Close ,Internal,,3.25,12.11,Job Transfer,Yes,Sophia Williams,1614
1615,Reviewed,Pending,M L S,No,2.99,29.96,Downsizing,No,Emily Patel,1615
1616,Offered,Closed,Auction.com,,19.7,27.43,Job Transfer,,Jessica Lin,1616
1617,Cancelled,Close,Opendoor,Yes,8.94,5.97,Job Transfer,,Jason Miller,1617
1618,Null,Null, MLS,No,5.69,27.54,Investor Sale,No,Emily Patel,1618
1619,Cancelled,Cancelled, MLS,,14.28,22.5,,No,Priya Sharma,1619
1620,Offered, Close ,Auction.com,No,5.12,27.69,Investor Sale,No,Jason Miller,1620
1621,Neww,Kick,Bulk,No,15.22,24.32,Job Transfer,Yes,Amit Kumar,1621
1622,Cancelled, ,Opendoor,,15.56,22.44,Job Transfer,Yes,Emily Patel,1622
1623,Null,Always Kick,Broker,,19.75,11.48,Investor Sale,Yes,Jessica Lin,1623
1624,Accepted Offer,Pend,Bulk,,7.18,18.62,Investor Sale,No,Michael Chen,1624
1625,Cancelled,Close,Opendoor,No,12.27,22.49,,No,Jessica Lin,1625
1626, Closed,Null,Bulk,No,19.47,25.41,,Yes,Samantha Pierce,1626
1627,Neww,Kick,M L S,No,3.64,10.94,Job Transfer,No,David Thompson,1627
1628, ,Null,Bulk,No,17.2,19.26,Downsizing,No,Priya Sharma,1628
1629,Reviewed,Available,M L S,,9.05,7.56,Investor Sale,Yes,Priya Sharma,1629
1630,Cancelled,Kick,M L S,No,14.93,16.21,,No,Jason Miller,1630
1631,Accepted Offer,Cancelled,Auction.com,No,12.77,6.73,Job Transfer,No,Jessica Lin,1631
1632,Offered, ,Auction.com,,8.93,9.91,Downsizing,Yes,David Thompson,1632
1633,Accepted Offer,Cancelled,M.L.S.,Yes,14.63,22.31,Investor Sale,,Samantha Pierce,1633
1634,Cancelled,Cancelled,Auction.com,,2.83,6.06,Downsizing,Yes,Emily Patel,1634
1635, Closed,Closed, MLS,,8.21,13.51,Investor Sale,,Jessica Lin,1635
1636,Cancelled,Pend,Broker,,5.77,14.93,Investor Sale,Yes,Jessica Lin,1636
1637,Neww,Always Kick,M L S,,12.37,14.53,,,Priya Sharma,1637
1638,Neww,Always Kick,Internal,Yes,12.94,17.41,,Yes,Emily Patel,1638
1639,Null,Pend,Broker,Yes,10.79,25.2,,,Jason Miller,1639
1640,Closed,Cancel,Opendoor,,4.25,10.4,Investor Sale,Yes,Samantha Pierce,1640
1641,Closed,Closed,Broker,Yes,7.57,16.95,Job Transfer,,Luis Garcia,1641
1642,Accepted Offer,Close,Auction.com,,7.64,11.73,,Yes,Samantha Pierce,1642
1643,Cancelled,Pend,Internal,No,7.79,29.48,Downsizing,Yes,Sophia Williams,1643
1644, Closed,Available,Opendoor,Yes,5.58,12.67,,No,Priya Sharma,1644
1645,Cancelled,Null,Internal,,3.39,21.81,,No,Sophia Williams,1645
1646,Accepted Offer,Null,Internal,Yes,7.44,20.42,Downsizing,Yes,Amit Kumar,1646
1647, Closed,Closed,Broker,,4.38,16.1,Downsizing,Yes,Michael Chen,1647
1648,Null,Pending,M.L.S.,,15.82,17.54,Investor Sale,Yes,Sophia Williams,1648
1649,Reviewed, Close ,Internal,No,3.09,21.6,Downsizing,,Priya Sharma,1649
1650,Neww, Close , MLS,,6.2,7.9,Investor Sale,No,Michael Chen,1650
1651, Closed,Pending,Opendoor,,11.52,16.19,Job Transfer,No,Michael Chen,1651
1652,Offered,Closed,M L S,Yes,2.59,6.34,,Yes,David Thompson,1652
1653,Offered,Cancelled,M L S,Yes,4.71,19.76,Downsizing,No,Emily Patel,1653
1654, Closed,Cancelled,Opendoor,,12.49,23.5,Downsizing,No,Jason Miller,1654
1655,Closed,Cancelled,M L S,Yes,3.1,27.27,,Yes,Amit Kumar,1655
1656,New,Null,Internal,Yes,2.63,10.32,Investor Sale,No,Jason Miller,1656
1657,Accepted Offer,Null,Auction.com,Yes,14.59,18.89,Job Transfer,No,Michael Chen,1657
1658,Offered, ,Broker,Yes,2.1,19.53,Job Transfer,,Luis Garcia,1658
1659, Closed, Close ,Broker,,7.23,26.16,Job Transfer,,Luis Garcia,1659
1660,Null,Cancel,M.L.S.,Yes,14.96,15.32,Job Transfer,,Emily Patel,1660
1661,Closed, ,Bulk,No,13.8,6.6,Downsizing,Yes,Samantha Pierce,1661
1662, ,Cancel,Internal,No,4.79,12.39,Downsizing,Yes,Amit Kumar,1662
1663, Closed,Closed,M L S,Yes,5.03,19.46,Downsizing,No,Luis Garcia,1663
1664,New, Close ,Auction.com,,10.2,29.64,Downsizing,No,Amit Kumar,1664
1665,Cancelled,Cancel,M L S,Yes,14.71,15.55,,No,Jason Miller,1665
1666,Accepted Offer,Pend,M.L.S.,Yes,17.65,10.84,,No,Sophia Williams,1666
1667,Offered,Cancelled, MLS,,15.91,24.87,Investor Sale,,Amit Kumar,1667
1668,Reviewed,Kick,Auction.com,No,11.34,10.04,Investor Sale,Yes,Priya Sharma,1668
1669,Closed, Close ,M L S,No,16.9,11.57,Downsizing,Yes,Priya Sharma,1669
1670,Reviewed,Closed,Auction.com,,13.95,10.1,Job Transfer,Yes,Michael Chen,1670
1671,Neww,Cancel, MLS,Yes,4.62,5.4,Job Transfer,No,Luis Garcia,1671
1672,New,Pending,Internal,,4.85,18.67,Job Transfer,Yes,Jessica Lin,1672
1673,Accepted Offer,Kick,M L S,No,7.56,26.71,Investor Sale,No,Jessica Lin,1673
1674,Neww,Null,Opendoor,Yes,11.28,29.47,Job Transfer,No,Emily Patel,1674
1675,Offered, ,Opendoor,Yes,12.11,16.64,,Yes,Jason Miller,1675
1676,Neww, Close ,Opendoor,Yes,12.81,20.53,Downsizing,No,David Thompson,1676
1677,New, Close ,Broker,,6.53,10.7,Job Transfer,Yes,Sophia Williams,1677
1678,Reviewed,Available,Opendoor,Yes,12.31,23.12,Job Transfer,No,David Thompson,1678
1679,Neww,Cancel,Bulk,Yes,10.02,26.46,Downsizing,,Samantha Pierce,1679
1680,Cancelled,Close,Auction.com,No,8.92,9.21,Investor Sale,,Michael Chen,1680
1681, , ,Internal,No,14.69,13.56,Job Transfer,No,David Thompson,1681
1682,Reviewed,Pend,Auction.com,,8.47,22.45,Investor Sale,,Samantha Pierce,1682
1683, ,Pend,Opendoor,No,7.66,26.36,Job Transfer,No,Priya Sharma,1683
1684, Closed, ,Broker,,5.24,22.25,Job Transfer,Yes,David Thompson,1684
1685,Neww,Pend,Bulk,No,12.8,15.36,Investor Sale,Yes,Priya Sharma,1685
1686, ,Kick,Bulk,Yes,13.88,9.73,,,Jessica Lin,1686
1687,Closed,Pend,Internal,,14.78,19.74,Downsizing,,Michael Chen,1687
1688,New,Closed,Auction.com,,16.83,29.58,Job Transfer,No,Emily Patel,1688
1689,Null,Closed, MLS,,10.63,22.23,Job Transfer,,Emily Patel,1689
1690, Closed,Always Kick,M.L.S.,Yes,17.94,20.54,Investor Sale,,Jason Miller,1690
1691, ,Pending,M.L.S.,No,18.13,28.94,Investor Sale,No,Priya Sharma,1691
1692,Cancelled, Close ,Opendoor,,4.17,17.18,Job Transfer,Yes,Luis Garcia,1692
1693,Cancelled,Kick, MLS,Yes,16.8,15.58,Downsizing,No,David Thompson,1693
1694,Cancelled,Null,Auction.com,,2.09,8.34,Investor Sale,,David Thompson,1694
1695,New, Close , MLS,,18.88,6.17,Job Transfer,No,Priya Sharma,1695
1696,New,Cancel,Auction.com,No,15.5,9.61,Job Transfer,Yes,Samantha Pierce,1696
1697,Null,Cancelled,Internal,Yes,6.91,10.27,,,Michael Chen,1697
1698, Closed,Kick,Broker,No,18.65,16.4,Investor Sale,No,Jessica Lin,1698
1699,Reviewed,Pending,Bulk,,8.41,26.66,Investor Sale,Yes,Jason Miller,1699
1700,Closed,Always Kick, MLS,,6.02,6.57,Investor Sale,No,Jessica Lin,1700
1701,Neww,Cancelled,M L S,Yes,14.14,23.07,Investor Sale,No,Jessica Lin,1701
1702, ,Available,M L S,No,18.82,25.59,Job Transfer,,Sophia Williams,1702
1703,Neww,Null, MLS,Yes,18.06,22.16,Investor Sale,No,Samantha Pierce,1703
1704,Closed,Pending, MLS,Yes,2.72,15.17,,No,Jason Miller,1704
1705,New,Kick,Bulk,Yes,18.04,19.09,Investor Sale,,Samantha Pierce,1705
1706,Offered,Always Kick,Internal,,19.09,26.13,,No,David Thompson,1706
1707,Accepted Offer,Always Kick,Internal,Yes,7.5,12.83,,No,Sophia Williams,1707
1708,Cancelled,Available,Opendoor,Yes,17.42,19.46,,Yes,Sophia Williams,1708
1709,New,Cancel,M.L.S.,No,14.14,28.55,Investor Sale,Yes,David Thompson,1709
1710,Reviewed,Pend,M.L.S.,No,12.43,16.82,Investor Sale,No,Luis Garcia,1710
1711, Closed,Cancel,Auction.com,Yes,7.1,13.26,Job Transfer,,Luis Garcia,1711
1712, ,Available,Bulk,,2.1,18.24,Investor Sale,No,Priya Sharma,1712
1713,Accepted Offer,Always Kick,Internal,Yes,16.76,14.29,,,Michael Chen,1713
1714,Cancelled,Pending,Internal,,17.53,13.12,,Yes,Samantha Pierce,1714
1715,New,Always Kick,M L S,,15.07,12.61,Downsizing,No,Emily Patel,1715
1716,Neww,Pend,Bulk,No,6.91,7.18,Investor Sale,,Sophia Williams,1716
1717,Reviewed,Null,Broker,Yes,7.95,21.76,,No,David Thompson,1717
1718,Null,Null,Opendoor,No,10.98,5.03,,No,Sophia Williams,1718
1719,Reviewed,Available, MLS,,9.32,22.49,Downsizing,,Jason Miller,1719
1720, ,Pend,Bulk,No,9.52,12.55,Job Transfer,Yes,Luis Garcia,1720
1721,Offered,Always Kick,Opendoor,Yes,5.27,20.79,Downsizing,Yes,Samantha Pierce,1721
1722,Null,Close,Broker,Yes,10.06,7.65,Investor Sale,,Amit Kumar,1722
1723,Reviewed,Close,Broker,,9.29,7.17,Downsizing,,Sophia Williams,1723
1724, ,Always Kick,Opendoor,Yes,12.79,29.89,Job Transfer,,Luis Garcia,1724
1725,Closed,Pending,M.L.S.,,3.94,15.54,Downsizing,,Michael Chen,1725
1726,Cancelled,Kick,Bulk,Yes,14.15,18.43,Job Transfer,No,Michael Chen,1726
1727,Null,Cancelled,M L S,No,4.62,8.46,Downsizing,No,Michael Chen,1727
1728,Offered, ,Auction.com,No,11.37,9.6,,,Luis Garcia,1728
1729,Neww, ,Opendoor,No,6.85,26.99,,Yes,Sophia Williams,1729
1730, Closed,Closed,Auction.com,Yes,16.91,6.26,Downsizing,No,Jessica Lin,1730
1731, Closed,Pend,Broker,No,12.3,7.64,Job Transfer,No,Jason Miller,1731
1732,Cancelled,Pend,Internal,,13.67,14.35,,No,Amit Kumar,1732
1733,Accepted Offer, ,M L S,,15.62,23.56,Job Transfer,Yes,Sophia Williams,1733
1734,Accepted Offer,Pending, MLS,No,4.21,28.95,Investor Sale,No,Michael Chen,1734
1735,Neww, ,Auction.com,Yes,9.28,24.03,,No,Sophia Williams,1735
1736,Neww,Always Kick,M L S,Yes,7.52,13.27,Investor Sale,No,Emily Patel,1736
1737, Closed, ,Broker,No,18.95,29.05,Job Transfer,No,Jessica Lin,1737
1738,Cancelled,Pend,Opendoor,Yes,16.16,11.18,Downsizing,,Luis Garcia,1738
1739,Offered,Closed,Broker,Yes,7.12,5.21,,Yes,Michael Chen,1739
1740,Cancelled,Pend,M.L.S.,Yes,17.61,15.69,,,Luis Garcia,1740
1741,Closed, Close ,Opendoor,,9.9,27.21,Downsizing,,David Thompson,1741
1742,Reviewed,Always Kick,Auction.com,Yes,18.06,27.66,Job Transfer,,Sophia Williams,1742
1743,Neww,Null,Auction.com,,13.61,14.7,Investor Sale,,David Thompson,1743
1744, ,Pend, MLS,No,10.05,21.27,,No,Jason Miller,1744
1745,Null, Close ,Broker,Yes,15.94,21.3,,Yes,Michael Chen,1745
1746,Accepted Offer,Cancelled,M L S,Yes,4.6,6.58,Investor Sale,Yes,Luis Garcia,1746
1747,Offered,Cancel,Internal,,6.07,18.24,Investor Sale,No,Jessica Lin,1747
1748,Accepted Offer,Close,Opendoor,Yes,11.28,21.78,Investor Sale,Yes,Priya Sharma,1748
1749,New,Closed,M L S,Yes,4.47,15.54,Investor Sale,No,Luis Garcia,1749
1750,New,Always Kick, MLS,,19.94,9.56,,,Michael Chen,1750
1751,Cancelled,Pending,M L S,No,4.54,28.1,Investor Sale,No,Sophia Williams,1751
1752,Reviewed,Pend,M.L.S.,Yes,16.94,6.77,Investor Sale,,Jessica Lin,1752
1753, ,Null,Broker,Yes,5.48,13.15,Investor Sale,Yes,David Thompson,1753
1754,Cancelled,Pending,Auction.com,No,13.13,18.83,Downsizing,,Samantha Pierce,1754
1755,Accepted Offer,Always Kick,Opendoor,,2.31,25.15,,No,Michael Chen,1755
1756,Reviewed,Close,Opendoor,No,2.06,20.3,,No,Michael Chen,1756
1757,Cancelled, Close ,M.L.S.,Yes,4.58,21.39,Job Transfer,,Samantha Pierce,1757
1758,Cancelled,Cancelled,Broker,Yes,15.82,7.06,Job Transfer,Yes,Emily Patel,1758
1759,New,Cancelled, MLS,No,11.85,29.92,Investor Sale,,Jessica Lin,1759
1760,Offered,Closed,Opendoor,Yes,19.6,11.64,Investor Sale,,David Thompson,1760
1761,New,Pend, MLS,No,16.69,26.59,Downsizing,No,David Thompson,1761
1762,New,Pending, MLS,No,12.07,15.09,Job Transfer,No,Priya Sharma,1762
1763, Closed,Cancelled, MLS,No,4.67,10.84,,Yes,Luis Garcia,1763
1764,Accepted Offer,Close, MLS,No,6.22,8.71,Job Transfer,No,David Thompson,1764
1765, ,Null,M L S,Yes,15.58,12.75,Investor Sale,,Priya Sharma,1765
1766,Cancelled,Pend, MLS,No,2.98,17.31,Job Transfer,No,Amit Kumar,1766
1767,Neww, ,M.L.S.,Yes,10.55,15.69,Investor Sale,Yes,Jason Miller,1767
1768,Offered,Null,Opendoor,,6.03,13.83,,Yes,Jason Miller,1768
1769,Accepted Offer, ,Auction.com,Yes,17.02,22.99,Investor Sale,,Priya Sharma,1769
1770, Closed,Available,M L S,No,15.95,28.5,Downsizing,Yes,Luis Garcia,1770
1771,Reviewed,Closed,Internal,No,8.75,29.59,Investor Sale,Yes,Amit Kumar,1771
1772, Closed,Cancel,Auction.com,No,19.35,5.88,,Yes,David Thompson,1772
1773,Null,Closed,Broker,No,19.79,12.24,,Yes,Emily Patel,1773
1774, Closed,Closed,Broker,No,6.84,23.35,,,Jessica Lin,1774
1775,New, Close ,Bulk,No,2.33,25.87,Job Transfer,,Sophia Williams,1775
1776,Cancelled,Pend,Internal,,5.32,7.89,,,Luis Garcia,1776
1777,Reviewed,Closed,M L S,No,8.34,26.74,Downsizing,No,Priya Sharma,1777
1778,Null,Kick,Broker,Yes,4.44,13.33,Investor Sale,Yes,Samantha Pierce,1778
1779, ,Null,Auction.com,No,2.55,7.18,Job Transfer,No,Priya Sharma,1779
1780, Closed,Kick, MLS,Yes,17.85,25.33,Investor Sale,No,Jessica Lin,1780
1781,Cancelled, Close ,Auction.com,,16.16,26.92,Downsizing,Yes,Emily Patel,1781
1782,Reviewed,Pending,Opendoor,No,3.1,10.48,Investor Sale,No,Amit Kumar,1782
1783,Cancelled, Close ,Bulk,,12.68,11.2,,Yes,Jessica Lin,1783
1784,Null,Cancel, MLS,Yes,11.8,11.57,Investor Sale,No,Emily Patel,1784
1785,Reviewed,Cancelled,Internal,No,13.27,20.5,Job Transfer,No,Jessica Lin,1785
1786,Closed, ,Auction.com,,16.57,13.14,Investor Sale,No,Luis Garcia,1786
1787, ,Close,M.L.S.,Yes,2.57,25.78,,Yes,Priya Sharma,1787
1788,New,Cancelled, MLS,No,16.08,16.2,Downsizing,,Emily Patel,1788
1789, Closed,Pend, MLS,Yes,17.66,18.01,,Yes,Priya Sharma,1789
1790,Null, Close ,Bulk,,6.44,17.82,,Yes,David Thompson,1790
1791,New,Pend,Bulk,Yes,3.03,21.64,Investor Sale,No,Sophia Williams,1791
1792,Accepted Offer,Pending,Opendoor,Yes,17.8,13.11,Investor Sale,No,Jason Miller,1792
1793,Offered,Cancelled,M L S,,18.57,28.23,Downsizing,Yes,Luis Garcia,1793
1794, ,Close,Opendoor,Yes,10.9,9.19,Investor Sale,,Luis Garcia,1794
1795,Accepted Offer, ,Auction.com,No,5.7,7.09,Job Transfer,,Priya Sharma,1795
1796,Closed, ,M.L.S.,No,5.51,22.43,Downsizing,,Emily Patel,1796
1797, ,Pending,Opendoor,Yes,11.23,19.53,Investor Sale,,Amit Kumar,1797
1798,Reviewed, ,Internal,Yes,12.32,20.42,Downsizing,Yes,Jason Miller,1798
1799,Reviewed,Closed,Broker,No,19.07,27.45,Job Transfer,No,Amit Kumar,1799
1800, ,Closed,Opendoor,No,19.88,14.82,Investor Sale,Yes,Emily Patel,1800
1801,Null,Pend,Auction.com,,8.86,6.55,Job Transfer,No,Sophia Williams,1801
1802, Closed,Cancel, MLS,,4.86,17.0,Investor Sale,Yes,Jason Miller,1802
1803,Offered,Cancelled,Opendoor,No,11.12,9.35,,,Jason Miller,1803
1804,Null,Closed,Internal,Yes,8.58,12.51,Investor Sale,No,Sophia Williams,1804
1805,Closed,Null,M L S,No,12.85,6.41,Downsizing,No,Luis Garcia,1805
1806,Closed,Kick,M.L.S.,Yes,14.05,6.16,Downsizing,Yes,Emily Patel,1806
1807, Closed,Cancel,M L S,,14.63,16.62,Job Transfer,Yes,Jessica Lin,1807
1808,New,Close, MLS,Yes,12.19,24.44,,,Luis Garcia,1808
1809, Closed,Always Kick,Internal,No,10.87,9.0,Downsizing,No,Jason Miller,1809
1810,Null, Close ,M L S,No,5.39,26.53,Job Transfer,,Sophia Williams,1810
1811,Reviewed,Closed, MLS,Yes,16.79,21.84,Downsizing,No,Jason Miller,1811
1812, Closed,Cancel,Broker,No,15.62,14.38,Downsizing,,Luis Garcia,1812
1813,Null,Always Kick,M.L.S.,Yes,16.81,28.43,Downsizing,Yes,Michael Chen,1813
1814,New,Always Kick,Opendoor,Yes,18.65,26.54,Job Transfer,No,David Thompson,1814
1815,New,Pend,Auction.com,Yes,16.93,14.79,Investor Sale,Yes,Jessica Lin,1815
1816,Cancelled,Available,Auction.com,,19.51,10.79,Job Transfer,No,Amit Kumar,1816
1817,Closed,Cancelled,Broker,,2.52,8.47,Investor Sale,No,Sophia Williams,1817
1818,New,Null,Broker,Yes,18.03,10.44,Downsizing,No,Jessica Lin,1818
1819, ,Null,Auction.com,,19.94,24.96,Downsizing,Yes,Samantha Pierce,1819
1820, Closed,Cancel,Auction.com,No,10.44,28.68,Job Transfer,Yes,Jessica Lin,1820
1821,Offered,Kick,Opendoor,No,4.39,11.09,Downsizing,Yes,Amit Kumar,1821
1822,Closed,Cancelled,Auction.com,,12.36,7.18,Job Transfer,Yes,Amit Kumar,1822
1823,Offered,Close,Broker,,12.14,8.6,Job Transfer,,Luis Garcia,1823
1824,Closed,Cancel,M.L.S.,Yes,4.64,8.88,Downsizing,,David Thompson,1824
1825,New,Cancel,Internal,Yes,19.22,9.75,Downsizing,Yes,Jason Miller,1825
1826,Null,Always Kick,M.L.S.,Yes,18.86,13.59,Investor Sale,,Michael Chen,1826
1827, ,Available,Bulk,No,16.88,26.13,Investor Sale,Yes,Jason Miller,1827
1828,Closed, ,M.L.S.,Yes,18.56,22.93,Investor Sale,No,Priya Sharma,1828
1829,Accepted Offer, Close ,Internal,,2.82,21.58,Downsizing,No,Jessica Lin,1829
1830,Null,Pending, MLS,No,5.4,22.84,Job Transfer,Yes,Samantha Pierce,1830
1831,Closed,Cancel,M.L.S.,Yes,18.73,6.7,Job Transfer,No,Amit Kumar,1831
1832,Offered,Null,Auction.com,,6.15,20.57,Job Transfer,No,Jessica Lin,1832
1833,Offered,Close,Opendoor,,12.49,20.94,Downsizing,Yes,Jessica Lin,1833
1834,Offered,Pending, MLS,Yes,2.13,29.16,,No,Luis Garcia,1834
1835, ,Closed,M L S,Yes,6.9,6.27,,No,David Thompson,1835
1836, ,Cancel,M L S,No,5.26,9.92,Downsizing,No,Luis Garcia,1836
1837,New,Available,Opendoor,No,8.12,10.14,Investor Sale,No,Jason Miller,1837
1838,Null,Cancel, MLS,Yes,8.52,22.17,Job Transfer,No,Jason Miller,1838
1839,Offered,Close,Opendoor,Yes,19.76,9.25,,No,Jason Miller,1839
1840, ,Pending,Broker,,3.95,29.51,Job Transfer,Yes,Priya Sharma,1840
1841,Accepted Offer,Cancel,Opendoor,No,3.89,19.53,Downsizing,,Michael Chen,1841
1842,Neww,Null,Opendoor,Yes,8.29,26.42,Job Transfer,No,Samantha Pierce,1842
1843,Cancelled, Close ,M.L.S.,,7.35,7.94,Downsizing,No,Amit Kumar,1843
1844, Closed,Cancelled,Broker,No,9.0,17.79,Job Transfer,,Priya Sharma,1844
1845,New,Pending,Auction.com,Yes,7.31,15.05,Downsizing,Yes,Michael Chen,1845
1846,New,Always Kick,M L S,No,15.37,8.92,Investor Sale,Yes,Amit Kumar,1846
1847,Accepted Offer,Null,M L S,,5.18,12.93,Investor Sale,Yes,Priya Sharma,1847
1848,Reviewed,Kick,Internal,,16.03,26.11,Investor Sale,,Amit Kumar,1848
1849,Reviewed,Cancel,Auction.com,No,9.69,29.85,,,Samantha Pierce,1849
1850,Closed,Kick,M L S,,18.98,14.71,Downsizing,No,Emily Patel,1850
1851, Closed,Close,Opendoor,,7.54,27.31,,,Jessica Lin,1851
1852,Closed,Closed,Internal,No,15.02,19.9,Investor Sale,Yes,Priya Sharma,1852
1853,Cancelled,Pend, MLS,Yes,19.15,11.21,Investor Sale,Yes,David Thompson,1853
1854,Offered, Close ,Broker,,7.68,5.81,,,Jessica Lin,1854
1855,New,Null,Opendoor,,6.06,21.71,Job Transfer,Yes,Amit Kumar,1855
1856,Reviewed,Null,M.L.S.,,7.71,28.41,Job Transfer,No,Amit Kumar,1856
1857, ,Pend,Opendoor,Yes,4.77,14.39,Downsizing,,Luis Garcia,1857
1858, ,Always Kick,Opendoor,,9.9,13.27,Downsizing,No,Samantha Pierce,1858
1859,Offered,Closed,Auction.com,No,8.62,15.92,Downsizing,Yes,Jason Miller,1859
1860,Neww,Available,Internal,Yes,17.97,15.19,Job Transfer,Yes,David Thompson,1860
1861,Reviewed,Pend,Auction.com,Yes,18.5,22.65,,No,Emily Patel,1861
1862,Offered,Cancelled,Opendoor,,14.06,8.97,Job Transfer,No,Jessica Lin,1862
1863,New,Kick,Auction.com,,10.81,22.3,Job Transfer,Yes,David Thompson,1863
1864,New,Null,Opendoor,,14.33,18.63,Job Transfer,Yes,Priya Sharma,1864
1865,New,Kick,Internal,,5.65,22.87,Job Transfer,,Luis Garcia,1865
1866,New,Always Kick,Auction.com,Yes,17.17,12.74,,,Luis Garcia,1866
1867,Neww,Null,M L S,No,16.48,16.37,Downsizing,,Sophia Williams,1867
1868,Null,Close,Internal,Yes,14.12,6.39,,,David Thompson,1868
1869, Closed, Close , MLS,No,4.36,27.32,Investor Sale,No,Samantha Pierce,1869
1870, Closed,Close,Opendoor,No,19.04,20.62,Job Transfer,Yes,Emily Patel,1870
1871,Null, , MLS,No,6.28,21.51,Job Transfer,Yes,Amit Kumar,1871
1872, ,Available,M L S,,13.6,5.88,Investor Sale,Yes,Jason Miller,1872
1873,Null,Close,Auction.com,No,9.61,19.09,Job Transfer,,Emily Patel,1873
1874,Offered,Kick,M L S,Yes,18.76,8.85,Job Transfer,No,Emily Patel,1874
1875,Reviewed,Null,Internal,Yes,3.17,19.47,Downsizing,,Emily Patel,1875
1876,Neww,Close,Bulk,No,13.12,10.56,Job Transfer,Yes,Priya Sharma,1876
1877,Null, ,Bulk,,16.13,12.05,Investor Sale,Yes,Samantha Pierce,1877
1878,Offered,Always Kick,Auction.com,,5.78,29.89,Job Transfer,Yes,Jessica Lin,1878
1879,Closed,Closed,M.L.S.,No,16.07,14.76,Downsizing,No,Sophia Williams,1879
1880,Neww, Close ,Auction.com,No,11.28,23.1,Job Transfer,Yes,Emily Patel,1880
1881,Cancelled, ,Bulk,Yes,9.29,22.84,Downsizing,No,Priya Sharma,1881
1882,Null, Close ,Opendoor,,19.37,29.69,Job Transfer,No,Jessica Lin,1882
1883,Accepted Offer,Kick,Internal,No,14.45,6.94,Downsizing,Yes,Luis Garcia,1883
1884,Neww,Always Kick,M L S,Yes,9.42,24.18,Investor Sale,,Luis Garcia,1884
1885,Accepted Offer,Closed,Internal,No,7.12,23.06,Investor Sale,Yes,Sophia Williams,1885
1886,Cancelled,Cancel,Internal,,16.6,29.62,,No,Emily Patel,1886
1887,Neww,Always Kick,M L S,,2.6,22.0,,,Jessica Lin,1887
1888,Closed, Close , MLS,,7.73,29.9,Investor Sale,,Sophia Williams,1888
1889, Closed, ,Bulk,,19.99,16.33,,,Sophia Williams,1889
1890,Closed,Null,Broker,,3.39,5.93,,Yes,Luis Garcia,1890
1891,Neww,Kick,M L S,,14.66,27.86,Investor Sale,No,Jessica Lin,1891
1892,Closed, Close , MLS,Yes,4.28,26.83,Downsizing,,Emily Patel,1892
1893,Offered,Close,Auction.com,No,16.33,22.38,Investor Sale,No,Emily Patel,1893
1894, Closed,Closed,Internal,Yes,4.68,13.48,,,Priya Sharma,1894
1895, ,Kick,Bulk,No,12.09,6.41,Downsizing,,Michael Chen,1895
1896,Closed,Pending,M.L.S.,No,17.88,12.92,Job Transfer,,Samantha Pierce,1896
1897, Closed,Pend, MLS,Yes,4.04,13.23,Job Transfer,,Luis Garcia,1897
1898,Offered,Always Kick,M L S,Yes,7.5,7.24,Investor Sale,No,Michael Chen,1898
1899,Accepted Offer,Close,Broker,No,10.59,5.63,,,Amit Kumar,1899
1900,Offered,Available,Bulk,No,14.15,5.51,Investor Sale,Yes,Sophia Williams,1900
1901,Neww,Pend,Auction.com,No,11.45,6.14,Job Transfer,,Samantha Pierce,1901
1902,Neww,Null,Broker,Yes,10.36,7.62,,Yes,Sophia Williams,1902
1903,Null,Null,Bulk,No,3.71,25.0,,,Jason Miller,1903
1904,Neww,Cancelled,M.L.S.,No,16.14,7.98,Downsizing,Yes,Amit Kumar,1904
1905, ,Closed,M L S,,3.34,21.01,Investor Sale,,David Thompson,1905
1906,New,Cancel,M L S,No,10.29,15.85,Job Transfer,,Luis Garcia,1906
1907,Reviewed,Pending,Auction.com,Yes,18.04,27.7,Downsizing,No,Priya Sharma,1907
1908,Accepted Offer,Cancelled,Opendoor,Yes,2.55,5.04,,,Samantha Pierce,1908
1909, Closed, ,M.L.S.,No,8.66,6.46,Job Transfer,,Jason Miller,1909
1910,Null, Close , MLS,No,8.1,13.84,Investor Sale,Yes,Luis Garcia,1910
1911,Offered,Pend,Opendoor,Yes,2.75,13.09,Job Transfer,,Luis Garcia,1911
1912,Accepted Offer,Close,M L S,,16.29,26.22,Investor Sale,Yes,Emily Patel,1912
1913,Cancelled,Pend, MLS,Yes,15.85,29.4,Job Transfer,,Emily Patel,1913
1914,Closed,Always Kick,Auction.com,,8.1,9.51,Investor Sale,No,Jessica Lin,1914
1915,Closed, ,M.L.S.,,3.02,10.37,Job Transfer,No,Jessica Lin,1915
1916,Closed,Null, MLS,Yes,9.96,11.37,Job Transfer,,Samantha Pierce,1916
1917,Neww,Kick,Opendoor,No,15.22,12.06,,Yes,Amit Kumar,1917
1918,Cancelled,Null, MLS,,12.48,29.44,Investor Sale,No,Emily Patel,1918
1919,Neww, , MLS,,7.8,10.58,Downsizing,Yes,David Thompson,1919
1920, ,Closed,Auction.com,,3.18,18.16,,No,Samantha Pierce,1920
1921, Closed,Null,Bulk,No,15.07,24.22,Downsizing,Yes,Emily Patel,1921
1922, ,Cancelled,M L S,,15.97,8.49,,No,Samantha Pierce,1922
1923, ,Pending,Internal,No,13.96,10.72,Job Transfer,No,Luis Garcia,1923
1924, Closed,Null,Broker,Yes,17.94,21.7,Downsizing,No,Luis Garcia,1924
1925,Neww, ,Auction.com,Yes,8.08,12.78,,,Jessica Lin,1925
1926,New,Cancelled,Auction.com,Yes,4.5,12.35,Investor Sale,No,Sophia Williams,1926
1927,Offered,Null,Auction.com,Yes,4.98,11.86,Job Transfer,,Priya Sharma,1927
1928,Reviewed,Pend,Opendoor,,13.61,28.99,,Yes,Michael Chen,1928
1929, Closed,Pending,M.L.S.,No,19.71,6.32,Job Transfer,Yes,David Thompson,1929
1930,Null,Pend,Opendoor,,10.04,26.03,,Yes,Jason Miller,1930
1931,New,Cancelled,Opendoor,Yes,4.58,27.0,,Yes,Jessica Lin,1931
1932, Closed,Close,Auction.com,,3.08,19.27,Investor Sale,No,David Thompson,1932
1933,Offered, Close , MLS,No,10.52,16.27,Downsizing,,Emily Patel,1933
1934,Offered,Cancel,M L S,No,16.2,11.94,Investor Sale,,Sophia Williams,1934
1935,New,Always Kick,M L S,Yes,13.61,22.7,Downsizing,No,David Thompson,1935
1936,Offered, ,M L S,,2.31,17.02,Job Transfer,,Emily Patel,1936
1937,Cancelled,Kick,Auction.com,Yes,2.33,9.9,Job Transfer,No,Michael Chen,1937
1938, Closed,Close,M.L.S.,,7.46,23.12,Investor Sale,Yes,Amit Kumar,1938
1939,Null, ,Broker,No,16.55,21.32,Job Transfer,,Samantha Pierce,1939
1940,Cancelled,Pend,M.L.S.,No,6.43,26.54,Investor Sale,Yes,Michael Chen,1940
1941,Offered,Kick,M.L.S.,No,13.2,25.84,Investor Sale,Yes,David Thompson,1941
1942,New,Cancelled,M L S,Yes,3.23,19.97,Job Transfer,No,Samantha Pierce,1942
1943, Closed,Null,M L S,Yes,9.1,11.44,Downsizing,Yes,Jessica Lin,1943
1944,Accepted Offer,Null,Broker,,5.16,16.05,Investor Sale,Yes,Sophia Williams,1944
1945,Offered,Close,M.L.S.,Yes,17.16,16.78,Job Transfer,No,Sophia Williams,1945
1946, Closed,Pending,Broker,Yes,3.64,29.17,,,Emily Patel,1946
1947,Reviewed,Closed,Opendoor,,8.34,21.97,Investor Sale,No,David Thompson,1947
1948,New,Always Kick,M L S,No,5.51,6.44,Job Transfer,No,Samantha Pierce,1948
1949,Accepted Offer,Null,Auction.com,No,2.1,17.63,Downsizing,Yes,Jason Miller,1949
1950,New,Pending,Broker,,7.81,8.54,Downsizing,No,David Thompson,1950
1951,Closed, Close ,M.L.S.,,15.85,15.99,,No,Luis Garcia,1951
1952, ,Kick,Auction.com,No,6.38,24.38,Downsizing,Yes,Amit Kumar,1952
1953, Closed,Cancelled,M.L.S.,,4.18,9.77,Investor Sale,No,Jason Miller,1953
1954,Reviewed,Null,Opendoor,,10.62,18.21,Job Transfer,Yes,Michael Chen,1954
1955,Neww,Pend,Internal,Yes,13.28,29.32,,Yes,Samantha Pierce,1955
1956,Accepted Offer,Null,M.L.S.,,6.32,17.68,Investor Sale,Yes,Priya Sharma,1956
1957, ,Pend,Auction.com,No,7.64,6.47,Downsizing,,Luis Garcia,1957
1958,Closed,Kick,Auction.com,No,17.26,9.91,Downsizing,,Luis Garcia,1958
1959,Reviewed,Cancel, MLS,,6.48,18.74,,Yes,Samantha Pierce,1959
1960,Cancelled,Null,M.L.S.,No,4.42,5.62,Downsizing,No,Michael Chen,1960
1961,Closed,Pending,Opendoor,No,10.38,23.3,,No,Amit Kumar,1961
1962,Reviewed, ,M L S,,15.71,5.29,Downsizing,,Jessica Lin,1962
1963,Offered,Pend,Bulk,,12.76,11.67,,,Jessica Lin,1963
1964,New,Kick,Opendoor,,16.03,18.87,Downsizing,No,Luis Garcia,1964
1965, Closed,Closed,Auction.com,No,4.65,8.58,,Yes,David Thompson,1965
1966,Accepted Offer,Closed, MLS,Yes,12.41,19.02,Downsizing,,Amit Kumar,1966
1967,Accepted Offer,Available, MLS,,11.01,12.51,Job Transfer,Yes,Jason Miller,1967
1968, Closed,Null,Bulk,No,9.47,9.14,Downsizing,No,David Thompson,1968
1969,Neww,Closed,M.L.S.,No,6.48,6.76,Downsizing,,Michael Chen,1969
1970,Accepted Offer, ,M L S,,12.62,22.94,,,Jessica Lin,1970
1971,Null,Cancel,Bulk,Yes,2.27,21.44,Investor Sale,No,Amit Kumar,1971
1972, ,Pend,Bulk,Yes,19.07,16.38,Downsizing,No,Emily Patel,1972
1973,Cancelled,Always Kick,Auction.com,No,18.15,27.41,Job Transfer,Yes,Luis Garcia,1973
1974,Accepted Offer,Cancel,M L S,Yes,4.53,7.04,,,Michael Chen,1974
1975,Offered, Close ,Internal,No,10.76,5.41,Job Transfer,No,Luis Garcia,1975
1976,Cancelled,Kick, MLS,Yes,16.31,29.87,,No,Sophia Williams,1976
1977,Offered,Pending,Bulk,,13.38,7.71,Downsizing,,Emily Patel,1977
1978, Closed,Cancelled,Auction.com,,16.63,17.69,,No,Luis Garcia,1978
1979,Neww,Pend,Auction.com,No,18.58,27.12,,Yes,Luis Garcia,1979
1980,Closed,Pending,M L S,Yes,18.84,24.31,Job Transfer,No,Michael Chen,1980
1981,Null,Close,Internal,,13.64,22.75,Job Transfer,No,Michael Chen,1981
1982,Null,Closed,M.L.S.,,8.84,16.93,Downsizing,,Jason Miller,1982
1983,New, Close ,Broker,,18.69,13.19,Downsizing,Yes,Samantha Pierce,1983
1984,Reviewed,Cancelled,Opendoor,,14.79,5.67,Downsizing,,Amit Kumar,1984
1985,Null, , MLS,Yes,14.15,12.03,Downsizing,Yes,David Thompson,1985
1986,Reviewed,Pending,Auction.com,Yes,17.56,6.11,Job Transfer,,Sophia Williams,1986
1987,Reviewed,Always Kick,M L S,No,14.25,7.36,Downsizing,,Emily Patel,1987
1988,Null,Pend,Internal,Yes,13.18,7.99,Job Transfer,,Priya Sharma,1988
1989, Closed,Cancelled,Broker,Yes,11.61,19.51,Job Transfer,,Amit Kumar,1989
1990,Null,Available,Broker,,2.85,9.24,Downsizing,No,Jessica Lin,1990
1991,Offered, Close ,Internal,Yes,14.39,20.1,Downsizing,,Jason Miller,1991
1992,Cancelled, Close ,M L S,Yes,3.04,10.03,Job Transfer,No,Jason Miller,1992
1993, ,Null,Broker,Yes,9.02,23.75,,,David Thompson,1993
1994,Reviewed,Close,M L S,,15.41,10.98,Downsizing,No,Sophia Williams,1994
1995,Reviewed,Always Kick,Internal,,14.85,23.38,,,Priya Sharma,1995
1996,Neww,Available,Bulk,,4.08,25.12,Job Transfer,,Samantha Pierce,1996
1997,Offered,Pending,M.L.S.,Yes,12.23,19.96,,Yes,David Thompson,1997
1998, ,Closed,Broker,,17.27,5.18,,No,Priya Sharma,1998
1999,Reviewed,Cancelled,Broker,Yes,6.33,27.65,,No,Samantha Pierce,1999
2000,Neww,Null,Auction.com,Yes,16.72,6.38,,,Emily Patel,2000
2001,Null,Always Kick, MLS,No,2.88,13.36,Job Transfer,Yes,Luis Garcia,2001
2002,Reviewed,Null, MLS,No,13.58,10.38,,,David Thompson,2002
2003, , ,M L S,,2.39,18.03,Investor Sale,,Samantha Pierce,2003
2004,Null,Kick,Bulk,Yes,11.43,5.58,Downsizing,No,Sophia Williams,2004
2005,Closed,Cancel,Auction.com,No,7.29,11.85,Job Transfer,Yes,Jessica Lin,2005
2006,Reviewed,Cancel,M.L.S.,No,12.76,14.64,,No,Michael Chen,2006
2007,Null,Always Kick,Broker,No,3.34,27.41,Job Transfer,Yes,Emily Patel,2007
2008, ,Cancel,Auction.com,,3.14,22.8,Investor Sale,,Jessica Lin,2008
2009,Accepted Offer,Null,Bulk,No,6.23,25.13,,,Sophia Williams,2009
2010,Offered,Always Kick,Bulk,,14.58,16.88,Job Transfer,No,Jason Miller,2010
2011, ,Null,Internal,Yes,7.59,5.33,Job Transfer,Yes,Emily Patel,2011
2012,Reviewed,Available,M.L.S.,Yes,3.59,21.63,Job Transfer,Yes,Emily Patel,2012
2013, ,Available,M L S,,19.24,29.69,,Yes,Jessica Lin,2013
2014, ,Cancelled, MLS,Yes,8.96,24.88,Job Transfer,,Samantha Pierce,2014
2015,Offered,Pending,M.L.S.,No,7.56,16.54,Job Transfer,No,Jason Miller,2015
2016,Cancelled, ,Auction.com,Yes,12.37,14.72,,,Priya Sharma,2016
2017,Cancelled, ,Bulk,,6.07,15.57,Job Transfer,Yes,Jason Miller,2017
2018,Reviewed, Close ,Opendoor,Yes,17.57,15.27,Investor Sale,No,Jason Miller,2018
2019,Offered,Available,Opendoor,No,7.78,26.67,Investor Sale,No,Priya Sharma,2019
2020,Null,Cancel,Broker,,6.4,14.45,,,Michael Chen,2020
2021,Offered,Null,M.L.S.,No,19.34,21.55,Downsizing,Yes,Amit Kumar,2021
2022,Closed,Pending,M.L.S.,No,19.23,27.97,Investor Sale,No,Sophia Williams,2022
2023,Cancelled,Kick,Bulk,,3.97,10.79,Downsizing,,Emily Patel,2023
2024,Offered,Kick,M.L.S.,,15.02,25.34,,No,Luis Garcia,2024
2025,New,Always Kick,Auction.com,Yes,19.52,26.67,,No,Priya Sharma,2025
2026,Neww,Close,Bulk,Yes,19.16,25.32,Downsizing,Yes,Jason Miller,2026
2027,Null,Closed,M.L.S.,Yes,17.63,25.34,,,Samantha Pierce,2027
2028,Null,Pend,M L S,,11.34,12.14,Downsizing,Yes,Samantha Pierce,2028
2029,Reviewed, Close ,Opendoor,,19.0,8.48,Downsizing,Yes,Jason Miller,2029
2030,Closed,Cancelled,M.L.S.,,18.17,20.22,Investor Sale,No,Sophia Williams,2030
2031, , Close ,Auction.com,,4.82,8.91,Job Transfer,Yes,Sophia Williams,2031
2032,New,Kick, MLS,No,14.44,29.01,Downsizing,No,David Thompson,2032
2033,Neww,Close,Opendoor,Yes,7.91,21.62,Job Transfer,No,Michael Chen,2033
2034, Closed,Always Kick,Bulk,No,9.87,26.92,Downsizing,No,Michael Chen,2034
2035,Closed,Closed,Opendoor,No,3.51,24.83,Investor Sale,Yes,Luis Garcia,2035
2036, ,Always Kick,M.L.S.,No,10.61,6.91,Downsizing,,David Thompson,2036
2037,Reviewed,Null,Internal,,3.2,6.1,Job Transfer,No,Amit Kumar,2037
2038,Accepted Offer,Cancel,Opendoor,Yes,8.37,28.2,Downsizing,,Amit Kumar,2038
2039,Cancelled, ,Internal,,10.91,22.99,Downsizing,Yes,Amit Kumar,2039
2040,Null,Available,Bulk,Yes,10.95,7.81,Investor Sale,Yes,Emily Patel,2040
2041,New, ,M.L.S.,Yes,10.63,6.33,Job Transfer,Yes,Samantha Pierce,2041
2042,Null,Cancelled,M.L.S.,No,4.48,9.58,Downsizing,Yes,Amit Kumar,2042
2043,Cancelled,Kick,Opendoor,Yes,6.74,6.4,Investor Sale,,Jason Miller,2043
2044,Offered,Always Kick,Internal,No,18.82,11.9,,Yes,David Thompson,2044
2045, ,Cancelled,Bulk,Yes,2.29,25.15,Downsizing,Yes,Jessica Lin,2045
2046,Offered,Cancel,M L S,No,3.09,7.29,Downsizing,,Jessica Lin,2046
2047, Closed,Cancelled,Broker,Yes,14.32,6.87,Downsizing,Yes,Jason Miller,2047
2048,Reviewed,Cancel, MLS,,14.48,10.69,Downsizing,No,Priya Sharma,2048
2049, ,Kick, MLS,Yes,16.13,21.7,Investor Sale,,Michael Chen,2049
2050,Closed, ,Bulk,No,2.05,13.09,Job Transfer,Yes,David Thompson,2050
2051, Closed,Close,M L S,,15.47,10.71,Investor Sale,,Luis Garcia,2051
2052,Closed,Close,Bulk,,8.68,19.57,Investor Sale,No,Jessica Lin,2052
2053,Null,Cancel,M.L.S.,No,7.09,13.2,,,Amit Kumar,2053
2054,Neww,Null,Auction.com,Yes,19.99,24.62,Investor Sale,No,Priya Sharma,2054
2055, Closed,Closed,Broker,No,10.58,11.75,Downsizing,No,Jason Miller,2055
2056,Neww,Cancelled,Internal,,3.13,19.07,Investor Sale,,Priya Sharma,2056
2057,Accepted Offer, Close ,M L S,Yes,15.33,22.09,,Yes,Emily Patel,2057
2058,Null,Close,Bulk,,6.11,7.65,Investor Sale,,Sophia Williams,2058
2059,Null, ,Broker,No,11.36,28.74,Investor Sale,Yes,Jessica Lin,2059
2060, Closed,Null,Auction.com,No,17.69,10.42,Downsizing,Yes,David Thompson,2060
2061, ,Pend,M.L.S.,Yes,16.27,10.04,Investor Sale,,Samantha Pierce,2061
2062,Closed, Close , MLS,Yes,18.68,15.36,Investor Sale,Yes,Jessica Lin,2062
2063,Closed,Always Kick,Bulk,,7.08,22.41,,Yes,Priya Sharma,2063
2064,Closed,Closed,M L S,Yes,19.22,15.02,Job Transfer,Yes,Luis Garcia,2064
2065,Accepted Offer,Cancelled, MLS,Yes,14.23,6.19,,No,Samantha Pierce,2065
2066,Accepted Offer,Cancel,Broker,,2.18,9.59,Downsizing,Yes,David Thompson,2066
2067,Cancelled,Kick,Broker,Yes,10.7,25.03,Job Transfer,,Samantha Pierce,2067
2068,Cancelled,Close,Opendoor,No,14.37,28.22,Job Transfer,,Michael Chen,2068
2069,Neww,Cancel,Auction.com,Yes,16.42,11.36,Investor Sale,,Samantha Pierce,2069
2070,Offered,Always Kick,M L S,,13.25,21.93,Investor Sale,No,Emily Patel,2070
2071,Neww,Cancelled,Broker,No,5.6,13.15,Downsizing,,David Thompson,2071
2072,Offered,Always Kick,M L S,Yes,11.72,17.02,,Yes,Jessica Lin,2072
2073,Offered,Cancel,Auction.com,No,5.82,28.31,Job Transfer,Yes,Jason Miller,2073
2074,New,Pending,Internal,Yes,2.3,7.88,,Yes,Emily Patel,2074
2075,Accepted Offer,Always Kick,M L S,,2.4,25.21,Downsizing,No,Jessica Lin,2075
2076,Null,Cancelled,M L S,Yes,3.02,13.85,,Yes,Jessica Lin,2076
2077, , Close , MLS,No,15.92,16.49,Investor Sale,No,David Thompson,2077
2078,Cancelled,Always Kick, MLS,,17.11,24.4,Investor Sale,Yes,Jason Miller,2078
2079,Reviewed,Cancel, MLS,Yes,12.77,6.87,Downsizing,,Sophia Williams,2079
2080,Reviewed, ,Opendoor,Yes,11.83,7.71,Investor Sale,,David Thompson,2080
2081,Neww,Null,Auction.com,Yes,18.82,24.63,Investor Sale,Yes,Michael Chen,2081
2082,Neww,Available,Bulk,Yes,10.97,18.78,Job Transfer,Yes,Amit Kumar,2082
2083, ,Cancel, MLS,Yes,6.68,23.14,Investor Sale,,Priya Sharma,2083
2084, ,Always Kick,M.L.S.,No,8.81,14.13,Downsizing,No,Jessica Lin,2084
2085,Neww,Always Kick,Auction.com,Yes,13.42,5.46,Job Transfer,,Emily Patel,2085
2086,New,Close,Auction.com,Yes,8.94,11.62,,No,Jessica Lin,2086
2087,Reviewed,Pend,Auction.com,Yes,16.33,10.38,,,Emily Patel,2087
2088,Reviewed,Pend,M.L.S.,,11.38,7.22,Job Transfer,Yes,Michael Chen,2088
2089,Offered,Closed,Bulk,,10.22,10.99,Downsizing,Yes,Michael Chen,2089
2090,Accepted Offer, Close ,Broker,,13.02,24.94,Job Transfer,,Priya Sharma,2090
2091,New, Close ,Broker,,6.39,15.64,Downsizing,No,Priya Sharma,2091
2092,Cancelled, ,Bulk,Yes,7.21,5.95,Downsizing,,Sophia Williams,2092
2093, Closed,Available, MLS,No,6.4,13.79,Downsizing,,Sophia Williams,2093
2094,Cancelled,Cancel,M.L.S.,No,2.55,19.79,Investor Sale,,Emily Patel,2094
2095,Cancelled, , MLS,,3.66,20.93,Investor Sale,,Jessica Lin,2095
2096,Accepted Offer,Pending, MLS,No,17.9,13.97,Downsizing,No,Jessica Lin,2096
2097,Neww,Available,Internal,,9.84,15.0,Investor Sale,Yes,Jason Miller,2097
2098,Cancelled,Pending,Bulk,,3.8,12.83,,,Amit Kumar,2098
2099,Reviewed,Cancelled,M.L.S.,,2.63,26.04,Investor Sale,,Samantha Pierce,2099
2100, ,Close,M.L.S.,No,12.69,15.03,Job Transfer,Yes,Jason Miller,2100
2101, , Close , MLS,Yes,13.5,9.36,Investor Sale,,Samantha Pierce,2101
2102,Neww,Cancel,M.L.S.,Yes,14.64,21.16,Investor Sale,Yes,Priya Sharma,2102
2103,Offered, Close ,Auction.com,,6.24,14.62,Downsizing,,Luis Garcia,2103
2104,Offered, ,Auction.com,,19.02,13.06,,Yes,Michael Chen,2104
2105,New,Available,Internal,No,6.01,29.07,Job Transfer,,Sophia Williams,2105
2106,Cancelled,Pend,Broker,,15.45,29.03,,,Sophia Williams,2106
2107,Accepted Offer,Cancelled,Bulk,,7.45,9.37,Investor Sale,No,Priya Sharma,2107
2108,New,Closed,Auction.com,,4.99,16.91,Investor Sale,No,David Thompson,2108
2109, Closed,Null,Opendoor,Yes,6.65,24.07,,,Samantha Pierce,2109
2110,Accepted Offer,Pending,Bulk,,19.72,7.42,Downsizing,,Amit Kumar,2110
2111,New,Null,Auction.com,No,5.06,5.73,,Yes,Sophia Williams,2111
2112,Neww,Pending,M L S,Yes,6.08,14.26,Investor Sale,No,Jessica Lin,2112
2113,New,Kick,M.L.S.,Yes,11.92,5.07,,Yes,Luis Garcia,2113
2114, Closed,Always Kick,Auction.com,Yes,16.16,15.61,Job Transfer,Yes,Luis Garcia,2114
2115,Offered,Pending,M L S,,10.72,7.51,Investor Sale,No,David Thompson,2115
2116, Closed,Pending,Auction.com,No,13.68,11.71,Investor Sale,,Amit Kumar,2116
2117,New,Null,M L S,,19.99,6.44,Job Transfer,,Amit Kumar,2117
2118,Accepted Offer,Cancelled,Opendoor,No,14.5,13.47,Job Transfer,No,Priya Sharma,2118
2119, ,Close, MLS,Yes,6.45,14.07,Job Transfer,Yes,Jason Miller,2119
2120,Reviewed, , MLS,,5.01,21.77,Downsizing,Yes,Samantha Pierce,2120
2121, ,Pending,Broker,No,2.43,24.04,Downsizing,Yes,Priya Sharma,2121
2122,Closed,Cancelled, MLS,,17.23,7.46,Job Transfer,,Sophia Williams,2122
2123,Offered,Close,Bulk,,4.51,6.12,,No,Jessica Lin,2123
2124,Cancelled,Available, MLS,,15.51,19.58,,No,Sophia Williams,2124
2125,Closed,Pending,Bulk,No,6.16,7.56,Investor Sale,,David Thompson,2125
2126,Neww,Cancel,Internal,,12.36,11.94,,,Priya Sharma,2126
2127, ,Available,Broker,Yes,15.78,24.75,Job Transfer,Yes,David Thompson,2127
2128,Neww,Available,Opendoor,,13.33,11.16,Job Transfer,Yes,Sophia Williams,2128
2129,Accepted Offer,Pending,Auction.com,Yes,4.88,7.18,Investor Sale,Yes,Emily Patel,2129
2130,Offered,Available,Bulk,No,11.93,6.62,Job Transfer,,Luis Garcia,2130
2131, ,Cancelled,Auction.com,No,5.12,7.44,Downsizing,Yes,Jason Miller,2131
2132,Reviewed,Cancelled,Auction.com,No,8.36,15.06,Investor Sale,Yes,Samantha Pierce,2132
2133,Closed,Always Kick,Broker,,5.89,29.36,Investor Sale,No,Priya Sharma,2133
2134,Null,Pending, MLS,,12.36,13.79,Job Transfer,,Priya Sharma,2134
2135,Accepted Offer,Close,M L S,No,17.92,19.77,Job Transfer,Yes,Emily Patel,2135
2136,Null, Close ,M L S,Yes,15.45,23.53,Job Transfer,Yes,Emily Patel,2136
2137,Neww,Pending, MLS,Yes,10.56,5.57,Investor Sale,Yes,Emily Patel,2137
2138, , ,Bulk,No,6.08,16.68,Job Transfer,,Jessica Lin,2138
2139,Cancelled,Close,M L S,No,14.47,28.86,Downsizing,Yes,Jessica Lin,2139
2140,Reviewed,Null,M L S,Yes,14.59,6.25,Downsizing,,Amit Kumar,2140
2141,Reviewed, Close ,M.L.S.,Yes,18.13,21.64,Downsizing,,David Thompson,2141
2142,Cancelled,Available,M L S,No,4.3,19.35,Job Transfer,Yes,Emily Patel,2142
2143, ,Kick,Internal,No,4.64,12.26,,Yes,Luis Garcia,2143
2144,Offered,Cancelled,Internal,,5.77,13.79,Job Transfer,,David Thompson,2144
2145,Accepted Offer,Close,Auction.com,,9.83,24.52,Job Transfer,Yes,Sophia Williams,2145
2146,Closed,Pending,Opendoor,,13.18,5.47,,,Jason Miller,2146
2147,Closed, ,Bulk,Yes,18.14,14.44,,No,David Thompson,2147
2148,Neww,Close,Opendoor,Yes,10.34,18.58,Investor Sale,,David Thompson,2148
2149,Neww,Cancel,M L S,Yes,12.81,10.82,Investor Sale,,Michael Chen,2149
2150, Closed,Close,Broker,,6.64,27.22,Downsizing,No,Amit Kumar,2150
2151,Neww,Kick,Internal,,19.78,27.59,Investor Sale,,Jessica Lin,2151
2152,New,Pend,Auction.com,No,9.19,20.15,Downsizing,,Luis Garcia,2152
2153,Null,Closed,Internal,Yes,4.49,11.87,,Yes,Emily Patel,2153
2154,Cancelled,Available,M.L.S.,Yes,15.91,26.05,,No,Michael Chen,2154
2155,Offered, Close ,Internal,,5.57,7.48,Investor Sale,,Amit Kumar,2155
2156,Reviewed,Closed, MLS,,15.3,19.34,Downsizing,,Amit Kumar,2156
2157, Closed,Null,M.L.S.,No,15.33,26.51,Downsizing,,Jessica Lin,2157
2158,Offered, Close ,Internal,Yes,3.23,11.18,Investor Sale,Yes,Michael Chen,2158
2159,Offered,Cancelled,Bulk,Yes,17.51,25.71,,Yes,Sophia Williams,2159
2160,Cancelled,Pending,Auction.com,Yes,15.03,17.3,Job Transfer,,Jessica Lin,2160
2161, ,Pend,Bulk,No,9.9,6.66,,No,Luis Garcia,2161
2162,Closed,Pending,Auction.com,Yes,5.21,29.51,Investor Sale,No,Michael Chen,2162
2163,Reviewed,Closed, MLS,Yes,14.35,20.17,Investor Sale,Yes,Samantha Pierce,2163
2164, ,Cancel, MLS,No,11.54,14.22,Job Transfer,Yes,Emily Patel,2164
2165,Reviewed,Pending,Auction.com,Yes,4.29,20.44,Downsizing,,Jessica Lin,2165
2166,Accepted Offer,Available,Auction.com,No,13.26,16.17,Investor Sale,,Jessica Lin,2166
2167,Reviewed,Kick, MLS,Yes,12.96,6.2,Job Transfer,,David Thompson,2167
2168,Offered,Close,Auction.com,,13.46,11.57,Investor Sale,No,Jessica Lin,2168
2169, , Close ,Opendoor,No,16.52,6.08,Job Transfer,No,Priya Sharma,2169
2170, ,Available,M L S,No,5.77,12.1,Downsizing,,Michael Chen,2170
2171,Reviewed,Cancelled,Broker,No,13.92,29.72,,No,Emily Patel,2171
2172, Closed,Cancel,Auction.com,Yes,11.96,17.98,Investor Sale,,Jessica Lin,2172
2173,Closed,Cancelled,Auction.com,No,12.53,11.92,Job Transfer,,David Thompson,2173
2174,Closed,Close, MLS,Yes,16.61,9.17,,No,Jason Miller,2174
2175,Cancelled,Always Kick,M.L.S.,Yes,15.48,25.12,,,David Thompson,2175
2176,Reviewed,Pending,Bulk,Yes,3.6,20.77,Downsizing,Yes,Amit Kumar,2176
2177,Accepted Offer,Cancel,Internal,Yes,10.83,24.23,Investor Sale,,Emily Patel,2177
2178,Accepted Offer,Available,M.L.S.,No,14.16,16.18,Job Transfer,,Priya Sharma,2178
2179,Neww,Null,M L S,Yes,2.59,28.5,Job Transfer,Yes,Samantha Pierce,2179
2180,New,Always Kick,Internal,,6.99,27.55,,,Amit Kumar,2180
2181,Closed,Cancel, MLS,No,11.47,5.88,Job Transfer,,Priya Sharma,2181
2182,Cancelled,Closed,M.L.S.,Yes,15.91,8.89,,,Michael Chen,2182
2183,Offered,Pending,Bulk,,8.32,6.83,,No,Luis Garcia,2183
2184,Null,Cancel,Internal,No,17.14,8.6,Job Transfer,,Priya Sharma,2184
2185, Closed,Available,M.L.S.,No,8.25,6.88,Downsizing,No,David Thompson,2185
2186,Reviewed,Closed,M.L.S.,No,15.79,25.72,Job Transfer,,Jessica Lin,2186
2187,Null,Close,Auction.com,Yes,4.63,9.54,Job Transfer,,Priya Sharma,2187
2188,Cancelled,Kick,Opendoor,No,16.29,6.31,Downsizing,No,David Thompson,2188
2189,Reviewed,Kick, MLS,Yes,11.12,26.0,Downsizing,Yes,David Thompson,2189
2190, ,Pending,Bulk,,18.42,14.87,Job Transfer,Yes,Luis Garcia,2190
2191, Closed,Null,Auction.com,Yes,7.72,26.61,Investor Sale,No,Emily Patel,2191
2192, Closed,Closed,M L S,,11.29,14.05,Investor Sale,,David Thompson,2192
2193,Closed,Pending,Internal,Yes,6.64,19.4,Investor Sale,No,Luis Garcia,2193
2194,New,Null,M L S,,9.91,29.89,Job Transfer,Yes,Samantha Pierce,2194
2195,Null, ,M L S,Yes,3.71,5.94,Job Transfer,No,Emily Patel,2195
2196,Neww,Null,M L S,Yes,12.27,18.22,Job Transfer,Yes,Luis Garcia,2196
2197, Closed,Kick, MLS,No,3.33,5.59,Investor Sale,,Amit Kumar,2197
2198,Offered,Null,Opendoor,,19.8,11.35,,,Michael Chen,2198
2199,Closed,Cancel,M L S,,16.62,29.68,,Yes,Jessica Lin,2199
2200, ,Pending,Auction.com,,7.67,11.25,Job Transfer,No,Samantha Pierce,2200
2201, Closed, Close ,Opendoor,No,2.69,9.9,Job Transfer,,Michael Chen,2201
2202,Neww,Kick,Bulk,,5.66,23.17,Investor Sale,Yes,Amit Kumar,2202
2203,Null,Pending,M L S,,16.7,9.98,Investor Sale,No,Luis Garcia,2203
2204, ,Close,Auction.com,Yes,7.03,8.61,Investor Sale,,David Thompson,2204
2205,Cancelled,Kick,Bulk,No,19.38,14.98,Downsizing,,Jason Miller,2205
2206,Offered,Closed,Bulk,Yes,10.8,9.13,Downsizing,No,Priya Sharma,2206
2207,Reviewed,Kick, MLS,,6.01,10.46,Investor Sale,No,Samantha Pierce,2207
2208,Null,Close,Auction.com,No,16.88,10.16,Investor Sale,No,Emily Patel,2208
2209,Null,Closed, MLS,Yes,16.72,20.11,Job Transfer,,Jessica Lin,2209
2210, Closed,Pending,Internal,Yes,18.31,13.56,,,Jason Miller,2210
2211,Neww, Close ,Bulk,No,6.84,9.17,Downsizing,Yes,Luis Garcia,2211
2212,Reviewed,Pend, MLS,,4.76,12.57,Investor Sale,Yes,Luis Garcia,2212
2213, Closed,Kick,Internal,,10.04,24.62,Downsizing,,Jessica Lin,2213
2214,Closed,Null,Auction.com,No,16.62,27.96,Job Transfer,Yes,Emily Patel,2214
2215,Neww,Pending,Internal,No,15.82,13.13,Investor Sale,Yes,Luis Garcia,2215
2216, Closed,Close,Bulk,Yes,7.27,26.02,,No,Samantha Pierce,2216
2217,New,Available,M.L.S.,,9.59,20.41,,No,Jason Miller,2217
2218,Accepted Offer,Closed, MLS,No,3.51,17.64,,No,Jason Miller,2218
2219,Neww,Cancel,M L S,,9.59,12.58,Job Transfer,Yes,Jason Miller,2219
2220,Reviewed, Close ,M.L.S.,No,6.09,22.29,Job Transfer,,Jessica Lin,2220
2221,New,Available,Auction.com,Yes,16.5,25.57,Downsizing,No,Samantha Pierce,2221
2222,New,Null,Internal,No,6.36,29.52,Job Transfer,No,Jason Miller,2222
2223,Reviewed,Close,M L S,,14.86,26.82,Job Transfer,,Emily Patel,2223
2224,Cancelled,Closed,M.L.S.,,7.39,11.09,Job Transfer,No,Samantha Pierce,2224
2225, ,Kick,Broker,No,12.52,12.64,,,Samantha Pierce,2225
2226,Accepted Offer,Available,Bulk,No,8.87,22.85,Job Transfer,No,Priya Sharma,2226
2227,Neww, ,Internal,,11.5,15.97,,No,Jason Miller,2227
2228,Neww,Kick,Internal,,5.02,11.88,,,David Thompson,2228
2229,Reviewed, ,Bulk,No,16.03,26.92,Investor Sale,,Amit Kumar,2229
2230, ,Close, MLS,Yes,2.41,13.35,,,Jessica Lin,2230
2231,Accepted Offer,Close, MLS,No,13.91,14.85,Downsizing,Yes,Samantha Pierce,2231
2232,Null,Always Kick,Internal,Yes,12.42,17.23,Job Transfer,Yes,Jason Miller,2232
2233,Offered,Null,Broker,,3.34,13.96,Job Transfer,,Jason Miller,2233
2234,Reviewed,Cancelled,M.L.S.,Yes,16.05,20.89,Investor Sale,,Emily Patel,2234
2235,Reviewed, ,Bulk,,19.6,12.16,,No,Emily Patel,2235
2236,Closed, ,M.L.S.,,18.67,18.95,Downsizing,No,Jason Miller,2236
2237,Neww,Null,M.L.S.,No,12.75,29.24,Downsizing,No,Amit Kumar,2237
2238,Neww,Close, MLS,No,13.42,9.63,,,Priya Sharma,2238
2239,Reviewed,Null,Opendoor,Yes,3.87,12.36,Investor Sale,No,Emily Patel,2239
2240, ,Closed,Broker,No,13.84,25.21,Job Transfer,No,David Thompson,2240
2241,Neww,Pending,Opendoor,No,19.38,5.55,Job Transfer,No,Priya Sharma,2241
2242,New, Close ,M.L.S.,,15.73,14.87,Job Transfer,No,David Thompson,2242
2243,Closed,Kick,Bulk,No,9.75,24.52,Downsizing,,Michael Chen,2243
2244, ,Cancel,Opendoor,Yes,11.49,29.67,,No,David Thompson,2244
2245, Closed,Cancel, MLS,Yes,16.72,25.63,Job Transfer,Yes,Samantha Pierce,2245
2246,Null,Pend,Opendoor,No,10.13,15.94,Investor Sale,No,Jason Miller,2246
2247,Neww,Cancelled,Auction.com,Yes,7.76,16.82,Downsizing,No,Luis Garcia,2247
2248,Closed,Pending,M.L.S.,Yes,11.25,29.94,Downsizing,,Amit Kumar,2248
2249,New,Cancelled,M.L.S.,Yes,10.16,29.95,,Yes,Priya Sharma,2249
2250,Closed,Available,Broker,No,14.54,14.89,Investor Sale,Yes,Emily Patel,2250
2251,Neww,Cancelled,M.L.S.,,15.28,29.38,Investor Sale,,Luis Garcia,2251
2252,Reviewed,Always Kick, MLS,No,8.44,20.38,Downsizing,,Emily Patel,2252
2253,Cancelled, ,M L S,No,16.12,16.66,,,Jason Miller,2253
2254,Neww,Closed, MLS,No,19.29,24.53,Investor Sale,Yes,Jason Miller,2254
2255,Closed, Close ,Opendoor,Yes,7.1,17.27,Job Transfer,No,Michael Chen,2255
2256, Closed, Close ,Internal,,15.74,7.69,Downsizing,No,Emily Patel,2256
2257,New,Pending,Internal,No,15.99,9.41,Job Transfer,,Luis Garcia,2257
2258,Null, ,Opendoor,No,13.41,19.07,Downsizing,Yes,Luis Garcia,2258
2259,Cancelled,Cancel,Internal,No,8.04,26.7,Job Transfer,Yes,Priya Sharma,2259
2260, ,Kick,Auction.com,,4.7,25.25,Job Transfer,No,Samantha Pierce,2260
2261,Accepted Offer, Close ,Opendoor,,10.26,15.55,Downsizing,,Jessica Lin,2261
2262, Closed,Closed,Bulk,,16.44,8.87,Job Transfer,,Luis Garcia,2262
2263,Closed,Pend,Broker,No,12.64,11.7,Investor Sale,,Michael Chen,2263
2264,Reviewed,Cancel,Internal,,3.81,13.88,Job Transfer,No,Jessica Lin,2264
2265, Closed,Available, MLS,,19.6,7.87,Downsizing,No,Samantha Pierce,2265
2266,Offered, ,Bulk,No,4.54,25.8,Investor Sale,Yes,David Thompson,2266
2267,Neww,Available,M.L.S.,,16.26,21.74,Investor Sale,No,David Thompson,2267
2268,Neww,Cancel,Opendoor,No,15.82,5.76,Investor Sale,,Sophia Williams,2268
2269,Cancelled,Pend,Internal,,8.77,14.6,Job Transfer,No,Jessica Lin,2269
2270, Closed,Available,M L S,,2.98,17.94,Downsizing,Yes,David Thompson,2270
2271,Closed, Close ,Opendoor,No,13.46,23.84,Job Transfer,,Jessica Lin,2271
2272, ,Close,Auction.com,No,19.97,13.78,Job Transfer,No,Amit Kumar,2272
2273,New,Pend,M.L.S.,,16.13,24.81,Job Transfer,Yes,Jason Miller,2273
2274,New,Pending,M L S,Yes,3.97,23.11,Downsizing,No,Emily Patel,2274
2275, ,Pending,Internal,,5.99,13.87,Job Transfer,,David Thompson,2275
2276,Accepted Offer,Cancelled,Opendoor,Yes,3.71,8.86,,Yes,David Thompson,2276
2277,Null,Cancelled,Internal,,3.0,19.8,Downsizing,,Amit Kumar,2277
2278,Null,Kick,Opendoor,Yes,12.92,17.08,Investor Sale,,Luis Garcia,2278
2279,Cancelled, Close ,Auction.com,,6.26,18.76,,,Sophia Williams,2279
2280,Cancelled, , MLS,,3.1,9.0,Downsizing,No,Michael Chen,2280
2281,Neww,Available,Internal,Yes,4.91,28.05,Investor Sale,No,Luis Garcia,2281
2282, ,Kick,M L S,No,7.0,24.13,Job Transfer,,Emily Patel,2282
2283,Offered,Pending,Internal,,10.92,5.71,Job Transfer,No,Jason Miller,2283
2284, ,Available,Internal,Yes,11.07,28.8,Job Transfer,,Priya Sharma,2284
2285, Closed,Available,Bulk,Yes,14.83,13.8,Investor Sale,No,David Thompson,2285
2286,New,Pending,Auction.com,,16.19,7.89,Downsizing,Yes,Luis Garcia,2286
2287,New,Cancel,Broker,,15.67,19.59,,No,Sophia Williams,2287
2288,Neww,Close,M L S,Yes,5.81,6.99,Job Transfer,No,Emily Patel,2288
2289,New,Always Kick,Internal,,18.4,9.42,Downsizing,,Michael Chen,2289
2290,Cancelled, ,Internal,,7.27,28.87,Investor Sale,No,Luis Garcia,2290
2291,Cancelled,Close,Broker,Yes,3.41,21.68,Investor Sale,No,Jessica Lin,2291
2292, ,Cancel,Auction.com,Yes,16.12,23.22,,Yes,Luis Garcia,2292
2293, ,Cancel,Broker,No,7.67,8.99,Job Transfer,No,Priya Sharma,2293
2294,Offered,Null,Bulk,,3.28,16.63,,,Michael Chen,2294
2295,New, Close ,Auction.com,No,12.2,16.98,Downsizing,,Emily Patel,2295
2296,Cancelled, ,Opendoor,,11.42,19.4,Job Transfer,,Samantha Pierce,2296
2297,Offered,Kick,M.L.S.,,6.74,7.01,,Yes,David Thompson,2297
2298,Offered, Close ,Broker,No,2.67,23.94,Investor Sale,,Emily Patel,2298
2299,Accepted Offer,Pend,Broker,No,6.6,17.29,Downsizing,No,Sophia Williams,2299
2300,Neww,Close,M.L.S.,,2.2,29.26,Downsizing,No,David Thompson,2300
2301, ,Pending,Auction.com,,14.38,22.74,,Yes,Jessica Lin,2301
2302,Closed,Null, MLS,,3.43,5.54,Downsizing,Yes,Samantha Pierce,2302
2303,New, ,Bulk,Yes,4.49,28.21,Downsizing,,Emily Patel,2303
2304,Cancelled,Cancel,Broker,Yes,9.54,26.37,Job Transfer,Yes,Sophia Williams,2304
2305,Offered, Close ,Broker,,9.14,21.75,Job Transfer,Yes,Emily Patel,2305
2306,Cancelled, Close , MLS,Yes,10.29,24.91,Downsizing,No,Luis Garcia,2306
2307, Closed,Kick, MLS,Yes,18.35,25.81,,No,Amit Kumar,2307
2308,Null,Kick,Internal,No,5.03,18.19,Downsizing,No,Sophia Williams,2308
2309,Cancelled,Pending,Bulk,Yes,6.18,14.71,,,Amit Kumar,2309
2310,New,Pending,Auction.com,No,17.5,28.92,,Yes,Amit Kumar,2310
2311,Null, Close ,M L S,No,17.98,19.53,Job Transfer,No,Priya Sharma,2311
2312,Reviewed, Close ,Internal,,14.5,5.73,Job Transfer,Yes,Sophia Williams,2312
2313,Closed,Kick,Broker,Yes,18.49,25.58,,Yes,Sophia Williams,2313
2314,Cancelled,Pending,M.L.S.,,3.82,28.78,Investor Sale,,Sophia Williams,2314
2315, ,Always Kick,M.L.S.,Yes,12.49,24.26,Investor Sale,Yes,Amit Kumar,2315
2316,Closed,Pend, MLS,Yes,18.34,14.95,,No,Sophia Williams,2316
2317,Accepted Offer,Cancel,Bulk,,2.84,14.27,Investor Sale,,Michael Chen,2317
2318,Closed,Cancel,Auction.com,Yes,16.74,25.74,Downsizing,,Amit Kumar,2318
2319,Cancelled,Available, MLS,Yes,15.57,14.93,Investor Sale,Yes,Samantha Pierce,2319
2320,Cancelled,Null,Auction.com,Yes,15.21,21.78,Investor Sale,No,Priya Sharma,2320
2321, Closed,Pending, MLS,Yes,17.3,21.42,Investor Sale,Yes,Luis Garcia,2321
2322,Neww,Kick,M.L.S.,,16.13,12.77,Investor Sale,Yes,Luis Garcia,2322
2323,Cancelled,Always Kick,Auction.com,No,19.45,25.37,Job Transfer,No,Samantha Pierce,2323
2324,Reviewed,Pend,M.L.S.,,17.27,22.66,Downsizing,Yes,Jason Miller,2324
2325,Null,Pend,M L S,Yes,10.47,15.16,,No,Emily Patel,2325
2326,Offered,Close,Opendoor,Yes,4.56,22.72,Downsizing,Yes,Michael Chen,2326
2327,New,Closed,Broker,,6.18,19.92,Investor Sale,,Amit Kumar,2327
2328,Neww,Close,Auction.com,Yes,2.95,27.5,Investor Sale,,Priya Sharma,2328
2329,New, Close ,M.L.S.,Yes,4.58,29.72,,,Emily Patel,2329
2330, ,Close,M.L.S.,,11.66,29.35,Downsizing,No,Luis Garcia,2330
2331, ,Available,M L S,No,6.07,10.29,,Yes,Luis Garcia,2331
2332,Null, , MLS,,9.28,29.33,Investor Sale,No,Sophia Williams,2332
2333,Neww, ,Broker,No,18.47,5.14,Investor Sale,Yes,Michael Chen,2333
2334,Reviewed,Null,Opendoor,Yes,2.79,22.43,,,Samantha Pierce,2334
2335,New,Cancel,Opendoor,Yes,7.18,16.94,Investor Sale,No,David Thompson,2335
2336,Reviewed,Kick,Auction.com,No,15.77,18.84,Job Transfer,No,David Thompson,2336
2337, Closed,Available,Internal,No,18.22,14.49,,,Luis Garcia,2337
2338,Null,Close,Auction.com,Yes,7.59,7.18,,,Luis Garcia,2338
2339,Reviewed,Cancelled,M.L.S.,,9.11,26.19,Downsizing,No,Priya Sharma,2339
2340,Neww, ,Opendoor,Yes,7.24,28.75,Downsizing,Yes,Amit Kumar,2340
2341,Offered, Close ,Broker,,16.36,12.4,Downsizing,Yes,Sophia Williams,2341
2342,Reviewed,Closed,Internal,,2.68,10.02,,,Jessica Lin,2342
2343,Reviewed,Always Kick,Bulk,No,6.12,22.15,Investor Sale,,Amit Kumar,2343
2344, ,Available,M L S,Yes,10.71,12.79,Job Transfer,,Emily Patel,2344
2345,Offered,Available,Bulk,Yes,10.46,22.47,,Yes,Michael Chen,2345
2346, Closed,Always Kick,Auction.com,Yes,4.91,24.3,,,David Thompson,2346
2347,Reviewed,Cancelled,Broker,Yes,9.58,19.4,Downsizing,Yes,Amit Kumar,2347
2348,Neww,Always Kick,Broker,Yes,19.43,26.07,Downsizing,,Jason Miller,2348
2349,Accepted Offer,Always Kick,M.L.S.,No,2.52,19.17,Investor Sale,No,Amit Kumar,2349
2350, ,Always Kick,M L S,Yes,14.8,10.18,Investor Sale,Yes,Sophia Williams,2350
2351,Cancelled,Always Kick,Internal,,2.8,16.87,Investor Sale,No,Jessica Lin,2351
2352,Reviewed,Closed,Bulk,Yes,10.57,27.68,,,Michael Chen,2352
2353,Accepted Offer,Available,Broker,No,16.74,11.91,Investor Sale,,Sophia Williams,2353
2354,Cancelled, ,Broker,Yes,14.49,6.99,Investor Sale,No,David Thompson,2354
2355,Offered,Kick,Bulk,,16.82,9.55,Job Transfer,No,Sophia Williams,2355
2356, Closed,Close,Bulk,No,17.21,22.05,Downsizing,,Michael Chen,2356
2357,Offered,Kick,Broker,,5.89,28.15,Job Transfer,,Michael Chen,2357
2358,Accepted Offer,Pend,Bulk,No,4.06,6.48,Investor Sale,Yes,Michael Chen,2358
2359,Neww,Close,Opendoor,,16.87,16.23,,No,Luis Garcia,2359
2360, ,Pend,Broker,Yes,2.81,19.34,Downsizing,,Sophia Williams,2360
2361,Reviewed,Close,M.L.S.,,13.21,20.75,Job Transfer,No,Priya Sharma,2361
2362,Accepted Offer, ,Bulk,,16.31,26.28,Downsizing,Yes,David Thompson,2362
2363,Offered,Null,M.L.S.,No,7.96,5.6,Downsizing,No,Luis Garcia,2363
2364,Offered,Close, MLS,No,6.39,7.14,,,Michael Chen,2364
2365,Cancelled,Null,M.L.S.,No,4.39,11.96,Investor Sale,No,David Thompson,2365
2366,Neww,Close,Bulk,,4.2,22.04,Investor Sale,No,Luis Garcia,2366
2367,Reviewed,Closed, MLS,,13.54,24.04,,No,Emily Patel,2367
2368,New,Cancelled,Bulk,Yes,15.25,28.98,Job Transfer,Yes,Jason Miller,2368
2369,Accepted Offer,Close, MLS,Yes,10.78,6.35,Downsizing,No,Jason Miller,2369
2370,Closed, ,Auction.com,Yes,11.76,17.28,Job Transfer,Yes,Luis Garcia,2370
2371,New,Cancel,Bulk,No,12.42,19.89,Investor Sale,,Priya Sharma,2371
2372,Closed,Kick, MLS,Yes,12.48,24.94,Job Transfer,No,Sophia Williams,2372
2373,Cancelled,Null,Opendoor,Yes,5.56,25.76,Investor Sale,,Luis Garcia,2373
2374,Closed,Cancel,Auction.com,Yes,17.81,20.3,Downsizing,No,Sophia Williams,2374
2375,Reviewed,Cancel,Internal,Yes,15.04,19.42,Investor Sale,Yes,Sophia Williams,2375
2376,Offered,Pending,Bulk,Yes,11.24,21.94,Investor Sale,,Luis Garcia,2376
2377,Null,Cancelled,M L S,No,19.17,14.16,Investor Sale,Yes,Jessica Lin,2377
2378,New, , MLS,Yes,13.32,24.04,Job Transfer,No,Samantha Pierce,2378
2379,Offered,Pending,M.L.S.,,8.8,17.19,Job Transfer,No,Sophia Williams,2379
2380,Accepted Offer,Always Kick,Broker,No,7.98,7.01,Investor Sale,No,Michael Chen,2380
2381,Accepted Offer,Cancelled,Opendoor,Yes,19.92,17.88,Job Transfer,No,Jessica Lin,2381
2382,Offered, Close , MLS,No,10.32,20.79,Downsizing,No,Jason Miller,2382
2383,Cancelled,Cancel,Auction.com,,12.17,23.82,Job Transfer,,Amit Kumar,2383
2384,Neww,Always Kick,Bulk,No,8.77,11.55,Downsizing,No,David Thompson,2384
2385, Closed,Cancelled,Bulk,,14.88,8.52,Investor Sale,,Jessica Lin,2385
2386,Closed, ,M L S,,11.22,21.36,Downsizing,No,Samantha Pierce,2386
2387,Null,Null, MLS,No,7.19,10.83,Job Transfer,,Amit Kumar,2387
2388, ,Cancelled,Auction.com,,12.4,28.35,Investor Sale,Yes,David Thompson,2388
2389,Accepted Offer,Closed,Broker,,10.74,28.93,Downsizing,,Amit Kumar,2389
2390,Cancelled, ,Internal,Yes,18.78,14.74,,Yes,Michael Chen,2390
2391,Neww,Cancelled,Broker,,4.78,12.97,Job Transfer,,Priya Sharma,2391
2392,New,Cancel,Broker,No,19.96,27.61,Job Transfer,,Sophia Williams,2392
2393,Closed,Close, MLS,Yes,7.1,18.55,Investor Sale,,Jessica Lin,2393
2394, , ,Auction.com,,19.78,13.73,Investor Sale,No,Sophia Williams,2394
2395, Closed,Cancel,M.L.S.,No,11.6,29.6,,No,Priya Sharma,2395
2396,Reviewed,Pend,M.L.S.,Yes,13.43,17.67,Job Transfer,,Jessica Lin,2396
2397,Neww,Kick,Bulk,Yes,10.87,10.34,Downsizing,No,Samantha Pierce,2397
2398,Cancelled,Pend,Bulk,Yes,5.43,8.76,Job Transfer,Yes,Priya Sharma,2398
2399,Null,Kick,M L S,No,7.05,7.12,,,Samantha Pierce,2399
2400,New,Available,M.L.S.,,9.14,27.68,,Yes,Amit Kumar,2400
2401,Closed,Kick,Auction.com,,18.08,25.58,Investor Sale,,Samantha Pierce,2401
2402,Neww,Null, MLS,No,4.22,29.16,Investor Sale,Yes,Jessica Lin,2402
2403,Null,Null,M L S,Yes,13.7,10.52,Job Transfer,No,David Thompson,2403
2404,Closed,Close,Opendoor,No,3.64,20.13,,No,Jason Miller,2404
2405,Closed,Null,M L S,No,6.38,25.32,Job Transfer,Yes,Priya Sharma,2405
2406,Closed, Close ,Internal,Yes,4.57,16.36,,Yes,Jessica Lin,2406
2407,Offered,Available,Internal,No,16.8,14.05,Job Transfer,Yes,Jason Miller,2407
2408, ,Closed,M.L.S.,No,17.82,18.03,,No,Jason Miller,2408
2409,Neww,Cancel,M L S,No,4.42,6.7,,,David Thompson,2409
2410,Closed, Close ,Bulk,No,3.05,6.57,Investor Sale,,Jessica Lin,2410
2411,Accepted Offer,Cancelled,Opendoor,No,12.14,14.72,,Yes,Amit Kumar,2411
2412,Closed,Null,Internal,Yes,16.07,25.81,,,Emily Patel,2412
2413,Offered,Cancel,Bulk,Yes,3.63,16.27,,Yes,David Thompson,2413
2414,Reviewed,Kick,Broker,,18.31,7.08,Downsizing,Yes,Jason Miller,2414
2415,Reviewed,Close,Auction.com,No,7.69,5.69,Investor Sale,Yes,Emily Patel,2415
2416, ,Always Kick,Broker,Yes,6.13,17.41,Investor Sale,,Emily Patel,2416
2417,New,Pend,M.L.S.,No,4.7,24.82,Investor Sale,No,Michael Chen,2417
2418, Closed,Cancel,Opendoor,,2.28,19.07,Job Transfer,,Emily Patel,2418
2419,Offered, ,Bulk,Yes,18.81,23.8,Downsizing,No,Jason Miller,2419
2420, ,Null,Auction.com,No,2.04,18.69,,Yes,Samantha Pierce,2420
2421,New, ,M.L.S.,No,17.08,24.81,,No,Amit Kumar,2421
2422,Cancelled,Cancel,M.L.S.,,9.17,22.55,,,Emily Patel,2422
2423,Closed,Kick,M.L.S.,No,15.5,19.89,Downsizing,No,Samantha Pierce,2423
2424,Reviewed, ,Internal,No,3.48,24.23,Downsizing,Yes,Jason Miller,2424
2425,Reviewed,Cancelled,Internal,No,6.34,10.93,Job Transfer,No,Emily Patel,2425
2426, ,Null,Bulk,No,13.81,15.25,Job Transfer,No,Jason Miller,2426
2427,New, ,M.L.S.,,3.89,6.32,Investor Sale,No,Luis Garcia,2427
2428,New,Null,Internal,,9.52,25.92,Job Transfer,,Priya Sharma,2428
2429,New,Pend,Broker,,11.81,5.33,Investor Sale,No,Jessica Lin,2429
2430,New, ,Broker,No,12.84,24.56,Job Transfer,Yes,Jessica Lin,2430
2431,Null,Null,M.L.S.,Yes,6.95,10.37,,,Jason Miller,2431
2432,Neww,Pend, MLS,,6.51,8.19,,,David Thompson,2432
2433, Closed,Cancelled,Auction.com,No,10.49,11.14,Investor Sale,,Jason Miller,2433
2434,Cancelled,Cancel,Opendoor,Yes,3.19,17.98,Downsizing,No,Sophia Williams,2434
2435,Closed,Cancel,M L S,No,13.36,15.18,Investor Sale,,Jason Miller,2435
2436,Null, ,M.L.S.,No,4.81,21.16,Job Transfer,No,Samantha Pierce,2436
2437,Accepted Offer,Always Kick,M L S,Yes,9.64,12.98,Investor Sale,Yes,Samantha Pierce,2437
2438,Cancelled,Available, MLS,No,9.56,12.0,Downsizing,Yes,Priya Sharma,2438
2439,Closed,Pending,Auction.com,Yes,12.61,18.11,,,Jessica Lin,2439
2440,New,Cancel,Broker,No,15.12,29.87,,Yes,Jason Miller,2440
2441,Offered,Null, MLS,,10.15,11.12,Job Transfer,,Jason Miller,2441
2442,Neww,Cancel,M.L.S.,No,7.42,23.46,,No,David Thompson,2442
2443,New,Closed,M L S,No,19.66,17.58,Downsizing,,David Thompson,2443
2444,Accepted Offer,Pending,Broker,,15.4,22.32,Downsizing,No,Jason Miller,2444
2445, , ,Bulk,No,8.96,20.45,Job Transfer,,Amit Kumar,2445
2446,Closed, ,Internal,No,9.68,17.12,Downsizing,No,Priya Sharma,2446
2447,Accepted Offer,Always Kick,M L S,Yes,5.34,15.69,Downsizing,Yes,Jason Miller,2447
2448,Null, ,Opendoor,No,12.36,17.18,,Yes,Michael Chen,2448
2449,New,Cancel,Internal,,8.61,5.92,Investor Sale,Yes,Luis Garcia,2449
2450,Offered,Closed, MLS,Yes,11.49,26.52,Downsizing,,Jessica Lin,2450
2451, Closed,Always Kick,Opendoor,,14.03,17.73,Downsizing,No,David Thompson,2451
2452,Closed,Always Kick,Opendoor,Yes,4.7,21.23,,No,Sophia Williams,2452
2453,Closed,Pend,Internal,No,12.99,5.64,,Yes,Luis Garcia,2453
2454,Accepted Offer, Close , MLS,No,3.2,20.92,Investor Sale,No,Jessica Lin,2454
2455, ,Cancelled, MLS,,17.69,28.6,Investor Sale,No,Michael Chen,2455
2456,Cancelled, , MLS,No,8.48,15.67,Job Transfer,No,Samantha Pierce,2456
2457, ,Always Kick,M L S,Yes,12.26,15.34,,No,Emily Patel,2457
2458,Cancelled, Close ,M L S,No,11.39,26.2,Investor Sale,Yes,David Thompson,2458
2459,Null,Closed,M.L.S.,Yes,19.25,22.82,Downsizing,,Samantha Pierce,2459
2460, ,Close,Opendoor,Yes,16.16,18.09,Job Transfer,No,Michael Chen,2460
2461,Reviewed,Available,M L S,No,13.24,9.9,Job Transfer,,Jessica Lin,2461
2462,Accepted Offer,Null,Bulk,,5.75,9.33,Investor Sale,Yes,Sophia Williams,2462
2463,Neww,Pend,Broker,No,7.13,27.51,,,David Thompson,2463
2464,Cancelled,Close,Internal,,12.91,28.18,Job Transfer,Yes,Emily Patel,2464
2465,Offered,Pend,Internal,Yes,14.46,10.11,,,Priya Sharma,2465
2466,New,Close,M.L.S.,,3.78,23.65,,Yes,Emily Patel,2466
2467,Offered,Null,Opendoor,,10.47,28.77,,Yes,Emily Patel,2467
2468, ,Pend, MLS,No,4.15,25.71,Investor Sale,,Jessica Lin,2468
2469,Accepted Offer,Kick,Bulk,Yes,9.08,15.18,Job Transfer,Yes,Sophia Williams,2469
2470, Closed,Available, MLS,Yes,2.09,7.69,Investor Sale,,David Thompson,2470
2471,Cancelled,Closed,Auction.com,Yes,3.28,15.32,Job Transfer,Yes,Sophia Williams,2471
2472,Offered,Kick,Bulk,,6.72,13.63,Job Transfer,,David Thompson,2472
2473,Accepted Offer,Cancelled,Opendoor,Yes,4.69,28.7,Downsizing,,Luis Garcia,2473
2474,Reviewed,Kick,Auction.com,No,12.61,18.5,Investor Sale,Yes,Amit Kumar,2474
2475, ,Kick,Opendoor,Yes,18.9,25.89,Job Transfer,,Luis Garcia,2475
2476,New, Close ,M L S,No,7.87,7.63,Downsizing,No,Sophia Williams,2476
2477,Accepted Offer,Closed,M L S,Yes,3.71,22.06,Job Transfer,Yes,Jason Miller,2477
2478,Accepted Offer,Close,M.L.S.,Yes,13.89,12.79,Investor Sale,Yes,Amit Kumar,2478
2479, Closed,Available, MLS,Yes,11.7,12.67,Downsizing,No,Priya Sharma,2479
2480,Neww,Always Kick,Broker,No,16.95,20.59,Downsizing,Yes,Jason Miller,2480
2481,Accepted Offer,Kick,Auction.com,No,12.87,27.8,Downsizing,,Priya Sharma,2481
2482,Neww,Pending,Internal,No,17.99,16.87,Investor Sale,No,Emily Patel,2482
2483, ,Cancel,M.L.S.,No,19.44,13.42,Job Transfer,Yes,Sophia Williams,2483
2484, Closed,Cancelled, MLS,Yes,6.78,18.49,,No,Emily Patel,2484
2485,Neww,Kick,M.L.S.,No,14.94,10.85,Job Transfer,No,Emily Patel,2485
2486,Accepted Offer,Closed,M L S,,9.2,10.28,Investor Sale,Yes,Emily Patel,2486
2487,Closed,Kick, MLS,No,5.59,14.41,Job Transfer,,Jason Miller,2487
2488, ,Closed,M.L.S.,No,10.89,27.81,Downsizing,Yes,Priya Sharma,2488
2489, Closed,Cancel,Bulk,,5.23,13.46,,,Samantha Pierce,2489
2490,Accepted Offer,Available,Auction.com,No,7.73,10.72,,No,Jason Miller,2490
2491, ,Pending,Opendoor,,17.07,19.87,Downsizing,,Emily Patel,2491
2492,New,Cancel, MLS,,5.52,6.31,Downsizing,No,Sophia Williams,2492
2493,Null, ,Bulk,Yes,6.35,17.17,Downsizing,Yes,Michael Chen,2493
2494, ,Cancel,M.L.S.,No,8.65,15.29,Investor Sale,No,Jessica Lin,2494
2495,New,Pend, MLS,,12.95,18.15,Investor Sale,Yes,Amit Kumar,2495
2496,Cancelled,Kick,Opendoor,,13.7,22.4,Investor Sale,,Michael Chen,2496
2497,Null, Close ,Broker,,14.6,23.61,Job Transfer,Yes,Samantha Pierce,2497
2498, Closed,Pend,Internal,Yes,9.97,28.62,Investor Sale,No,David Thompson,2498
2499,Offered,Pending,M L S,No,5.23,11.95,Job Transfer,Yes,Sophia Williams,2499
2500,Cancelled,Pend,Internal,,4.74,13.66,,Yes,Amit Kumar,2500
2501, ,Available,Opendoor,,15.5,26.02,Downsizing,Yes,Samantha Pierce,2501
2502,Neww,Pending,Internal,Yes,14.53,16.25,Investor Sale,,David Thompson,2502
2503,New, ,Auction.com,Yes,10.58,5.83,Job Transfer,No,Emily Patel,2503
2504,Cancelled,Pending,Opendoor,,7.67,7.38,Job Transfer,,Priya Sharma,2504
2505,Accepted Offer,Close,Opendoor,Yes,17.6,11.87,Investor Sale,,Emily Patel,2505
2506,Offered,Pending,Bulk,No,2.47,11.05,Downsizing,,Luis Garcia,2506
2507, Closed,Pend, MLS,Yes,11.17,13.08,Job Transfer,Yes,Sophia Williams,2507
2508,New, ,Bulk,,14.05,8.47,Investor Sale,Yes,Samantha Pierce,2508
2509,Accepted Offer, ,Bulk,Yes,15.99,5.05,,,Sophia Williams,2509
2510,Neww,Pend,Bulk,Yes,19.38,8.27,,No,Amit Kumar,2510
2511,Null,Close, MLS,No,6.3,22.54,Investor Sale,Yes,Emily Patel,2511
2512, Closed,Close,Internal,Yes,14.32,19.69,Job Transfer,,Amit Kumar,2512
2513,Null,Kick,M.L.S.,No,17.61,11.13,,No,Sophia Williams,2513
2514,Cancelled,Close,M L S,Yes,12.27,8.68,,No,Emily Patel,2514
2515,Accepted Offer,Null,Broker,No,14.22,23.69,Downsizing,No,Luis Garcia,2515
2516, Closed,Available,Internal,Yes,12.04,28.54,Downsizing,Yes,Priya Sharma,2516
2517,Offered,Kick,Internal,Yes,5.94,8.19,Job Transfer,No,Michael Chen,2517
2518,New,Cancel,Bulk,Yes,2.72,23.81,,No,Jessica Lin,2518
2519,Reviewed,Pend, MLS,,6.7,26.64,Investor Sale,,Sophia Williams,2519
2520,Reviewed, , MLS,No,17.62,7.33,Job Transfer,Yes,Michael Chen,2520
2521,Neww,Pend,Broker,No,5.09,16.7,Investor Sale,Yes,Luis Garcia,2521
2522,Closed,Kick,Internal,,13.64,8.59,Downsizing,No,Samantha Pierce,2522
2523, ,Closed,M L S,Yes,2.87,11.76,,Yes,Emily Patel,2523
2524, , ,Bulk,,8.35,19.19,,,Jessica Lin,2524
2525, ,Close,Internal,No,7.72,8.16,Downsizing,,Jessica Lin,2525
2526,New,Cancelled, MLS,Yes,3.52,5.12,Job Transfer,Yes,Jessica Lin,2526
2527,Null,Null,Broker,No,16.63,17.35,,No,Samantha Pierce,2527
2528, ,Cancelled,Auction.com,Yes,5.1,24.36,Downsizing,Yes,Emily Patel,2528
2529, , ,Opendoor,No,7.0,6.83,Investor Sale,No,Michael Chen,2529
2530,Cancelled,Close,Opendoor,No,19.87,13.45,Downsizing,Yes,Luis Garcia,2530
2531, Closed,Available,Internal,Yes,3.52,25.29,Investor Sale,No,Jessica Lin,2531
2532, Closed,Closed, MLS,,3.52,29.33,Job Transfer,No,Sophia Williams,2532
2533,Accepted Offer,Cancel, MLS,,7.09,29.11,Job Transfer,No,Samantha Pierce,2533
2534,Accepted Offer,Pending,Internal,Yes,17.02,25.75,Job Transfer,No,Luis Garcia,2534
2535,Offered, ,Broker,No,6.9,17.76,Job Transfer,,Luis Garcia,2535
2536,Accepted Offer, ,M.L.S.,No,16.42,9.36,Job Transfer,No,David Thompson,2536
2537,Cancelled,Pending, MLS,,2.11,24.39,,No,Luis Garcia,2537
2538,New, , MLS,Yes,9.03,24.46,Investor Sale,Yes,Jason Miller,2538
2539,Closed,Pend,M.L.S.,Yes,13.92,21.65,,No,Emily Patel,2539
2540,Offered,Null,M.L.S.,,9.02,19.24,Job Transfer,No,David Thompson,2540
2541,Null,Always Kick, MLS,No,2.6,20.59,Downsizing,No,Luis Garcia,2541
2542,Cancelled,Cancelled,Bulk,,7.41,10.75,Investor Sale,,Jessica Lin,2542
2543,Offered,Pend,M L S,,6.69,11.19,Job Transfer,,Luis Garcia,2543
2544,Offered,Available,M L S,Yes,18.72,20.24,Downsizing,,Priya Sharma,2544
2545, Closed,Pending,M L S,Yes,13.8,25.04,,Yes,Priya Sharma,2545
2546,Null,Cancel,Broker,Yes,5.64,26.08,Downsizing,Yes,Michael Chen,2546
2547,Closed,Cancel,Internal,,14.86,13.87,Downsizing,No,Amit Kumar,2547
2548,Null,Close,M L S,,10.96,11.37,Job Transfer,Yes,Priya Sharma,2548
2549,Accepted Offer,Pending,Auction.com,Yes,19.71,24.18,Downsizing,No,David Thompson,2549
2550,Offered,Closed,Opendoor,Yes,4.4,11.09,Downsizing,,Sophia Williams,2550
2551, Closed,Pend, MLS,No,9.61,10.31,Investor Sale,No,Sophia Williams,2551
2552, Closed, Close ,M.L.S.,Yes,3.71,18.12,Job Transfer,,Sophia Williams,2552
2553,Accepted Offer,Closed,M.L.S.,No,9.04,18.61,,Yes,Luis Garcia,2553
2554,Neww,Cancel, MLS,No,14.39,26.84,Job Transfer,Yes,Sophia Williams,2554
2555, ,Null,M L S,Yes,14.94,27.49,Investor Sale,No,Priya Sharma,2555
2556, , ,Auction.com,Yes,13.86,18.88,Downsizing,,David Thompson,2556
2557,Neww, ,Opendoor,Yes,6.09,29.71,,Yes,Amit Kumar,2557
2558,Reviewed,Pending,Opendoor,No,19.84,8.32,Downsizing,No,Priya Sharma,2558
2559,New, ,Bulk,Yes,7.37,24.57,Investor Sale,No,Emily Patel,2559
2560,Accepted Offer,Kick, MLS,,8.94,20.88,Investor Sale,Yes,Priya Sharma,2560
2561, Closed, Close ,Broker,,14.9,24.92,Investor Sale,Yes,David Thompson,2561
2562,Accepted Offer,Close,M L S,Yes,18.02,6.7,Downsizing,No,Emily Patel,2562
2563,Accepted Offer, ,M L S,Yes,6.86,29.14,Investor Sale,No,David Thompson,2563
2564,Accepted Offer,Null,M.L.S.,Yes,2.06,9.73,,Yes,Emily Patel,2564
2565, Closed,Available,M L S,No,7.12,20.75,Job Transfer,No,Priya Sharma,2565
2566,Neww,Cancel,M.L.S.,,18.13,9.3,,Yes,Jessica Lin,2566
2567,Cancelled, Close ,Opendoor,No,19.11,5.22,Investor Sale,Yes,Emily Patel,2567
2568,Null,Pending,Broker,No,15.68,22.81,,,Amit Kumar,2568
2569,Offered,Kick,Broker,No,11.31,22.42,Job Transfer,,Samantha Pierce,2569
2570,Accepted Offer,Kick,Broker,Yes,6.29,14.04,,No,Amit Kumar,2570
2571, Closed,Pend,Bulk,Yes,15.04,21.43,,No,David Thompson,2571
2572,Neww,Always Kick,M.L.S.,No,15.63,14.52,Investor Sale,No,Michael Chen,2572
2573,Accepted Offer,Cancelled,Bulk,No,14.77,12.25,Investor Sale,No,Sophia Williams,2573
2574,Reviewed,Pend,Internal,,6.86,14.82,Downsizing,No,Amit Kumar,2574
2575,Closed,Always Kick, MLS,,10.08,25.45,,,Emily Patel,2575
2576,Offered,Kick,M.L.S.,Yes,3.06,9.93,Job Transfer,No,Samantha Pierce,2576
2577,Accepted Offer,Available,M.L.S.,,13.56,13.54,Job Transfer,Yes,Sophia Williams,2577
2578,Offered, Close ,M L S,No,7.99,10.18,Downsizing,,Michael Chen,2578
2579,Offered,Always Kick,Opendoor,No,10.28,13.38,Job Transfer,No,Jason Miller,2579
2580,Closed,Pending,Auction.com,,6.99,22.56,Investor Sale,No,Samantha Pierce,2580
2581,Cancelled,Null,Opendoor,,9.64,8.76,,No,Jessica Lin,2581
2582,Reviewed,Close,M L S,Yes,11.38,8.75,Job Transfer,Yes,Priya Sharma,2582
2583,Closed,Cancel, MLS,No,3.29,11.96,Downsizing,Yes,Priya Sharma,2583
2584,Closed,Closed, MLS,No,3.65,16.21,Investor Sale,,Luis Garcia,2584
2585,Closed,Cancel, MLS,No,8.07,13.86,Job Transfer,No,Amit Kumar,2585
2586,Cancelled,Close, MLS,,13.66,16.55,Investor Sale,,Amit Kumar,2586
2587,New,Closed,Auction.com,,18.16,9.39,Investor Sale,No,Jessica Lin,2587
2588,Cancelled,Cancel,Opendoor,,11.75,26.76,Job Transfer,No,Emily Patel,2588
2589,Cancelled,Pend,Opendoor,,7.22,29.56,Investor Sale,,David Thompson,2589
2590, Closed,Pending,Internal,,16.28,16.2,,Yes,Priya Sharma,2590
2591, Closed, ,M.L.S.,No,7.53,20.52,Investor Sale,Yes,Michael Chen,2591
2592,Offered,Always Kick,Auction.com,Yes,14.94,9.63,,Yes,Emily Patel,2592
2593, , , MLS,,12.31,7.05,Investor Sale,Yes,Luis Garcia,2593
2594, Closed,Pending,M.L.S.,Yes,15.47,11.12,,,David Thompson,2594
2595,Cancelled,Available, MLS,,2.24,12.04,Job Transfer,Yes,Jessica Lin,2595
2596,Accepted Offer,Null,Opendoor,Yes,19.48,23.84,Downsizing,,Jason Miller,2596
2597,Accepted Offer,Null,Bulk,Yes,4.07,14.3,Job Transfer,,Sophia Williams,2597
2598,Reviewed,Closed,Broker,,2.28,27.29,Investor Sale,No,Amit Kumar,2598
2599, Closed,Closed,M L S,,9.68,15.04,Downsizing,Yes,Sophia Williams,2599
2600,Cancelled,Always Kick,Bulk,No,4.94,15.67,Downsizing,No,David Thompson,2600
2601,Accepted Offer,Close, MLS,,13.03,18.85,,,David Thompson,2601
2602,Neww, Close ,Internal,Yes,2.51,11.19,,Yes,Jessica Lin,2602
2603,Reviewed,Null,Auction.com,Yes,11.38,22.36,,Yes,Jason Miller,2603
2604,Offered,Pend, MLS,,10.81,17.2,Downsizing,Yes,Sophia Williams,2604
2605, Closed,Pending,Internal,Yes,13.92,16.84,,,Luis Garcia,2605
2606,Reviewed,Always Kick,Opendoor,Yes,14.93,20.58,,No,Jason Miller,2606
2607,Offered,Available, MLS,No,11.81,26.12,Downsizing,,Luis Garcia,2607
2608,Reviewed,Null,Internal,,6.0,27.78,Job Transfer,,Emily Patel,2608
2609,Accepted Offer,Close,Bulk,,8.97,14.57,Downsizing,,Sophia Williams,2609
2610,Null,Pending,Opendoor,No,12.1,20.31,Investor Sale,Yes,Luis Garcia,2610
2611, ,Available,Broker,,8.02,12.36,Downsizing,,Luis Garcia,2611
2612,Accepted Offer,Closed,M L S,,15.43,28.63,Job Transfer,,Jessica Lin,2612
2613,Null,Closed,M.L.S.,,13.43,5.77,Downsizing,No,David Thompson,2613
2614,Cancelled,Cancel,M.L.S.,Yes,11.86,19.56,,Yes,David Thompson,2614
2615,Closed,Cancel,Internal,,4.63,7.22,Job Transfer,No,Jason Miller,2615
2616,Neww,Closed, MLS,Yes,7.04,10.1,Downsizing,Yes,Priya Sharma,2616
2617,Accepted Offer,Pending,Opendoor,,11.45,13.06,Investor Sale,,Michael Chen,2617
2618, ,Pend,Internal,Yes,12.16,8.47,Downsizing,Yes,Priya Sharma,2618
2619,Neww,Null,M.L.S.,Yes,13.27,22.58,Investor Sale,Yes,Samantha Pierce,2619
2620,Neww, , MLS,,19.98,25.1,Investor Sale,No,Jessica Lin,2620
2621,Closed, ,M.L.S.,Yes,11.13,26.42,Downsizing,No,Jason Miller,2621
2622,Neww, Close ,Opendoor,,13.66,27.23,Downsizing,No,Jessica Lin,2622
2623,Null,Cancelled, MLS,,12.6,23.14,,,Luis Garcia,2623
2624,Offered,Close,Opendoor,Yes,2.52,24.99,,,Priya Sharma,2624
2625,Cancelled, ,Bulk,,7.13,27.96,Investor Sale,,Sophia Williams,2625
2626, ,Pending, MLS,Yes,12.74,15.16,Downsizing,Yes,Amit Kumar,2626
2627,Offered,Pend,Bulk,No,10.86,18.58,Investor Sale,No,Michael Chen,2627
2628,Closed,Kick, MLS,No,7.1,21.65,Downsizing,Yes,Priya Sharma,2628
2629,New,Cancelled,Auction.com,,17.02,26.99,Downsizing,,Amit Kumar,2629
2630,New,Cancelled,Opendoor,Yes,8.8,18.71,,Yes,Jessica Lin,2630
2631, Closed,Closed,M.L.S.,,11.58,6.89,,No,Michael Chen,2631
2632,Closed, , MLS,Yes,2.34,14.02,Downsizing,Yes,Emily Patel,2632
2633,Offered,Close,M.L.S.,Yes,19.75,16.71,,,Priya Sharma,2633
2634, ,Null,Internal,No,10.19,7.17,Downsizing,No,Samantha Pierce,2634
2635,Neww,Cancelled,Broker,,6.35,28.28,Investor Sale,Yes,Amit Kumar,2635
2636,Cancelled,Cancel,M L S,No,16.51,17.91,Downsizing,,Priya Sharma,2636
2637, Closed,Closed,Broker,No,8.38,28.57,,,Emily Patel,2637
2638,Null,Kick,M L S,No,5.96,27.56,,No,Michael Chen,2638
2639,Accepted Offer,Cancel,Bulk,No,5.01,11.76,,No,Jessica Lin,2639
2640,Null,Cancelled,Internal,,5.85,26.11,Investor Sale,No,Michael Chen,2640
2641, Closed,Pend,Opendoor,Yes,7.42,24.98,Downsizing,No,Priya Sharma,2641
2642,Closed,Cancelled,M L S,No,7.87,15.54,,No,Emily Patel,2642
2643,New,Close,Internal,No,13.94,17.11,,,Luis Garcia,2643
2644, Closed, ,M L S,Yes,14.25,8.59,Investor Sale,No,Priya Sharma,2644
2645,New,Pending,Bulk,,9.24,15.17,Investor Sale,,Samantha Pierce,2645
2646,Null,Kick,Opendoor,No,19.4,25.7,,No,Michael Chen,2646
2647, ,Closed,Broker,,15.98,29.66,Job Transfer,No,Michael Chen,2647
2648,Reviewed,Always Kick,Opendoor,,9.34,13.62,Investor Sale,,Samantha Pierce,2648
2649,Accepted Offer,Pending,Bulk,,12.66,6.84,Investor Sale,Yes,Jessica Lin,2649
2650, Closed,Pending, MLS,Yes,18.56,5.96,,Yes,Jessica Lin,2650
2651,Neww,Kick,M L S,,15.36,10.75,,Yes,Emily Patel,2651
2652,Null,Null,Bulk,Yes,2.68,26.68,Job Transfer,No,Michael Chen,2652
2653, , Close ,Auction.com,No,8.19,6.47,Job Transfer,Yes,Sophia Williams,2653
2654, Closed,Pending,M L S,Yes,11.86,6.18,,Yes,Priya Sharma,2654
2655,Accepted Offer,Pending,Auction.com,,8.07,10.97,Job Transfer,Yes,Jessica Lin,2655
2656,Null,Pend, MLS,Yes,8.12,27.89,Downsizing,Yes,Priya Sharma,2656
2657,Accepted Offer,Null,Opendoor,Yes,3.97,25.32,Investor Sale,Yes,Samantha Pierce,2657
2658,Null,Cancel,Opendoor,Yes,17.33,12.23,Downsizing,Yes,Luis Garcia,2658
2659,Reviewed,Close,Internal,No,4.47,19.22,Downsizing,Yes,Michael Chen,2659
2660,Cancelled,Pend,Broker,,5.85,24.93,,Yes,Samantha Pierce,2660
2661, Closed,Cancel,M.L.S.,,7.95,17.81,Downsizing,No,Jason Miller,2661
2662,Neww,Cancelled,M.L.S.,No,6.45,6.85,Investor Sale,No,Sophia Williams,2662
2663,Cancelled,Pending,Internal,No,11.85,23.64,Job Transfer,No,Michael Chen,2663
2664,New,Closed,Auction.com,No,14.38,24.97,Downsizing,Yes,Jason Miller,2664
2665,Accepted Offer,Cancelled,Internal,,8.81,12.27,,,Emily Patel,2665
2666,Accepted Offer, ,M L S,No,15.66,19.6,Job Transfer,No,Jessica Lin,2666
2667, Closed,Kick,Bulk,Yes,5.74,26.89,Downsizing,Yes,Jason Miller,2667
2668,Accepted Offer,Cancelled,Auction.com,No,3.01,20.07,,,David Thompson,2668
2669,Neww,Available,Bulk,No,19.0,16.02,Investor Sale,Yes,Samantha Pierce,2669
2670,Closed,Cancelled,M L S,Yes,3.6,20.62,Investor Sale,Yes,David Thompson,2670
2671,Neww,Kick,Auction.com,Yes,12.2,9.65,Investor Sale,Yes,Amit Kumar,2671
2672,Cancelled, , MLS,,19.35,6.4,Job Transfer,,Jessica Lin,2672
2673, Closed,Cancel,Bulk,Yes,9.77,27.1,Investor Sale,,Emily Patel,2673
2674,Cancelled,Always Kick,Opendoor,No,3.13,17.61,Job Transfer,No,Luis Garcia,2674
2675, , ,Bulk,Yes,15.66,27.49,Investor Sale,Yes,Priya Sharma,2675
2676,Neww,Closed,Bulk,No,16.46,29.34,Downsizing,No,Michael Chen,2676
2677,Cancelled,Pend,Auction.com,Yes,6.01,21.61,Investor Sale,Yes,Sophia Williams,2677
2678,Accepted Offer,Null,M L S,No,8.83,17.39,Downsizing,Yes,Luis Garcia,2678
2679,New,Available,M.L.S.,No,18.67,12.05,Job Transfer,No,Michael Chen,2679
2680, Closed,Closed,Internal,No,10.63,23.81,Job Transfer,,Samantha Pierce,2680
2681,Closed,Pend,Auction.com,,2.52,27.59,,,Sophia Williams,2681
2682, ,Close,Bulk,Yes,8.64,7.19,Downsizing,No,Sophia Williams,2682
2683,Closed,Cancelled,Broker,,15.19,13.4,Investor Sale,No,Luis Garcia,2683
2684,Offered,Kick,M.L.S.,No,3.16,10.25,Investor Sale,Yes,Emily Patel,2684
2685,Neww,Cancel,Auction.com,Yes,8.16,15.39,Downsizing,Yes,David Thompson,2685
2686,Reviewed,Cancelled,M.L.S.,Yes,9.62,17.83,Investor Sale,Yes,Sophia Williams,2686
2687,Null,Pending,Internal,No,12.96,28.88,,Yes,Luis Garcia,2687
2688,Null,Cancelled,Opendoor,,10.33,19.24,,Yes,Michael Chen,2688
2689,New,Pend,M.L.S.,No,12.06,15.81,Job Transfer,,Emily Patel,2689
2690,Neww,Cancelled,M.L.S.,,11.2,10.4,Investor Sale,No,Amit Kumar,2690
2691,Offered,Available,Auction.com,Yes,4.39,17.37,,,Luis Garcia,2691
2692,Accepted Offer,Pending,Internal,Yes,17.17,13.33,,No,Jason Miller,2692
2693,Accepted Offer,Kick, MLS,No,6.63,8.53,,Yes,Amit Kumar,2693
2694,Offered,Available,Internal,Yes,4.11,19.03,Job Transfer,Yes,Emily Patel,2694
2695,Null,Pend,Internal,,12.38,15.42,Investor Sale,No,Michael Chen,2695
2696, ,Pending,Broker,No,5.25,10.9,Investor Sale,Yes,Samantha Pierce,2696
2697,Accepted Offer,Closed,Broker,Yes,11.99,10.93,Downsizing,,Amit Kumar,2697
2698, Closed,Pending,M.L.S.,No,3.63,13.51,Downsizing,,Michael Chen,2698
2699,Reviewed,Available,Opendoor,,14.76,17.96,,No,Emily Patel,2699
2700,Reviewed,Close,Bulk,No,7.52,8.02,,,Amit Kumar,2700
2701,Neww,Pending,Internal,Yes,9.33,20.73,Investor Sale,Yes,Samantha Pierce,2701
2702,Closed,Close,Auction.com,No,7.22,17.26,Downsizing,No,Luis Garcia,2702
2703, Closed, ,Bulk,No,14.84,10.07,Job Transfer,No,Emily Patel,2703
2704, Closed,Close,Internal,Yes,13.87,7.91,,,Amit Kumar,2704
2705,Accepted Offer,Pend,Auction.com,,12.37,12.7,Downsizing,Yes,Samantha Pierce,2705
2706,Closed,Null,Internal,No,14.28,5.96,Downsizing,,Emily Patel,2706
2707,Reviewed,Pending,Internal,,9.21,25.42,Downsizing,,Emily Patel,2707
2708,Accepted Offer,Pend,Broker,,3.68,5.77,,Yes,Emily Patel,2708
2709, Closed,Close,M L S,Yes,3.91,11.37,Job Transfer,No,Michael Chen,2709
2710, ,Kick,Internal,Yes,5.84,17.88,,Yes,David Thompson,2710
2711,Reviewed,Pending,Opendoor,No,13.92,24.76,Investor Sale,Yes,Amit Kumar,2711
2712,Closed,Pending,Bulk,,3.05,12.32,,Yes,Sophia Williams,2712
2713,Accepted Offer,Always Kick,Auction.com,,5.93,24.99,Investor Sale,No,David Thompson,2713
2714,New,Kick,M L S,No,10.13,15.88,Job Transfer,,Priya Sharma,2714
2715,Offered,Close,Opendoor,,9.09,29.04,Job Transfer,No,Emily Patel,2715
2716, Closed,Available,Bulk,Yes,7.61,27.8,Job Transfer,,Amit Kumar,2716
2717,Accepted Offer,Available,Internal,Yes,16.54,23.45,Job Transfer,,Michael Chen,2717
2718, Closed,Cancel,Bulk,No,6.84,21.38,Downsizing,,Amit Kumar,2718
2719,Cancelled,Available,Internal,,7.38,27.33,,No,David Thompson,2719
2720,New,Available,Bulk,,12.72,10.21,,Yes,Jason Miller,2720
2721,Cancelled,Null,Auction.com,No,2.93,23.71,Downsizing,Yes,Jason Miller,2721
2722,Null, Close ,Opendoor,,11.59,16.46,,,Jessica Lin,2722
2723,Null,Pending,M.L.S.,No,9.92,27.35,,Yes,Jason Miller,2723
2724,Accepted Offer,Cancelled,M.L.S.,No,4.08,28.04,Downsizing,No,Michael Chen,2724
2725, Closed,Pending,Broker,No,12.46,20.85,Job Transfer,,Priya Sharma,2725
2726,Closed,Closed,Internal,Yes,19.7,5.55,Downsizing,Yes,Luis Garcia,2726
2727,Offered,Always Kick,Bulk,,16.04,18.12,Job Transfer,Yes,Sophia Williams,2727
2728,Null,Cancelled,Internal,Yes,11.91,23.59,,,Luis Garcia,2728
2729, Closed,Always Kick,M.L.S.,,10.3,5.83,Investor Sale,No,Michael Chen,2729
2730,Neww,Available,Bulk,Yes,19.59,10.93,Investor Sale,No,Priya Sharma,2730
2731,Cancelled,Pend,M L S,No,9.36,14.1,Downsizing,,Emily Patel,2731
2732,Neww,Pending, MLS,,16.71,7.62,Job Transfer,No,David Thompson,2732
2733,Reviewed,Available,Internal,Yes,5.86,23.44,Investor Sale,Yes,Michael Chen,2733
2734,Accepted Offer,Cancel,Opendoor,Yes,3.79,24.17,Investor Sale,,Sophia Williams,2734
2735,Closed,Always Kick, MLS,,2.88,27.5,Job Transfer,No,Priya Sharma,2735
2736,Closed,Pending,Broker,No,7.6,7.64,,No,Sophia Williams,2736
2737,Closed,Kick,Opendoor,Yes,8.17,17.5,Downsizing,No,Amit Kumar,2737
2738,Null,Close,Auction.com,Yes,19.49,23.04,,,David Thompson,2738
2739,New,Null,M.L.S.,No,12.81,17.9,,Yes,Emily Patel,2739
2740,Accepted Offer, Close ,M L S,No,12.46,5.19,,,Luis Garcia,2740
2741,Cancelled,Pending,Internal,No,10.55,16.15,Investor Sale,No,Priya Sharma,2741
2742,Neww,Pending,Internal,Yes,10.08,29.92,Investor Sale,No,Luis Garcia,2742
2743,Closed,Pend,Auction.com,Yes,17.08,22.97,Job Transfer,No,David Thompson,2743
2744,Null, Close , MLS,Yes,8.01,13.11,,,Samantha Pierce,2744
2745,New,Always Kick,M L S,,3.5,8.64,Investor Sale,Yes,Jessica Lin,2745
2746, Closed,Cancel,M L S,Yes,12.23,27.19,Job Transfer,No,Amit Kumar,2746
2747,Closed,Pending,Internal,,4.92,14.85,,No,Michael Chen,2747
2748,Offered,Pend, MLS,No,19.92,26.58,,No,Luis Garcia,2748
2749,Closed,Pend,Bulk,,6.32,18.04,,Yes,Priya Sharma,2749
2750,Closed,Pend,Opendoor,Yes,15.53,29.92,Job Transfer,,Jessica Lin,2750
2751,Neww,Null,M.L.S.,,17.92,17.32,Investor Sale,No,Priya Sharma,2751
2752,Null,Null,Bulk,No,9.29,11.68,Investor Sale,,Luis Garcia,2752
2753,Offered,Cancel,Opendoor,Yes,13.54,16.82,Job Transfer,No,Sophia Williams,2753
2754,Closed,Cancel, MLS,Yes,13.35,22.36,,No,Priya Sharma,2754
2755, ,Pending,Bulk,Yes,6.19,29.71,Job Transfer,Yes,Amit Kumar,2755
2756,Neww, , MLS,No,6.7,24.48,Job Transfer,,Jessica Lin,2756
2757,Offered,Pend,Opendoor,,11.25,22.42,Investor Sale,,David Thompson,2757
2758,Reviewed, Close ,Auction.com,No,10.12,21.09,Job Transfer,Yes,Priya Sharma,2758
2759,Closed, ,Bulk,,2.52,21.0,Job Transfer,Yes,Emily Patel,2759
2760,Neww,Cancel,M L S,Yes,4.3,16.03,,,Emily Patel,2760
2761,New, ,Auction.com,,9.27,12.39,,No,Samantha Pierce,2761
2762,New,Close, MLS,Yes,8.02,17.84,,,Samantha Pierce,2762
2763,Neww,Pend,Internal,Yes,7.6,10.25,Job Transfer,No,Michael Chen,2763
2764,Offered,Null,Broker,Yes,3.43,10.79,Job Transfer,No,Jason Miller,2764
2765, Closed,Kick,Bulk,Yes,11.94,13.03,Downsizing,No,Luis Garcia,2765
2766,Null,Kick,M.L.S.,No,11.11,25.14,Job Transfer,,Jessica Lin,2766
2767, ,Cancelled,Broker,Yes,5.84,21.85,Downsizing,No,Michael Chen,2767
2768,Neww,Pending,M L S,Yes,5.97,18.6,Job Transfer,,Luis Garcia,2768
2769,Neww,Pending,M L S,,15.78,16.16,Downsizing,No,Emily Patel,2769
2770, Closed,Cancel, MLS,,7.78,20.73,,,Amit Kumar,2770
2771,Reviewed,Closed,Bulk,,9.38,14.67,Job Transfer,Yes,Luis Garcia,2771
2772, Closed,Cancel,Broker,No,6.75,10.08,Job Transfer,Yes,Jason Miller,2772
2773, Closed, Close ,Bulk,Yes,15.65,11.84,Investor Sale,Yes,Priya Sharma,2773
2774,Offered,Cancel,Internal,,7.7,17.87,Downsizing,Yes,Priya Sharma,2774
2775,Reviewed,Pending,M L S,Yes,4.59,23.05,Downsizing,No,Amit Kumar,2775
2776,Cancelled,Cancel,Opendoor,,7.8,10.67,Investor Sale,,David Thompson,2776
2777,Accepted Offer,Always Kick,Broker,,13.18,14.73,Downsizing,No,David Thompson,2777
2778,Accepted Offer,Cancel,M L S,Yes,17.88,5.8,,,Emily Patel,2778
2779,Offered,Pending,Broker,Yes,18.22,26.78,Downsizing,Yes,Jessica Lin,2779
2780,Accepted Offer,Pend,M L S,Yes,15.36,14.92,Investor Sale,No,Amit Kumar,2780
2781,Reviewed, ,Bulk,,2.88,29.13,Investor Sale,Yes,Amit Kumar,2781
2782, Closed,Closed,Broker,,11.02,29.43,Job Transfer,Yes,David Thompson,2782
2783, Closed,Pend,Opendoor,,6.76,21.91,,Yes,Jessica Lin,2783
2784,Null,Always Kick,Opendoor,Yes,11.9,7.05,Downsizing,No,Sophia Williams,2784
2785,Reviewed,Close,Internal,No,6.5,20.58,,No,Samantha Pierce,2785
2786,New,Always Kick,Auction.com,Yes,2.74,6.52,Job Transfer,,Samantha Pierce,2786
2787,Accepted Offer,Cancel, MLS,No,8.77,27.6,Investor Sale,,Michael Chen,2787
2788,Offered,Available,Bulk,Yes,18.59,10.56,Downsizing,Yes,Emily Patel,2788
2789,Null, Close ,Broker,No,18.21,22.1,,Yes,Michael Chen,2789
2790,Closed,Closed,Internal,Yes,14.0,9.18,Investor Sale,,Luis Garcia,2790
2791,New,Always Kick,Bulk,No,2.64,14.31,Investor Sale,Yes,Jessica Lin,2791
2792,Cancelled,Available,Internal,Yes,5.04,23.84,Downsizing,No,Jason Miller,2792
2793,Neww,Kick,Bulk,,18.56,28.27,Downsizing,,Emily Patel,2793
2794, Closed, , MLS,,5.94,29.84,Investor Sale,No,David Thompson,2794
2795,New, Close ,Opendoor,Yes,11.37,21.65,Job Transfer,No,Sophia Williams,2795
2796, ,Close,Bulk,No,12.12,22.59,Investor Sale,Yes,Samantha Pierce,2796
2797,New, Close ,Internal,Yes,11.71,19.97,Investor Sale,No,David Thompson,2797
2798, ,Available,Bulk,No,4.61,18.31,Investor Sale,,Priya Sharma,2798
2799,Null, Close , MLS,No,10.54,27.61,Job Transfer,,Michael Chen,2799
2800, ,Pend,Bulk,No,7.82,12.19,Downsizing,,Amit Kumar,2800
2801, Closed,Kick, MLS,Yes,17.12,14.59,Job Transfer,,Sophia Williams,2801
2802,Neww,Pend,Auction.com,Yes,7.65,21.58,Downsizing,,Jessica Lin,2802
2803,Null,Always Kick,Bulk,No,9.38,15.95,Investor Sale,,Michael Chen,2803
2804,Closed,Closed,M.L.S.,No,9.5,9.39,Job Transfer,Yes,Jessica Lin,2804
2805,Cancelled, Close ,M.L.S.,Yes,17.73,21.61,Job Transfer,Yes,Luis Garcia,2805
2806, Closed,Cancelled,Opendoor,Yes,7.77,22.7,Job Transfer,,Emily Patel,2806
2807,Reviewed,Pend,Bulk,,10.82,11.74,,,Priya Sharma,2807
2808,Accepted Offer,Null,Opendoor,Yes,15.62,27.7,,Yes,Jason Miller,2808
2809, Closed,Available, MLS,No,5.19,26.0,Job Transfer,No,Luis Garcia,2809
2810,Null,Null,Opendoor,,19.44,8.08,Downsizing,,Priya Sharma,2810
2811,Accepted Offer,Available,Bulk,,3.35,28.26,,No,Michael Chen,2811
2812,Cancelled,Null,Internal,,14.91,20.67,,Yes,Samantha Pierce,2812
2813, Closed,Null,M L S,Yes,16.89,24.19,,No,Amit Kumar,2813
2814,Offered,Cancel,Broker,No,10.66,17.54,,Yes,Jessica Lin,2814
2815,Reviewed,Null,M.L.S.,Yes,15.42,13.36,Downsizing,Yes,Emily Patel,2815
2816,Cancelled,Always Kick, MLS,No,2.48,20.87,Job Transfer,Yes,Sophia Williams,2816
2817, Closed,Closed,M.L.S.,No,10.68,9.33,,,Jessica Lin,2817
2818,Null,Available,Opendoor,Yes,17.24,25.93,Downsizing,Yes,Jason Miller,2818
2819,Null,Available,Opendoor,,17.82,9.27,Downsizing,No,Jason Miller,2819
2820,Null,Null,M.L.S.,,9.04,12.91,Job Transfer,,Jason Miller,2820
2821, ,Available,Internal,,3.77,16.23,Downsizing,,David Thompson,2821
2822,Closed,Kick,Auction.com,No,4.67,13.22,Downsizing,Yes,Amit Kumar,2822
2823, Closed,Close, MLS,Yes,17.56,19.86,,,Michael Chen,2823
2824,Offered,Kick,Internal,Yes,3.94,6.24,,,David Thompson,2824
2825,Offered,Kick,Auction.com,,14.27,20.78,,,Luis Garcia,2825
2826, Closed,Available,Broker,,17.38,14.8,Investor Sale,,Emily Patel,2826
2827, Closed,Close,M L S,No,14.81,21.33,Investor Sale,,Amit Kumar,2827
2828, ,Available, MLS,Yes,13.12,11.21,Investor Sale,No,Samantha Pierce,2828
2829,New,Closed,M.L.S.,No,18.82,23.98,Job Transfer,Yes,Michael Chen,2829
2830, ,Always Kick,Opendoor,No,7.13,26.09,,No,Michael Chen,2830
2831,Cancelled,Cancel,Auction.com,No,4.56,24.79,Downsizing,Yes,Michael Chen,2831
2832,Cancelled,Cancelled,Auction.com,,12.72,23.92,Downsizing,Yes,Sophia Williams,2832
2833,Accepted Offer,Cancelled,Bulk,,13.87,16.17,Investor Sale,No,Amit Kumar,2833
2834,New,Cancelled,Bulk,Yes,2.42,11.18,,,Priya Sharma,2834
2835,Neww,Pending,Internal,Yes,10.95,27.36,,No,Amit Kumar,2835
2836,Reviewed,Cancelled,Internal,No,4.79,8.47,,Yes,Emily Patel,2836
2837,Neww,Close,Opendoor,No,6.31,21.49,Job Transfer,No,Priya Sharma,2837
2838,Null,Null,M L S,,10.58,14.86,Job Transfer,,Emily Patel,2838
2839,Closed,Close,Broker,Yes,3.25,27.12,Downsizing,,Jessica Lin,2839
2840,Null,Pending,M.L.S.,,6.03,24.22,Downsizing,No,Luis Garcia,2840
2841,Cancelled,Always Kick,Auction.com,Yes,13.19,20.71,Downsizing,,Jason Miller,2841
2842,Reviewed,Close,Opendoor,Yes,19.6,16.4,Downsizing,Yes,Jessica Lin,2842
2843,Neww,Pending,Auction.com,Yes,11.21,15.46,Investor Sale,Yes,Sophia Williams,2843
2844,Accepted Offer,Cancelled, MLS,,15.57,22.53,Job Transfer,No,Jason Miller,2844
2845,New,Pending,Internal,No,12.52,29.14,Downsizing,No,Jason Miller,2845
2846,Closed,Available,Broker,,2.01,27.31,,,Jessica Lin,2846
2847,Accepted Offer,Always Kick,Internal,,7.72,28.37,Downsizing,No,Amit Kumar,2847
2848, ,Kick, MLS,Yes,4.27,22.08,,,Luis Garcia,2848
2849,Neww,Kick,Auction.com,Yes,9.51,26.54,Investor Sale,Yes,David Thompson,2849
2850,Neww,Pending,Opendoor,Yes,5.97,20.0,Investor Sale,No,Jason Miller,2850
2851,Null,Cancel,Bulk,,2.33,16.61,Downsizing,,Amit Kumar,2851
2852,Closed,Close,M L S,Yes,12.9,15.41,Investor Sale,,Jason Miller,2852
2853,Cancelled,Close,Opendoor,No,7.14,11.66,Job Transfer,,Michael Chen,2853
2854,Cancelled,Closed,Broker,No,6.57,6.57,Job Transfer,Yes,Emily Patel,2854
2855,Offered,Always Kick, MLS,Yes,16.97,28.38,Downsizing,,Jason Miller,2855
2856,Null,Available, MLS,,15.76,7.1,Downsizing,,Priya Sharma,2856
2857,Closed,Pending,Bulk,,2.72,20.55,Downsizing,,Michael Chen,2857
2858,Cancelled,Null, MLS,Yes,8.11,8.85,,Yes,Amit Kumar,2858
2859,Offered,Pend,M.L.S.,,5.14,27.55,,Yes,Jason Miller,2859
2860,Accepted Offer,Available,M L S,No,2.18,26.72,,,Amit Kumar,2860
2861,New,Close,Bulk,Yes,18.08,13.76,,No,Priya Sharma,2861
2862,Cancelled,Kick,Opendoor,Yes,7.38,19.96,,No,Emily Patel,2862
2863, Closed,Null,M L S,Yes,9.74,17.03,,Yes,Priya Sharma,2863
2864,Cancelled,Null,Bulk,Yes,9.36,28.79,Investor Sale,No,Sophia Williams,2864
2865,Closed,Closed,M.L.S.,No,12.23,16.54,Investor Sale,Yes,Jessica Lin,2865
2866,Closed,Kick,Internal,No,8.27,24.93,Downsizing,No,Michael Chen,2866
2867,Accepted Offer,Available,Broker,Yes,4.57,10.95,Downsizing,,Jason Miller,2867
2868,Cancelled,Cancel,Opendoor,,19.75,29.16,Investor Sale,No,Luis Garcia,2868
2869, Closed, ,Bulk,No,15.92,18.31,,No,Michael Chen,2869
2870,New,Closed, MLS,,13.54,23.67,Job Transfer,Yes,David Thompson,2870
2871,Closed, Close ,M.L.S.,Yes,12.28,7.06,Downsizing,No,Michael Chen,2871
2872,New, Close ,M L S,Yes,19.5,23.38,,No,David Thompson,2872
2873,Null,Cancelled,M.L.S.,No,8.97,22.34,Job Transfer,No,Jason Miller,2873
2874,Cancelled,Pending, MLS,,17.5,27.27,Job Transfer,Yes,Priya Sharma,2874
2875,Reviewed,Pending,Opendoor,Yes,13.02,17.75,Downsizing,,Samantha Pierce,2875
2876, ,Closed, MLS,Yes,7.0,24.64,Investor Sale,No,Luis Garcia,2876
2877,Accepted Offer,Pending,M.L.S.,No,17.25,15.16,Investor Sale,,Emily Patel,2877
2878, Closed, Close ,Bulk,,14.85,5.66,,Yes,Amit Kumar,2878
2879,Cancelled, Close ,Opendoor,,2.19,14.08,,Yes,Luis Garcia,2879
2880,New,Kick,Opendoor,No,18.58,7.71,,No,Priya Sharma,2880
2881,Offered,Closed,M L S,No,8.3,29.5,Downsizing,Yes,Priya Sharma,2881
2882,Offered,Pend,Broker,Yes,11.8,19.75,Investor Sale,Yes,David Thompson,2882
2883, ,Available,M L S,No,7.6,11.39,,,Luis Garcia,2883
2884,Neww,Available,M.L.S.,Yes,17.42,11.13,,Yes,Luis Garcia,2884
2885, ,Available,Internal,No,10.17,9.42,Job Transfer,No,Emily Patel,2885
2886,Neww,Cancelled,M.L.S.,,7.49,6.38,,Yes,Samantha Pierce,2886
2887,Offered,Cancelled,Broker,,4.0,18.02,Investor Sale,No,Michael Chen,2887
2888,Neww,Kick,Auction.com,,3.61,29.66,Investor Sale,Yes,Samantha Pierce,2888
2889,Neww,Closed,Opendoor,No,9.34,10.62,,No,Amit Kumar,2889
2890,Null,Pending,Auction.com,Yes,5.8,18.28,Job Transfer,,Amit Kumar,2890
2891,New,Pending, MLS,,17.99,11.4,Job Transfer,,Luis Garcia,2891
2892,Accepted Offer,Pend,Bulk,No,12.9,13.18,,,Samantha Pierce,2892
2893, ,Cancel,M L S,,4.13,26.09,Investor Sale,No,Priya Sharma,2893
2894,Offered,Available,Opendoor,No,9.7,23.2,Investor Sale,Yes,David Thompson,2894
2895,Offered,Kick, MLS,,16.65,6.39,Job Transfer,No,Samantha Pierce,2895
2896,Neww,Pend,Bulk,No,10.16,19.73,,No,Samantha Pierce,2896
2897,Offered,Cancel, MLS,Yes,10.69,6.38,,Yes,Sophia Williams,2897
2898,New,Available,Opendoor,No,12.05,22.56,Investor Sale,Yes,Amit Kumar,2898
2899,Closed,Null,Internal,No,3.01,10.65,Downsizing,,Jessica Lin,2899
2900,Cancelled,Closed,Opendoor,,6.05,12.11,Investor Sale,Yes,Emily Patel,2900
2901,Cancelled,Kick,Internal,No,8.22,23.69,Job Transfer,No,Jessica Lin,2901
2902, ,Null,Broker,,8.04,7.84,Downsizing,,Priya Sharma,2902
2903,Closed,Cancelled,Auction.com,No,6.94,13.3,Downsizing,No,Jason Miller,2903
2904, , ,Bulk,No,19.37,8.53,Investor Sale,Yes,Emily Patel,2904
2905,Accepted Offer,Cancel, MLS,Yes,4.61,14.46,,No,David Thompson,2905
2906,Closed,Close,Broker,,2.12,15.4,,No,Emily Patel,2906
2907,Cancelled,Cancelled,M.L.S.,Yes,11.13,28.7,,,Michael Chen,2907
2908, Closed, Close , MLS,,16.57,5.87,Downsizing,,Jason Miller,2908
2909,Neww,Pending,M L S,,14.83,15.2,Job Transfer,Yes,Sophia Williams,2909
2910,Neww,Always Kick,M L S,,16.6,16.85,Investor Sale,Yes,David Thompson,2910
2911, Closed,Cancel,Auction.com,No,11.6,24.45,Job Transfer,Yes,David Thompson,2911
2912, , ,M.L.S.,,16.97,16.24,Job Transfer,Yes,Michael Chen,2912
2913,Accepted Offer,Kick,Internal,Yes,17.16,20.15,Investor Sale,No,Michael Chen,2913
2914,Accepted Offer,Cancel,Internal,No,18.34,28.62,Investor Sale,No,David Thompson,2914
2915,Neww,Available,Broker,Yes,11.66,14.69,Investor Sale,Yes,Sophia Williams,2915
2916,Cancelled,Closed, MLS,,9.66,10.64,Downsizing,No,David Thompson,2916
2917,Null,Closed,M L S,,6.55,5.0,Job Transfer,,Amit Kumar,2917
2918,Offered,Always Kick,Broker,Yes,11.36,14.22,Downsizing,No,Jessica Lin,2918
2919,Cancelled,Pending,Opendoor,No,8.35,27.56,,No,Michael Chen,2919
2920,Null,Pend, MLS,,10.02,14.27,,,Jessica Lin,2920
2921, ,Null,Internal,Yes,6.34,21.01,,,Sophia Williams,2921
2922,Accepted Offer,Closed,M.L.S.,No,16.69,14.64,Investor Sale,No,Jessica Lin,2922
2923,Closed,Cancel,Bulk,Yes,14.86,25.84,Job Transfer,Yes,Priya Sharma,2923
2924,Accepted Offer, Close ,Opendoor,,4.54,21.98,Investor Sale,Yes,David Thompson,2924
2925, Closed,Available,M L S,No,7.91,9.3,Investor Sale,,Jessica Lin,2925
2926,Reviewed,Always Kick,Internal,,4.79,25.6,Investor Sale,,Amit Kumar,2926
2927,Offered,Always Kick,M L S,Yes,18.48,22.67,Investor Sale,No,Amit Kumar,2927
2928,New,Pending,Broker,Yes,9.99,22.25,Job Transfer,,Samantha Pierce,2928
2929,Accepted Offer,Kick,Internal,,8.39,18.12,Investor Sale,No,Amit Kumar,2929
2930,Reviewed,Always Kick,Bulk,No,4.17,16.82,Investor Sale,No,David Thompson,2930
2931,Offered,Pending, MLS,,12.8,25.64,Job Transfer,Yes,David Thompson,2931
2932,Neww,Kick,Internal,No,14.62,29.28,,,Jason Miller,2932
2933, ,Available,Opendoor,,18.26,10.65,Downsizing,Yes,Priya Sharma,2933
2934,Closed,Null,Auction.com,No,4.86,27.02,Downsizing,Yes,Luis Garcia,2934
2935,Closed,Closed,M L S,Yes,8.36,16.13,Downsizing,No,David Thompson,2935
2936,Neww,Close,Bulk,,5.54,17.44,Downsizing,Yes,Priya Sharma,2936
2937,Accepted Offer,Cancel,M L S,No,13.27,29.9,Downsizing,,Michael Chen,2937
2938,Neww,Cancelled,Bulk,,11.77,29.35,,,Samantha Pierce,2938
2939,Neww,Null,Internal,Yes,13.59,24.33,,,Priya Sharma,2939
2940, ,Closed,M L S,Yes,12.2,8.81,Job Transfer,Yes,Sophia Williams,2940
2941,Closed,Cancel,Internal,,9.49,23.13,,No,Samantha Pierce,2941
2942,Offered,Closed,Broker,No,2.39,11.97,,Yes,Luis Garcia,2942
2943,Offered,Pend,Broker,,7.7,19.95,Downsizing,No,Luis Garcia,2943
2944,Offered,Kick,M L S,No,9.44,23.04,Downsizing,Yes,Emily Patel,2944
2945, ,Pend,Broker,No,10.36,11.33,Job Transfer,,Michael Chen,2945
2946,New,Always Kick,Internal,No,12.2,25.8,,Yes,Jessica Lin,2946
2947,Null,Pend,Bulk,,12.73,26.13,Job Transfer,No,Samantha Pierce,2947
2948,Closed,Pend,Broker,,6.43,15.79,,,Amit Kumar,2948
2949,Accepted Offer, Close ,Broker,,19.1,28.67,Investor Sale,No,Amit Kumar,2949
2950,Cancelled, Close ,Auction.com,,5.64,14.75,Investor Sale,Yes,Samantha Pierce,2950
2951, ,Always Kick,M L S,,14.63,17.96,Job Transfer,Yes,Priya Sharma,2951
2952,Accepted Offer,Closed,Internal,Yes,14.03,10.92,Investor Sale,,Sophia Williams,2952
2953,New, ,M L S,,18.67,27.78,Investor Sale,No,Emily Patel,2953
2954,Reviewed,Close,Broker,Yes,16.57,16.23,Job Transfer,No,Samantha Pierce,2954
2955,Offered,Closed, MLS,,18.74,21.19,Job Transfer,,David Thompson,2955
2956, Closed,Cancel,Opendoor,No,17.05,15.52,Investor Sale,Yes,David Thompson,2956
2957,Closed,Kick,Broker,,16.87,20.28,,,Sophia Williams,2957
2958,Offered,Kick,Opendoor,No,18.79,5.19,Downsizing,,Priya Sharma,2958
2959,Null, Close ,Auction.com,Yes,17.12,5.2,,Yes,Sophia Williams,2959
2960,Closed,Cancelled,M.L.S.,No,2.86,18.14,Downsizing,No,Emily Patel,2960
2961,Cancelled,Cancel,Bulk,,10.51,25.06,Downsizing,No,David Thompson,2961
2962,Neww, Close ,Opendoor,No,10.69,22.34,Downsizing,No,Jason Miller,2962
2963,Cancelled,Always Kick,Broker,,11.78,5.12,Downsizing,Yes,Priya Sharma,2963
2964, , , MLS,No,4.36,18.65,Job Transfer,No,David Thompson,2964
2965,Offered, Close ,M.L.S.,No,18.24,10.77,,Yes,Priya Sharma,2965
2966,Accepted Offer,Close, MLS,No,7.15,20.17,Investor Sale,No,David Thompson,2966
2967,Accepted Offer,Pending,M.L.S.,Yes,3.86,22.32,,,Amit Kumar,2967
2968,Null,Available,M L S,Yes,3.89,23.1,Investor Sale,No,Emily Patel,2968
2969,Accepted Offer,Kick,Opendoor,,3.0,8.7,Downsizing,No,Jason Miller,2969
2970,Accepted Offer,Pend,Bulk,No,6.29,9.0,Job Transfer,Yes,Emily Patel,2970
2971,Neww,Pend,Auction.com,Yes,8.1,27.68,Downsizing,,David Thompson,2971
2972,Neww,Pending,M.L.S.,No,3.4,11.63,Job Transfer,No,Amit Kumar,2972
2973,Accepted Offer,Cancel,Internal,No,7.85,25.16,,,Michael Chen,2973
2974,Neww,Cancelled,Internal,No,18.2,24.09,,Yes,Jessica Lin,2974
2975,Offered,Available,Opendoor,No,7.12,27.93,Downsizing,Yes,Luis Garcia,2975
2976,Neww,Available, MLS,,18.9,19.9,,,Emily Patel,2976
2977,Offered,Pend,Auction.com,,16.88,25.73,Job Transfer,Yes,Luis Garcia,2977
2978,Accepted Offer,Available,M L S,Yes,6.5,13.83,Job Transfer,No,Emily Patel,2978
2979,Accepted Offer,Pend,M L S,Yes,17.44,19.66,,No,Samantha Pierce,2979
2980,New,Closed, MLS,,6.58,10.14,Investor Sale,,Jason Miller,2980
2981,Reviewed,Close,Broker,No,8.61,18.51,Job Transfer,,Jessica Lin,2981
2982,New,Cancelled,M.L.S.,,15.2,8.49,,,Luis Garcia,2982
2983,New,Pend,Auction.com,Yes,19.99,15.86,Investor Sale,No,Emily Patel,2983
2984,Offered,Cancel,Bulk,Yes,16.25,18.1,Job Transfer,Yes,Luis Garcia,2984
2985,Accepted Offer,Pending,M.L.S.,,7.13,14.95,Investor Sale,Yes,David Thompson,2985
2986,Reviewed,Cancel,M L S,,5.82,7.69,Investor Sale,,Jason Miller,2986
2987, Closed,Cancelled,Internal,No,10.14,12.6,Job Transfer,,Emily Patel,2987
2988, , Close ,Auction.com,,12.47,28.6,Downsizing,Yes,Jason Miller,2988
2989,Null, Close ,M.L.S.,No,18.2,12.85,Investor Sale,,David Thompson,2989
2990,Offered,Available,Opendoor,Yes,15.09,16.19,Investor Sale,,Emily Patel,2990
2991, ,Closed,Opendoor,,6.49,16.52,Job Transfer,No,Samantha Pierce,2991
2992,Null,Always Kick,Broker,No,5.69,14.74,,No,Amit Kumar,2992
2993,Cancelled,Pending,Auction.com,Yes,5.79,9.33,Investor Sale,No,Jessica Lin,2993
2994, Closed,Close,Auction.com,,14.99,26.46,Downsizing,Yes,David Thompson,2994
2995,Accepted Offer,Available,Auction.com,No,9.86,25.19,Investor Sale,No,Jason Miller,2995
2996,New,Null,M L S,Yes,14.45,22.57,Investor Sale,Yes,Luis Garcia,2996
2997,Offered,Closed,Opendoor,,13.08,5.02,,No,Amit Kumar,2997
2998,Neww,Kick,Broker,No,19.28,6.78,,Yes,Sophia Williams,2998
2999,Reviewed,Null,Opendoor,No,2.89,5.91,Downsizing,,Amit Kumar,2999
3000,Null,Pend,M.L.S.,,17.79,27.81,Downsizing,,Emily Patel,3000
3001,Neww,Pend,M.L.S.,No,11.24,27.38,,Yes,Jessica Lin,3001
3002,Reviewed,Always Kick, MLS,Yes,13.66,14.24,Downsizing,Yes,Luis Garcia,3002
3003,Cancelled, Close ,M L S,,9.58,25.19,,,Jessica Lin,3003
3004,Closed,Always Kick,Bulk,,13.99,23.63,,,Sophia Williams,3004
3005, Closed,Available,M L S,Yes,15.06,11.58,Investor Sale,No,David Thompson,3005
3006,Reviewed,Kick,Bulk,,8.28,26.12,,No,Jessica Lin,3006
3007,Neww,Close,M L S,Yes,4.13,17.71,Job Transfer,,Jason Miller,3007
3008, ,Closed,M.L.S.,No,5.66,9.12,,No,Luis Garcia,3008
3009,Closed,Cancelled, MLS,Yes,15.97,29.57,Investor Sale,Yes,Amit Kumar,3009
3010,New,Available,M L S,Yes,10.48,16.21,Investor Sale,Yes,Sophia Williams,3010
3011,New,Null,M L S,,16.67,19.22,Downsizing,,Emily Patel,3011
3012, ,Null, MLS,Yes,7.9,27.54,Job Transfer,No,Emily Patel,3012
3013,Null,Cancel,Bulk,,5.3,11.54,Job Transfer,,Jason Miller,3013
3014, ,Available,Bulk,Yes,3.27,24.83,Downsizing,Yes,David Thompson,3014
3015,New,Always Kick,Broker,,7.56,9.12,Job Transfer,No,Sophia Williams,3015
3016, ,Pending,Bulk,No,16.87,12.45,Downsizing,Yes,Jason Miller,3016
3017,Cancelled,Available,Broker,No,6.29,7.58,,,David Thompson,3017
3018,Offered,Pend,Auction.com,Yes,12.28,12.61,Job Transfer,,Jason Miller,3018
3019,Reviewed,Close, MLS,,15.02,5.24,,,Priya Sharma,3019
3020,New,Closed,Opendoor,,17.86,11.83,Investor Sale,No,Jessica Lin,3020
3021,Neww,Null,M.L.S.,Yes,11.45,29.27,Job Transfer,No,David Thompson,3021
3022,Closed,Closed, MLS,,18.57,6.37,Investor Sale,,Sophia Williams,3022
3023, ,Pending,M L S,Yes,19.51,8.24,Downsizing,No,Jason Miller,3023
3024,Offered,Cancel,Internal,No,7.71,23.98,Investor Sale,Yes,Michael Chen,3024
3025,Accepted Offer, ,Broker,,8.55,27.58,Investor Sale,Yes,Sophia Williams,3025
3026,Reviewed,Close,Opendoor,No,14.25,6.42,Job Transfer,,Samantha Pierce,3026
3027,Null,Always Kick,M.L.S.,,14.81,27.82,Downsizing,Yes,Amit Kumar,3027
3028,New,Available,Broker,,9.95,26.76,Downsizing,Yes,David Thompson,3028
3029, ,Pend,Opendoor,No,10.06,27.38,Investor Sale,No,Amit Kumar,3029
3030,Reviewed,Null,Auction.com,No,5.71,21.93,Job Transfer,No,Sophia Williams,3030
3031,Reviewed,Closed,M.L.S.,,8.12,10.53,Downsizing,No,Jason Miller,3031
3032,Neww,Null,Auction.com,Yes,2.07,9.84,,No,Emily Patel,3032
3033,Reviewed,Cancelled,Bulk,Yes,14.48,6.74,Investor Sale,No,Jessica Lin,3033
3034,New,Available,M.L.S.,No,12.8,13.91,Downsizing,,Amit Kumar,3034
3035,New,Null,Internal,Yes,3.59,23.33,Investor Sale,,Priya Sharma,3035
3036, Closed,Null,Auction.com,,6.02,21.57,Downsizing,Yes,Jessica Lin,3036
3037,Offered,Pend,Auction.com,No,4.03,25.15,,No,Samantha Pierce,3037
3038, Closed,Cancelled, MLS,Yes,4.31,9.98,Job Transfer,,Jason Miller,3038
3039,Neww, ,Bulk,No,6.78,26.05,Downsizing,,Michael Chen,3039
3040, ,Kick,M.L.S.,Yes,8.73,7.02,Job Transfer,,Jason Miller,3040
3041,New,Available,Auction.com,Yes,7.53,9.22,,Yes,Michael Chen,3041
3042, ,Kick,Internal,No,19.21,17.47,Investor Sale,,Samantha Pierce,3042
3043,Offered,Kick,M L S,,19.34,19.8,Investor Sale,No,David Thompson,3043
3044, Closed,Close, MLS,,15.84,19.9,Job Transfer,No,Sophia Williams,3044
3045,Accepted Offer,Cancelled,Internal,,19.47,26.09,Job Transfer,No,Priya Sharma,3045
3046,Reviewed,Available,Opendoor,Yes,10.67,23.92,,Yes,Emily Patel,3046
3047,Reviewed,Pending,M.L.S.,,6.08,9.75,Investor Sale,No,Emily Patel,3047
3048,Null,Kick,M L S,No,2.69,8.97,,,Luis Garcia,3048
3049,Neww,Always Kick,Broker,Yes,7.82,13.58,,No,Amit Kumar,3049
3050, , Close ,M.L.S.,No,13.68,23.09,Downsizing,Yes,David Thompson,3050
3051,New,Always Kick,Opendoor,,5.02,13.14,Downsizing,Yes,Priya Sharma,3051
3052,Reviewed, Close ,M.L.S.,No,10.94,21.2,Downsizing,Yes,Michael Chen,3052
3053,Reviewed,Pend,Bulk,Yes,11.39,25.62,,,Jessica Lin,3053
3054,Closed,Pending, MLS,,10.34,29.89,Investor Sale,Yes,Luis Garcia,3054
3055,Reviewed,Cancel,Auction.com,No,7.14,8.93,,,Samantha Pierce,3055
3056,Accepted Offer,Close,Auction.com,No,5.5,8.87,Downsizing,No,Sophia Williams,3056
3057,Accepted Offer,Always Kick,Internal,,6.03,29.14,Downsizing,No,David Thompson,3057
3058, Closed,Kick,Opendoor,,12.13,20.53,Downsizing,Yes,Amit Kumar,3058
3059,Closed,Always Kick, MLS,Yes,5.62,11.95,Investor Sale,Yes,Samantha Pierce,3059
3060,Neww,Always Kick, MLS,,13.74,12.95,Downsizing,,Emily Patel,3060
3061,Closed,Closed,Internal,,17.04,13.59,,Yes,David Thompson,3061
3062,Neww,Always Kick,M.L.S.,No,16.91,19.3,,Yes,Jason Miller,3062
3063,Reviewed,Pend, MLS,No,17.92,23.64,Downsizing,,Emily Patel,3063
3064,Reviewed,Close,Opendoor,Yes,10.08,11.9,Investor Sale,No,Samantha Pierce,3064
3065,Offered,Pend,M.L.S.,Yes,4.83,14.42,Downsizing,,Priya Sharma,3065
3066, Closed,Always Kick,Broker,,19.48,8.25,Investor Sale,No,Sophia Williams,3066
3067,Reviewed, ,Bulk,,13.65,6.68,,Yes,Michael Chen,3067
3068,Offered,Pend,M.L.S.,Yes,4.39,22.92,Job Transfer,No,Emily Patel,3068
3069,Accepted Offer,Closed,Opendoor,Yes,9.67,10.72,,No,Jason Miller,3069
3070,Neww,Closed,M L S,Yes,5.34,5.58,Investor Sale,No,Luis Garcia,3070
3071, ,Cancelled,Bulk,No,15.21,7.66,,No,Emily Patel,3071
3072,Reviewed,Kick,Bulk,Yes,2.78,25.46,Job Transfer,Yes,Michael Chen,3072
3073,Offered, ,Opendoor,No,10.55,6.09,Investor Sale,Yes,Luis Garcia,3073
3074,Offered,Kick,Auction.com,No,2.55,17.53,,No,Sophia Williams,3074
3075,Accepted Offer,Close, MLS,Yes,13.98,7.05,,,Samantha Pierce,3075
3076,Accepted Offer,Cancelled,M.L.S.,,11.65,20.82,,Yes,Samantha Pierce,3076
3077,Closed,Cancelled,M L S,Yes,13.58,10.85,,No,Jason Miller,3077
3078,Null, ,Opendoor,No,7.13,10.83,,Yes,Emily Patel,3078
3079,Accepted Offer,Cancel,Bulk,,19.11,6.06,Downsizing,Yes,Samantha Pierce,3079
3080,Cancelled, Close ,Internal,Yes,15.52,20.91,Downsizing,Yes,Luis Garcia,3080
3081,New,Cancel,Bulk,,2.55,13.53,Job Transfer,,Emily Patel,3081
3082,Reviewed,Null, MLS,No,18.87,17.91,Investor Sale,Yes,Emily Patel,3082
3083,Null,Always Kick,Bulk,,15.51,20.05,Job Transfer,,Emily Patel,3083
3084,Cancelled,Kick,M.L.S.,Yes,6.45,22.59,Investor Sale,Yes,Priya Sharma,3084
3085,Cancelled,Null,M.L.S.,No,7.37,8.88,,,Luis Garcia,3085
3086,Reviewed,Cancelled,Auction.com,Yes,7.94,12.64,Investor Sale,Yes,Jessica Lin,3086
3087,Offered,Closed,Bulk,Yes,5.89,15.45,Investor Sale,,Luis Garcia,3087
3088,Closed,Pending,Opendoor,Yes,18.09,23.89,,No,Michael Chen,3088
3089,Offered,Cancel,Bulk,Yes,5.35,10.76,Job Transfer,No,Luis Garcia,3089
3090, ,Available,Auction.com,No,5.59,17.35,Investor Sale,No,David Thompson,3090
3091,New,Pend,Auction.com,,10.06,7.51,Downsizing,,Luis Garcia,3091
3092,Closed,Close,Bulk,,16.91,18.43,Job Transfer,,Emily Patel,3092
3093,Closed,Pend,Broker,Yes,10.92,17.7,Investor Sale,No,David Thompson,3093
3094, ,Pend,Opendoor,,2.06,9.77,Downsizing,No,Jessica Lin,3094
3095, Closed,Closed,Broker,,5.8,20.0,Investor Sale,Yes,Amit Kumar,3095
3096,Cancelled,Always Kick,Bulk,Yes,13.76,7.34,,,Luis Garcia,3096
3097,Reviewed,Available,Internal,,19.26,25.66,,Yes,Luis Garcia,3097
3098,New, Close ,M.L.S.,,2.01,28.38,,,Jason Miller,3098
3099,Null,Always Kick,Broker,Yes,2.93,21.72,Investor Sale,,Jason Miller,3099
3100,New,Pend,Internal,,7.0,19.98,Downsizing,Yes,Priya Sharma,3100
3101,Null,Cancel,Bulk,No,2.38,14.41,Investor Sale,Yes,David Thompson,3101
3102,Closed,Cancel,Auction.com,No,15.26,11.25,Job Transfer,Yes,Emily Patel,3102
3103, Closed,Close,M.L.S.,Yes,6.35,27.99,Investor Sale,,Amit Kumar,3103
3104, ,Close,Opendoor,,16.63,14.65,,,Michael Chen,3104
3105, ,Pending,Bulk,,17.88,24.65,,,David Thompson,3105
3106,Null,Available, MLS,Yes,13.32,27.9,Investor Sale,,Michael Chen,3106
3107, ,Kick,Bulk,No,15.47,22.95,Job Transfer,Yes,Samantha Pierce,3107
3108, , ,Bulk,Yes,5.24,15.18,Job Transfer,,Priya Sharma,3108
3109, Closed,Close,Opendoor,Yes,7.92,7.06,Investor Sale,Yes,Luis Garcia,3109
3110,Null,Kick,Bulk,Yes,11.78,24.96,,,Amit Kumar,3110
3111,Reviewed,Cancelled,Broker,No,4.49,28.17,,No,Amit Kumar,3111
3112,Offered,Cancelled,Opendoor,,16.81,19.82,,No,Priya Sharma,3112
3113,Closed,Pend,M L S,,13.28,9.59,Investor Sale,No,Samantha Pierce,3113
3114,Neww,Pending,M L S,Yes,10.95,21.25,Investor Sale,,Sophia Williams,3114
3115,Accepted Offer,Cancelled, MLS,No,9.27,29.33,Downsizing,No,Jessica Lin,3115
3116,Closed, ,M L S,No,7.63,10.96,Job Transfer,No,Luis Garcia,3116
3117,Accepted Offer,Close,M L S,Yes,11.13,13.12,Downsizing,No,Michael Chen,3117
3118,Reviewed,Null, MLS,No,19.85,25.79,Downsizing,No,David Thompson,3118
3119,New,Cancelled,Internal,No,2.03,22.97,,,Jessica Lin,3119
3120,Neww,Pending,Auction.com,Yes,19.46,12.76,Investor Sale,,Jason Miller,3120
3121,Accepted Offer,Available,Broker,No,16.91,13.22,Investor Sale,No,Amit Kumar,3121
3122,Closed, ,Opendoor,,3.23,19.88,,No,Jessica Lin,3122
3123,New,Always Kick,Opendoor,Yes,15.23,9.26,Job Transfer,,Samantha Pierce,3123
3124,Offered,Cancel, MLS,,8.83,13.98,Downsizing,Yes,David Thompson,3124
3125, ,Available, MLS,Yes,4.47,5.86,,,Emily Patel,3125
3126,Cancelled,Available,Auction.com,,7.99,27.51,,No,Amit Kumar,3126
3127,Closed, Close ,Auction.com,,14.29,25.09,,,Luis Garcia,3127
3128,Cancelled,Closed,Internal,No,8.11,9.06,Investor Sale,No,David Thompson,3128
3129, Closed, Close ,M.L.S.,No,4.63,16.57,Job Transfer,No,David Thompson,3129
3130,Closed,Pend,Opendoor,,18.23,24.11,Job Transfer,Yes,Jason Miller,3130
3131,Reviewed,Cancelled,M L S,No,8.73,25.29,,No,Samantha Pierce,3131
3132,Closed, Close ,Bulk,No,14.28,19.01,Job Transfer,No,Jason Miller,3132
3133,Null,Kick,Internal,,9.37,21.93,Job Transfer,No,Emily Patel,3133
3134,Reviewed,Always Kick,M.L.S.,,12.06,28.78,,,Emily Patel,3134
3135,Cancelled,Null,M.L.S.,Yes,7.76,17.79,Investor Sale,Yes,Amit Kumar,3135
3136, Closed,Cancelled,M.L.S.,,5.81,25.03,Job Transfer,No,Luis Garcia,3136
3137, , Close ,Internal,,5.89,12.11,Investor Sale,No,Amit Kumar,3137
3138,Offered,Pend,Broker,,16.99,14.49,Investor Sale,No,Jason Miller,3138
3139,Accepted Offer, ,Bulk,No,17.91,13.89,,,Emily Patel,3139
3140,Neww,Null,M.L.S.,No,15.57,11.35,Downsizing,,Luis Garcia,3140
3141, Closed, , MLS,No,9.9,17.93,,Yes,David Thompson,3141
3142,Offered,Close,Auction.com,No,17.15,5.59,,Yes,Priya Sharma,3142
3143,Accepted Offer,Pend,Opendoor,,11.88,29.1,Job Transfer,Yes,Priya Sharma,3143
3144, Closed, ,M L S,Yes,7.1,10.54,Job Transfer,,Jessica Lin,3144
3145,New,Cancelled,Broker,,10.68,23.64,,,Emily Patel,3145
3146, ,Cancel,Internal,,19.49,14.14,,No,Amit Kumar,3146
3147,Cancelled, ,Broker,,11.3,15.45,Downsizing,,Sophia Williams,3147
3148,Neww,Pending, MLS,Yes,6.78,23.92,,Yes,Jason Miller,3148
3149, ,Closed,Broker,No,5.62,10.01,,,Samantha Pierce,3149
3150,Closed,Pend,M L S,No,6.98,26.32,,,Luis Garcia,3150
3151,Accepted Offer,Always Kick,Broker,No,10.18,11.12,Job Transfer,No,Jessica Lin,3151
3152, ,Closed,Internal,No,5.27,27.41,,Yes,Amit Kumar,3152
3153,Accepted Offer,Pend,Broker,,11.74,15.7,,Yes,Priya Sharma,3153
3154,New,Cancel, MLS,No,10.87,23.26,,Yes,Jason Miller,3154
3155,New, ,M.L.S.,,6.18,12.08,Downsizing,No,Samantha Pierce,3155
3156,Accepted Offer, ,Auction.com,,10.1,20.86,Investor Sale,,Samantha Pierce,3156
3157,Cancelled,Null,Broker,Yes,10.14,20.56,Investor Sale,No,Michael Chen,3157
3158, Closed,Available,Opendoor,No,18.04,21.9,Downsizing,No,Michael Chen,3158
3159,Accepted Offer,Pending,Broker,,11.96,13.97,,,David Thompson,3159
3160,Reviewed,Pend,Internal,No,3.12,27.35,Investor Sale,Yes,Sophia Williams,3160
3161,Closed,Available,Broker,,5.76,8.39,Job Transfer,No,Jason Miller,3161
3162,Neww,Kick,Internal,,10.33,25.21,Downsizing,,Sophia Williams,3162
3163,Cancelled,Always Kick,Opendoor,Yes,13.35,18.53,Investor Sale,,Luis Garcia,3163
3164,Cancelled,Cancelled,Auction.com,Yes,15.55,10.06,,,Priya Sharma,3164
3165,Closed,Kick,Internal,Yes,11.71,7.39,Investor Sale,Yes,Luis Garcia,3165
3166,New,Pending,M.L.S.,Yes,8.42,17.62,Job Transfer,No,Jessica Lin,3166
3167,Accepted Offer,Pend,M L S,No,18.5,9.5,Investor Sale,,Amit Kumar,3167
3168,Accepted Offer,Closed, MLS,Yes,12.27,22.15,Investor Sale,Yes,Jessica Lin,3168
3169,Cancelled,Close,Opendoor,,4.43,18.14,Job Transfer,Yes,David Thompson,3169
3170,Null, ,Opendoor,,7.55,5.11,Job Transfer,No,Amit Kumar,3170
3171, ,Null,Broker,Yes,7.99,14.26,,No,Priya Sharma,3171
3172, ,Cancelled, MLS,Yes,18.07,18.93,,No,Samantha Pierce,3172
3173,Accepted Offer,Kick,M.L.S.,No,7.16,27.69,Investor Sale,No,Jessica Lin,3173
3174, Closed, ,Bulk,,12.07,13.67,Downsizing,,Sophia Williams,3174
3175,New,Kick,Bulk,No,16.03,26.71,,No,Michael Chen,3175
3176, ,Closed,M L S,,19.06,6.14,,No,David Thompson,3176
3177,Offered, Close ,M.L.S.,Yes,6.97,21.53,,Yes,Jessica Lin,3177
3178,Accepted Offer,Cancel,M.L.S.,No,18.9,19.7,,,Priya Sharma,3178
3179,Closed,Null,M L S,Yes,15.01,11.68,Job Transfer,,Emily Patel,3179
3180,Reviewed, Close ,Opendoor,,9.0,27.24,Investor Sale,No,Jessica Lin,3180
3181,Neww,Always Kick,M.L.S.,Yes,6.43,10.05,Job Transfer,No,Jason Miller,3181
3182,New, ,M.L.S.,,2.22,22.12,Investor Sale,No,Sophia Williams,3182
3183, Closed,Available,Auction.com,No,16.26,16.38,Downsizing,Yes,David Thompson,3183
3184,Closed,Always Kick,Bulk,,16.09,16.77,Job Transfer,No,Jessica Lin,3184
3185, Closed,Always Kick,Opendoor,,5.79,25.55,Investor Sale,No,Emily Patel,3185
3186,Neww,Kick,Auction.com,,8.9,29.33,Investor Sale,No,Emily Patel,3186
3187,Cancelled, ,M L S,,13.36,11.05,,Yes,Luis Garcia,3187
3188, ,Available, MLS,Yes,16.72,19.93,Downsizing,Yes,Luis Garcia,3188
3189,Null,Pending,Opendoor,,16.37,7.05,Investor Sale,,Priya Sharma,3189
3190,Accepted Offer,Pend,M L S,Yes,16.68,8.46,Downsizing,No,David Thompson,3190
3191,Offered, Close ,Auction.com,,3.11,20.36,,,Samantha Pierce,3191
3192, ,Pend,M L S,Yes,15.56,13.25,,Yes,Amit Kumar,3192
3193,New, Close ,Auction.com,No,18.0,22.05,Job Transfer,Yes,Michael Chen,3193
3194,Accepted Offer, Close , MLS,,18.29,5.05,Investor Sale,,Luis Garcia,3194
3195, ,Pend,Bulk,Yes,2.03,18.29,Downsizing,No,Luis Garcia,3195
3196, Closed,Pend,Broker,Yes,4.77,23.05,Job Transfer,No,Jason Miller,3196
3197,Accepted Offer,Pending,Broker,Yes,17.42,15.19,Investor Sale,Yes,Samantha Pierce,3197
3198,Neww,Close,M.L.S.,No,11.07,24.74,,Yes,David Thompson,3198
3199,Reviewed,Close,Opendoor,,15.93,8.05,,,Priya Sharma,3199
3200,Null,Available,M.L.S.,No,13.48,7.1,Downsizing,,Sophia Williams,3200
3201,Accepted Offer,Close, MLS,No,10.54,23.28,,No,David Thompson,3201
3202,Accepted Offer,Cancelled, MLS,,9.62,11.79,,No,Sophia Williams,3202
3203,Neww, Close ,Internal,No,10.95,9.79,Investor Sale,No,Jason Miller,3203
3204,Accepted Offer,Pending,M.L.S.,,18.41,16.93,Job Transfer,Yes,Luis Garcia,3204
3205,New, Close , MLS,Yes,2.69,15.7,Downsizing,,Sophia Williams,3205
3206,Accepted Offer,Pending,Auction.com,No,15.22,13.63,,Yes,Luis Garcia,3206
3207,Offered,Pending,Auction.com,Yes,5.55,9.58,Downsizing,No,Luis Garcia,3207
3208,Null,Available,M L S,No,19.24,18.95,Job Transfer,,Amit Kumar,3208
3209,Accepted Offer,Pending,Opendoor,No,11.99,17.24,,Yes,Priya Sharma,3209
3210,Offered,Null,Internal,No,15.78,17.42,Job Transfer,No,Luis Garcia,3210
3211,New,Closed,M L S,Yes,10.95,7.5,Downsizing,,Amit Kumar,3211
3212,Null,Pending,M L S,,14.06,6.59,Downsizing,Yes,Emily Patel,3212
3213, , Close ,Auction.com,Yes,2.61,5.21,Job Transfer,No,Sophia Williams,3213
3214,Null,Cancelled, MLS,No,8.68,12.52,Downsizing,Yes,Samantha Pierce,3214
3215,Reviewed,Always Kick,Bulk,,10.7,13.42,Job Transfer,Yes,Jason Miller,3215
3216,Cancelled,Kick,Opendoor,Yes,14.93,21.41,Investor Sale,,Luis Garcia,3216
3217,Offered,Cancelled,Opendoor,No,8.52,18.1,,,Jason Miller,3217
3218,Offered,Kick,Auction.com,Yes,13.02,12.16,Downsizing,,Jessica Lin,3218
3219,New, Close ,Auction.com,,7.26,8.19,,Yes,David Thompson,3219
3220,Cancelled, ,Internal,No,18.1,5.18,Investor Sale,,Priya Sharma,3220
3221,Cancelled,Always Kick,Opendoor,No,10.11,10.15,Investor Sale,No,Sophia Williams,3221
3222,Neww,Closed,Internal,,14.03,19.74,Downsizing,No,Priya Sharma,3222
3223,Null, ,Auction.com,Yes,5.77,23.96,Downsizing,,David Thompson,3223
3224,Reviewed,Pend,Opendoor,Yes,19.42,20.55,,No,Luis Garcia,3224
3225,Offered,Null,Auction.com,Yes,14.66,16.96,,,Michael Chen,3225
3226,Offered,Cancelled,Opendoor,,6.57,9.34,Downsizing,Yes,Jessica Lin,3226
3227,Reviewed,Closed,M L S,Yes,5.57,18.33,Job Transfer,Yes,Luis Garcia,3227
3228,Offered,Always Kick,Opendoor,Yes,2.2,23.53,,,Amit Kumar,3228
3229,Closed, Close ,M.L.S.,No,9.24,5.61,Investor Sale,No,Samantha Pierce,3229
3230, ,Kick, MLS,No,15.43,9.0,Investor Sale,No,Luis Garcia,3230
3231,New,Pending,Opendoor,No,18.07,23.23,Investor Sale,,Sophia Williams,3231
3232,Accepted Offer,Cancelled,Opendoor,,13.15,27.54,Investor Sale,No,Sophia Williams,3232
3233,Neww,Always Kick,M L S,,19.6,13.94,Downsizing,Yes,Sophia Williams,3233
3234,Null,Null,M.L.S.,Yes,19.09,18.65,Investor Sale,Yes,Luis Garcia,3234
3235,New,Pending,Auction.com,Yes,3.58,17.48,Investor Sale,Yes,Sophia Williams,3235
3236,New,Cancelled,Auction.com,,5.39,10.67,Job Transfer,No,Priya Sharma,3236
3237,Closed,Cancel,Internal,Yes,5.3,20.15,Job Transfer,Yes,Luis Garcia,3237
3238,Reviewed, ,Auction.com,No,15.36,14.57,,No,Jason Miller,3238
3239,Reviewed,Closed, MLS,Yes,10.95,9.14,Investor Sale,,Jason Miller,3239
3240,Accepted Offer, ,M.L.S.,,5.27,15.15,,No,Jason Miller,3240
3241,Closed,Closed,Broker,No,9.06,28.89,Downsizing,,Luis Garcia,3241
3242,Null,Cancel,Bulk,,3.92,15.55,Job Transfer,Yes,Jessica Lin,3242
3243,Null,Pend,M.L.S.,,18.93,16.58,Job Transfer,Yes,Luis Garcia,3243
3244,New, ,Auction.com,,9.34,18.59,,No,Jason Miller,3244
3245, Closed,Cancel,M.L.S.,Yes,10.55,7.92,Job Transfer,,Amit Kumar,3245
3246,Cancelled,Closed,Auction.com,,14.87,26.73,,,Luis Garcia,3246
3247,Closed,Pending,M.L.S.,,5.54,10.83,Downsizing,No,Jason Miller,3247
3248,Offered,Null,M.L.S.,No,17.95,9.4,Investor Sale,No,Emily Patel,3248
3249,Reviewed,Pend,M L S,Yes,4.28,8.87,,Yes,Amit Kumar,3249
3250,Neww,Always Kick,M L S,No,19.38,15.24,Investor Sale,,Samantha Pierce,3250
3251,Neww,Closed,Bulk,Yes,5.09,27.78,,,David Thompson,3251
3252, Closed,Pending,Bulk,,17.69,19.85,Investor Sale,,Luis Garcia,3252
3253, ,Close,Bulk,Yes,12.74,28.61,Downsizing,No,David Thompson,3253
3254, Closed,Pending,M.L.S.,No,3.99,20.69,Job Transfer,Yes,Emily Patel,3254
3255,Neww,Pend,Auction.com,Yes,14.84,7.89,,Yes,Jessica Lin,3255
3256,Neww, ,Auction.com,Yes,11.36,6.17,Downsizing,,Sophia Williams,3256
3257,Cancelled,Close,M.L.S.,,6.5,17.37,Investor Sale,,Sophia Williams,3257
3258,Reviewed,Cancel,Bulk,Yes,18.19,13.35,Job Transfer,Yes,Amit Kumar,3258
3259,Reviewed, ,M L S,,3.55,14.51,Job Transfer,,Jason Miller,3259
3260, ,Kick,M L S,,4.7,13.04,Investor Sale,,Priya Sharma,3260
3261,Offered, ,Auction.com,Yes,4.79,21.37,Downsizing,Yes,David Thompson,3261
3262, ,Close,Broker,No,7.11,17.6,Investor Sale,No,Jessica Lin,3262
3263,New, Close ,Internal,,9.66,10.26,Job Transfer,Yes,Michael Chen,3263
3264,Cancelled,Kick,Bulk,No,17.55,16.18,Downsizing,No,David Thompson,3264
3265,Null,Always Kick,M.L.S.,No,9.0,6.12,Downsizing,,Emily Patel,3265
3266,Cancelled,Close,Internal,,19.14,21.33,Job Transfer,Yes,Jason Miller,3266
3267, ,Pending, MLS,No,8.3,11.69,Investor Sale,No,David Thompson,3267
3268,Null,Available,M.L.S.,No,19.72,16.29,,,Jessica Lin,3268
3269,Neww, Close ,M L S,,2.85,15.14,,No,Samantha Pierce,3269
3270,Cancelled,Pending, MLS,,17.42,6.64,Investor Sale,No,Michael Chen,3270
3271,Null,Closed,Opendoor,,6.54,19.1,Downsizing,,Michael Chen,3271
3272, ,Always Kick,M.L.S.,Yes,8.41,13.83,Downsizing,Yes,Amit Kumar,3272
3273,Null, ,Broker,Yes,8.48,28.43,Investor Sale,,Emily Patel,3273
3274,Reviewed,Available,Auction.com,,18.34,23.13,Job Transfer,No,Luis Garcia,3274
3275,Offered,Cancel,Internal,No,2.63,23.82,Job Transfer,,David Thompson,3275
3276, Closed,Closed,M L S,Yes,3.01,22.96,Downsizing,Yes,Jason Miller,3276
3277, Closed,Null,Internal,No,15.92,7.2,Investor Sale,Yes,Amit Kumar,3277
3278,Null,Closed,Broker,,5.81,18.7,Investor Sale,,Jason Miller,3278
3279, ,Cancel,M L S,Yes,17.76,19.85,Downsizing,,Amit Kumar,3279
3280,Closed,Always Kick,Auction.com,Yes,14.5,24.84,Downsizing,,Luis Garcia,3280
3281, Closed,Available,Broker,Yes,14.9,20.61,Job Transfer,Yes,Michael Chen,3281
3282, Closed,Close,Opendoor,No,8.47,15.45,,No,Priya Sharma,3282
3283,Neww,Pending,Internal,Yes,17.34,26.02,Downsizing,,Emily Patel,3283
3284,Null,Always Kick,Bulk,Yes,8.04,13.51,Downsizing,Yes,Michael Chen,3284
3285,Neww,Pend,Opendoor,No,6.68,7.37,Investor Sale,Yes,Samantha Pierce,3285
3286, , Close ,M.L.S.,No,8.34,19.81,Job Transfer,No,Amit Kumar,3286
3287,Closed,Null,M.L.S.,Yes,10.88,13.39,Downsizing,Yes,Priya Sharma,3287
3288, Closed,Cancel,M.L.S.,,6.94,5.66,Downsizing,No,Samantha Pierce,3288
3289,Reviewed, ,Broker,Yes,16.83,16.04,Job Transfer,Yes,Jessica Lin,3289
3290,Closed, , MLS,Yes,19.33,18.87,,Yes,Luis Garcia,3290
3291,Accepted Offer,Cancel,Opendoor,,7.7,19.21,Downsizing,No,Luis Garcia,3291
3292,Neww,Cancelled, MLS,No,18.81,6.22,Downsizing,No,Jason Miller,3292
3293,Null,Kick,Internal,No,8.58,22.44,Job Transfer,,Jason Miller,3293
3294,New,Pend,Internal,,6.43,19.23,Job Transfer,,Jessica Lin,3294
3295,Null,Pend,M L S,No,8.24,19.91,Downsizing,,Emily Patel,3295
3296, Closed,Null,M.L.S.,Yes,12.54,20.97,Downsizing,,Jessica Lin,3296
3297,Closed,Cancelled,Auction.com,Yes,16.22,13.49,,No,Sophia Williams,3297
3298, Closed,Available,Auction.com,Yes,11.11,8.43,,Yes,Michael Chen,3298
3299, Closed,Pending, MLS,No,4.24,27.73,Downsizing,,Emily Patel,3299
3300,Accepted Offer,Cancelled,Internal,No,9.65,27.2,Downsizing,Yes,Michael Chen,3300
3301,Closed,Null, MLS,Yes,19.87,26.13,,,Jason Miller,3301
3302,Neww,Pending,Auction.com,,7.92,10.94,Investor Sale,No,Michael Chen,3302
3303,Accepted Offer,Always Kick,Opendoor,No,2.55,7.72,Investor Sale,Yes,Priya Sharma,3303
3304,Cancelled,Always Kick,Bulk,No,6.19,11.99,Downsizing,Yes,Michael Chen,3304
3305,Reviewed, ,Auction.com,,7.62,28.26,Downsizing,No,Priya Sharma,3305
3306, Closed,Null,Internal,No,6.53,7.73,,,David Thompson,3306
3307,Closed,Pending,M.L.S.,No,19.76,27.04,Downsizing,,Jessica Lin,3307
3308,Cancelled,Null, MLS,,17.13,6.86,Job Transfer,No,Jason Miller,3308
3309,Null,Cancel,Bulk,,6.48,11.27,Downsizing,No,Jason Miller,3309
3310,Closed,Cancelled,M.L.S.,No,9.58,18.7,,,David Thompson,3310
3311,Reviewed,Cancelled,M L S,No,14.35,28.68,,,Priya Sharma,3311
3312,Cancelled, ,Broker,Yes,6.08,26.81,Job Transfer,No,Jessica Lin,3312
3313, Closed,Null,Broker,,18.32,10.98,Downsizing,No,Emily Patel,3313
3314, Closed,Cancel,Auction.com,No,11.59,11.19,,No,Emily Patel,3314
3315,Closed,Pending,Opendoor,,3.37,20.07,,Yes,Samantha Pierce,3315
3316,Cancelled, Close ,M L S,No,8.57,23.42,,,Michael Chen,3316
3317,Reviewed,Closed,Bulk,No,4.95,13.21,Job Transfer,,Michael Chen,3317
3318,New,Null,Internal,,8.55,12.26,Downsizing,Yes,Amit Kumar,3318
3319, Closed,Kick,Internal,,6.57,23.75,Job Transfer,Yes,Amit Kumar,3319
3320,Null,Available, MLS,No,7.95,9.37,Investor Sale,,Jason Miller,3320
3321,Closed, ,M L S,No,18.37,28.87,Investor Sale,,Michael Chen,3321
3322, Closed,Always Kick,M.L.S.,No,9.08,26.4,Downsizing,,Samantha Pierce,3322
3323,Reviewed, ,M L S,,9.57,23.29,,No,Samantha Pierce,3323
3324,Neww,Cancel,Auction.com,No,18.9,20.3,Job Transfer,,Jessica Lin,3324
3325,Neww,Always Kick,Bulk,No,18.65,22.9,Investor Sale,No,Michael Chen,3325
3326, ,Null,Auction.com,Yes,3.99,8.13,Investor Sale,Yes,Michael Chen,3326
3327,Reviewed,Close, MLS,Yes,6.27,5.03,Investor Sale,Yes,David Thompson,3327
3328,New, , MLS,Yes,14.96,29.89,Investor Sale,No,Amit Kumar,3328
3329,Neww, Close , MLS,No,6.31,8.04,Investor Sale,,Priya Sharma,3329
3330,Closed,Cancelled,Auction.com,,16.49,5.0,Investor Sale,,Sophia Williams,3330
3331,Null,Kick,Internal,No,2.75,15.13,,,Jason Miller,3331
3332,Reviewed,Pend,M.L.S.,No,4.18,24.0,Downsizing,Yes,Michael Chen,3332
3333,Closed,Pend,Internal,No,13.05,27.97,Investor Sale,,Luis Garcia,3333
3334, Closed,Cancel,M L S,,10.82,17.24,Downsizing,,Michael Chen,3334
3335, Closed,Kick,M.L.S.,,17.92,6.93,Downsizing,Yes,Samantha Pierce,3335
3336, ,Kick,M L S,No,13.25,24.02,Job Transfer,No,Sophia Williams,3336
3337,Offered,Always Kick,Broker,No,12.75,10.65,Investor Sale,Yes,David Thompson,3337
3338,Accepted Offer,Kick,M.L.S.,Yes,12.13,5.8,Downsizing,No,Samantha Pierce,3338
3339,Accepted Offer,Cancel,Broker,,8.4,20.84,,No,Jason Miller,3339
3340,Neww,Cancel,Auction.com,No,16.27,27.28,,Yes,Priya Sharma,3340
3341,Closed,Close,Internal,No,15.99,24.36,,,Luis Garcia,3341
3342, Closed,Pending,Broker,No,6.58,15.79,Investor Sale,No,Samantha Pierce,3342
3343,New,Always Kick, MLS,No,15.91,22.23,Downsizing,No,Priya Sharma,3343
3344,Accepted Offer,Close, MLS,No,4.74,29.78,Investor Sale,Yes,Priya Sharma,3344
3345,New,Pend,Bulk,,13.03,23.57,Investor Sale,,Michael Chen,3345
3346, ,Close, MLS,No,17.57,22.42,Downsizing,Yes,Priya Sharma,3346
3347,Cancelled, ,Bulk,No,10.97,7.02,Downsizing,,Sophia Williams,3347
3348, Closed,Always Kick,Opendoor,No,3.06,5.32,Investor Sale,No,Jessica Lin,3348
3349,Cancelled,Cancel,M L S,,7.08,5.75,Job Transfer,Yes,Jason Miller,3349
3350,Neww,Always Kick,M.L.S.,,19.8,25.28,Job Transfer,Yes,Sophia Williams,3350
3351,New,Null,M L S,No,5.94,24.63,Investor Sale,,Samantha Pierce,3351
3352,New,Cancelled,Bulk,No,5.26,24.59,Investor Sale,,David Thompson,3352
3353, Closed, ,Auction.com,Yes,13.19,26.08,,No,Jason Miller,3353
3354,Closed,Available,Opendoor,No,8.44,16.75,Downsizing,No,Luis Garcia,3354
3355,Neww,Available,Bulk,,10.14,23.52,Downsizing,,Jessica Lin,3355
3356,Null,Available,Broker,,18.63,8.52,,,David Thompson,3356
3357, ,Cancel,Internal,Yes,7.13,26.11,Investor Sale,Yes,Sophia Williams,3357
3358,Accepted Offer,Cancelled,Broker,No,2.98,15.48,,,Jason Miller,3358
3359,Neww, ,Bulk,Yes,4.08,22.62,Investor Sale,No,David Thompson,3359
3360,Closed,Close,Bulk,Yes,6.38,25.78,,,Jason Miller,3360
3361,Cancelled,Null,M.L.S.,No,19.48,7.92,Investor Sale,,Luis Garcia,3361
3362,Cancelled,Cancel, MLS,No,3.33,26.8,,Yes,Emily Patel,3362
3363,New,Cancel,Auction.com,Yes,4.0,5.82,Job Transfer,No,David Thompson,3363
3364,Accepted Offer,Available,Internal,Yes,8.45,22.13,Downsizing,No,Jason Miller,3364
3365,Neww,Pend, MLS,Yes,11.68,24.53,,Yes,Emily Patel,3365
3366,Accepted Offer,Kick,Bulk,Yes,5.75,25.95,Job Transfer,No,Jason Miller,3366
3367,New,Available,Broker,,18.3,8.04,Job Transfer,Yes,Priya Sharma,3367
3368,Accepted Offer,Closed,M.L.S.,Yes,9.14,21.51,Job Transfer,,Priya Sharma,3368
3369,Cancelled,Pend,Opendoor,No,10.8,8.26,Downsizing,,Michael Chen,3369
3370,Reviewed,Pending,Bulk,,7.91,5.49,,No,Michael Chen,3370
3371, ,Cancelled,Internal,Yes,5.0,18.58,Job Transfer,No,Michael Chen,3371
3372,Cancelled,Pending,Opendoor,,9.18,11.11,,,Emily Patel,3372
3373, Closed,Pend,M.L.S.,No,18.34,6.95,Job Transfer,Yes,Sophia Williams,3373
3374, Closed,Close, MLS,,19.6,15.36,Downsizing,No,Jessica Lin,3374
3375,Neww,Close, MLS,,8.44,25.88,,Yes,Amit Kumar,3375
3376,Reviewed,Always Kick, MLS,Yes,4.8,26.17,,Yes,Michael Chen,3376
3377, Closed,Kick,Bulk,,11.28,8.3,,,Jessica Lin,3377
3378,Closed,Null, MLS,Yes,13.12,12.14,,,Luis Garcia,3378
3379,Null,Always Kick,Auction.com,No,3.31,12.82,Investor Sale,Yes,Michael Chen,3379
3380, Closed,Close,Broker,No,11.55,10.9,Downsizing,,Luis Garcia,3380
3381,Cancelled, Close ,Bulk,Yes,2.75,19.34,,,David Thompson,3381
3382,Reviewed, Close ,M.L.S.,No,15.43,20.6,,Yes,Michael Chen,3382
3383,Neww,Always Kick, MLS,Yes,18.51,29.4,,Yes,David Thompson,3383
3384, Closed,Cancel,M.L.S.,Yes,7.14,10.05,Investor Sale,No,Michael Chen,3384
3385,Accepted Offer, ,M.L.S.,Yes,16.71,28.64,Job Transfer,,Priya Sharma,3385
3386,Cancelled,Kick,Opendoor,Yes,16.82,17.8,Downsizing,No,Emily Patel,3386
3387,Closed,Kick,M.L.S.,,15.28,6.06,Job Transfer,,Jason Miller,3387
3388,Null,Null,Bulk,Yes,7.25,16.65,Investor Sale,Yes,Michael Chen,3388
3389,Offered,Pend,M.L.S.,No,15.15,21.75,Investor Sale,No,Sophia Williams,3389
3390,Null,Always Kick,Broker,,5.45,28.64,Job Transfer,,Emily Patel,3390
3391,Accepted Offer, ,M.L.S.,No,3.18,13.46,Investor Sale,,Emily Patel,3391
3392, ,Null,M.L.S.,No,9.71,5.95,Downsizing,No,David Thompson,3392
3393,Accepted Offer, , MLS,,12.72,10.48,Downsizing,Yes,Emily Patel,3393
3394,Reviewed, Close ,Opendoor,No,19.93,16.16,Downsizing,,Michael Chen,3394
3395,Closed,Pending,Opendoor,No,14.99,27.71,Investor Sale,Yes,Samantha Pierce,3395
3396,Accepted Offer,Pending,Internal,Yes,16.08,8.88,Job Transfer,No,Jason Miller,3396
3397,New,Pend,Auction.com,No,4.82,5.18,Job Transfer,Yes,Priya Sharma,3397
3398,Offered,Null,Opendoor,,13.73,5.99,Job Transfer,,Sophia Williams,3398
3399,Null,Pend,Broker,Yes,18.43,28.95,Investor Sale,Yes,Samantha Pierce,3399
3400,Neww,Cancel,Internal,Yes,16.05,7.35,Job Transfer,,David Thompson,3400
3401,Null,Kick,Opendoor,No,19.52,16.91,Investor Sale,Yes,Priya Sharma,3401
3402,Closed,Pending,Bulk,Yes,4.86,17.13,Downsizing,Yes,David Thompson,3402
3403,New,Pending,Internal,,18.22,27.25,Job Transfer,No,Luis Garcia,3403
3404,Closed,Null,Internal,,7.24,6.82,Downsizing,,David Thompson,3404
3405,Cancelled,Cancelled,Internal,,9.05,28.29,Job Transfer,,Jessica Lin,3405
3406,New,Available,Broker,No,5.66,17.56,Job Transfer,,Emily Patel,3406
3407, Closed,Null,Internal,Yes,15.29,28.88,Investor Sale,Yes,Jason Miller,3407
3408, Closed,Pend,Internal,Yes,2.47,15.53,Downsizing,Yes,Amit Kumar,3408
3409, Closed,Closed,M.L.S.,Yes,13.75,15.52,Investor Sale,No,David Thompson,3409
3410,Cancelled,Kick,Opendoor,Yes,18.24,6.61,Job Transfer,,Sophia Williams,3410
3411,New,Null, MLS,No,16.16,14.72,Investor Sale,Yes,Samantha Pierce,3411
3412,Closed,Always Kick,Internal,No,19.49,16.92,Downsizing,,Jason Miller,3412
3413,Accepted Offer,Pend,Auction.com,No,14.37,14.71,Investor Sale,,Sophia Williams,3413
3414,Offered,Cancel, MLS,,8.82,17.88,,,Michael Chen,3414
3415,Offered,Close,Broker,Yes,10.38,7.06,Downsizing,Yes,Amit Kumar,3415
3416,New,Close,Broker,Yes,15.49,26.69,,No,Jason Miller,3416
3417,Neww,Always Kick, MLS,No,17.17,29.05,Downsizing,Yes,Priya Sharma,3417
3418,Cancelled,Closed,M.L.S.,Yes,8.7,10.4,,Yes,Priya Sharma,3418
3419,Accepted Offer, Close ,Internal,No,11.72,8.78,,No,Emily Patel,3419
3420,Neww,Available,Broker,,8.49,20.65,Job Transfer,,Amit Kumar,3420
3421,Null,Close,Opendoor,No,6.65,9.19,Downsizing,,David Thompson,3421
3422,Accepted Offer, ,Internal,No,8.04,10.83,Investor Sale,,Jessica Lin,3422
3423,Neww,Cancelled,Internal,Yes,8.52,8.88,Downsizing,,Emily Patel,3423
3424,Neww,Pending,M.L.S.,No,11.26,14.21,,Yes,Amit Kumar,3424
3425,Closed,Available,Bulk,Yes,16.9,20.61,Investor Sale,,Michael Chen,3425
3426, Closed,Null,Opendoor,No,15.88,29.8,Job Transfer,,David Thompson,3426
3427,Reviewed,Available,Internal,,18.56,28.95,Job Transfer,,Emily Patel,3427
3428,Cancelled,Cancelled,Opendoor,No,7.66,17.36,Job Transfer,,Sophia Williams,3428
3429,Closed,Closed,M L S,Yes,5.18,26.65,Downsizing,No,Michael Chen,3429
3430,New,Closed, MLS,No,6.44,5.7,Job Transfer,No,Jessica Lin,3430
3431,Reviewed,Pending,M.L.S.,No,13.77,26.66,,,Luis Garcia,3431
3432, Closed,Close, MLS,No,9.39,22.29,Investor Sale,,Priya Sharma,3432
3433,New,Available,Bulk,Yes,3.1,24.31,Downsizing,Yes,Jessica Lin,3433
3434,Reviewed,Always Kick,M L S,No,13.76,21.03,,No,Amit Kumar,3434
3435, , Close , MLS,,12.74,22.18,Investor Sale,Yes,Jason Miller,3435
3436,Neww,Close,Broker,Yes,7.98,10.24,Job Transfer,,Luis Garcia,3436
3437,Null, Close ,Broker,Yes,16.98,5.72,,,Samantha Pierce,3437
3438,Null,Always Kick,Opendoor,Yes,4.74,24.91,Job Transfer,,Emily Patel,3438
3439,Reviewed,Kick,M.L.S.,,2.65,26.03,Downsizing,Yes,Luis Garcia,3439
3440, ,Cancel,Broker,,14.57,25.89,Job Transfer,,Sophia Williams,3440
3441,Offered,Available,Broker,Yes,18.08,18.69,Investor Sale,No,Samantha Pierce,3441
3442,Neww,Pend,Bulk,Yes,19.33,21.3,Investor Sale,Yes,Amit Kumar,3442
3443,Null,Closed,Auction.com,Yes,15.85,11.79,Job Transfer,Yes,Amit Kumar,3443
3444,Neww,Always Kick,Internal,Yes,4.56,19.34,Job Transfer,Yes,Luis Garcia,3444
3445,Neww,Always Kick,M L S,,18.54,7.33,Downsizing,,Luis Garcia,3445
3446,Neww,Pend,Opendoor,,14.35,26.97,Investor Sale,No,Michael Chen,3446
3447,Closed,Available,M L S,,15.23,17.65,,,Priya Sharma,3447
3448,Neww, ,M.L.S.,,17.31,28.42,,Yes,Sophia Williams,3448
3449, Closed, Close ,Bulk,No,10.89,19.57,Downsizing,No,Jason Miller,3449
3450,Offered,Available,Opendoor,No,5.62,8.46,,No,David Thompson,3450
3451,Cancelled,Always Kick,Auction.com,,4.53,26.33,Job Transfer,No,Michael Chen,3451
3452,Cancelled,Pending,Opendoor,No,11.56,11.96,Investor Sale,No,Amit Kumar,3452
3453,Cancelled,Closed,Auction.com,Yes,9.99,7.35,,No,Priya Sharma,3453
3454, ,Null,M L S,Yes,13.94,7.58,Investor Sale,No,Luis Garcia,3454
3455, Closed,Close,Auction.com,,2.32,29.91,Job Transfer,No,Luis Garcia,3455
3456,Closed,Available,M.L.S.,,7.03,8.76,Downsizing,,Jason Miller,3456
3457,Null,Pending,M.L.S.,,7.0,18.66,Downsizing,No,Emily Patel,3457
3458,New,Closed,M.L.S.,No,10.8,7.15,Investor Sale,Yes,Samantha Pierce,3458
3459,Neww,Kick,Auction.com,No,12.17,19.35,,No,Jessica Lin,3459
3460,Accepted Offer,Pend,Internal,No,9.11,17.31,Downsizing,Yes,Jason Miller,3460
3461,New,Pend,M L S,No,7.94,26.26,Job Transfer,,Emily Patel,3461
3462,Offered, Close , MLS,,10.08,10.64,,,Amit Kumar,3462
3463, ,Cancel, MLS,Yes,10.23,19.28,Downsizing,Yes,Emily Patel,3463
3464,Accepted Offer,Cancel,Internal,No,17.34,20.75,Job Transfer,No,David Thompson,3464
3465,Offered,Kick,Auction.com,,7.04,14.53,Job Transfer,No,Michael Chen,3465
3466,Cancelled, Close ,Bulk,Yes,5.61,24.83,Job Transfer,No,Samantha Pierce,3466
3467, Closed,Close,M L S,Yes,3.56,19.86,Investor Sale,Yes,Priya Sharma,3467
3468,Offered,Cancelled,Bulk,No,19.61,19.34,Investor Sale,,Emily Patel,3468
3469,Closed,Cancelled,M L S,No,13.96,26.72,,,Michael Chen,3469
3470, ,Pend,Bulk,No,6.69,16.69,Investor Sale,No,Luis Garcia,3470
3471,Cancelled,Pending, MLS,Yes,10.68,28.79,Job Transfer,,Emily Patel,3471
3472, ,Close,Internal,Yes,2.94,11.4,Downsizing,No,Priya Sharma,3472
3473,Null,Closed,Internal,,16.39,21.84,,,Priya Sharma,3473
3474,Null,Cancel,Bulk,No,2.07,19.18,,Yes,Jason Miller,3474
3475,New,Pending, MLS,Yes,18.44,19.11,Downsizing,,Amit Kumar,3475
3476, Closed,Always Kick,Broker,,7.19,28.61,,Yes,Jessica Lin,3476
3477, Closed,Closed,Broker,No,10.34,23.81,Job Transfer,Yes,Jessica Lin,3477
3478, Closed,Null,Opendoor,,13.34,19.55,,Yes,Samantha Pierce,3478
3479,Offered,Closed, MLS,,13.93,24.36,Investor Sale,Yes,Emily Patel,3479
3480,Reviewed,Cancel,Auction.com,Yes,10.45,10.51,Investor Sale,,Amit Kumar,3480
3481,Null,Kick,M.L.S.,Yes,18.22,21.25,Downsizing,Yes,Jessica Lin,3481
3482, , ,Broker,No,15.53,27.43,Downsizing,,Jessica Lin,3482
3483,Closed,Cancelled,Bulk,No,14.49,18.47,Downsizing,No,Samantha Pierce,3483
3484,Offered, Close ,M.L.S.,,11.14,19.65,,No,Samantha Pierce,3484
3485,New,Always Kick,Auction.com,No,2.07,28.47,Downsizing,,Priya Sharma,3485
3486,Offered,Always Kick, MLS,,16.52,23.09,Job Transfer,Yes,Emily Patel,3486
3487,New,Closed,Internal,,18.72,23.45,Job Transfer,Yes,Jason Miller,3487
3488,New,Null,Auction.com,,5.95,16.95,Job Transfer,,Jessica Lin,3488
3489,Cancelled, Close ,Internal,Yes,15.73,13.25,Downsizing,No,Luis Garcia,3489
3490,Reviewed,Kick, MLS,Yes,13.75,5.96,Investor Sale,,Luis Garcia,3490
3491,Neww,Always Kick,Broker,,6.15,10.88,Job Transfer,Yes,Samantha Pierce,3491
3492,New,Pend, MLS,,14.42,16.61,Investor Sale,No,Jason Miller,3492
3493, , Close ,Bulk,No,12.78,26.8,,Yes,Jason Miller,3493
3494, Closed,Available,Internal,,17.46,5.65,Investor Sale,No,David Thompson,3494
3495, Closed,Available,Broker,Yes,7.26,11.99,Investor Sale,Yes,Jessica Lin,3495
3496,New,Pending,M L S,,7.71,8.54,Downsizing,Yes,Amit Kumar,3496
3497,New,Close,Opendoor,No,11.88,10.75,Job Transfer,No,Samantha Pierce,3497
3498,Neww,Closed,Auction.com,Yes,13.74,16.1,Investor Sale,,Samantha Pierce,3498
3499,Null,Always Kick,Broker,,7.73,11.56,Investor Sale,No,Sophia Williams,3499
3500, , Close ,Broker,No,9.12,5.65,Downsizing,,Amit Kumar,3500
3501,Closed,Cancelled,Auction.com,Yes,8.1,6.78,,,Emily Patel,3501
3502,New,Available,Auction.com,,2.09,18.4,Job Transfer,,Luis Garcia,3502
3503,Accepted Offer,Available, MLS,Yes,4.14,27.51,,No,David Thompson,3503
3504,Reviewed,Closed,Bulk,Yes,6.61,26.67,Investor Sale,Yes,Luis Garcia,3504
3505, Closed,Always Kick, MLS,,7.38,16.56,Job Transfer,Yes,Jessica Lin,3505
3506,Closed,Cancelled,Bulk,Yes,15.95,12.94,,,Amit Kumar,3506
3507,Offered,Kick,Bulk,,14.64,19.8,Job Transfer,No,Jason Miller,3507
3508,Neww,Cancel,M L S,Yes,18.25,10.68,Job Transfer,Yes,Jason Miller,3508
3509,Cancelled,Closed,Opendoor,Yes,5.13,12.3,Downsizing,Yes,Michael Chen,3509
3510,Reviewed,Cancelled,Bulk,Yes,16.49,8.57,,,Jason Miller,3510
3511,Accepted Offer,Cancel,Auction.com,Yes,7.85,16.01,,Yes,Priya Sharma,3511
3512,Neww,Cancelled,M.L.S.,No,15.02,14.36,Downsizing,No,Luis Garcia,3512
3513,Accepted Offer,Pend,M.L.S.,No,8.1,24.63,Downsizing,Yes,Jessica Lin,3513
3514,Cancelled,Pend,Broker,Yes,7.39,15.75,,Yes,Sophia Williams,3514
3515,Closed,Always Kick,Broker,Yes,3.48,10.43,,Yes,Samantha Pierce,3515
3516, Closed,Cancelled,Internal,,6.33,12.62,Job Transfer,No,Jason Miller,3516
3517, ,Kick,M.L.S.,No,14.32,15.26,,,Amit Kumar,3517
3518, Closed,Pending,M.L.S.,No,8.59,29.62,Investor Sale,Yes,Jason Miller,3518
3519,Accepted Offer,Available,Internal,Yes,17.84,5.85,Investor Sale,Yes,Amit Kumar,3519
3520, ,Null,Internal,Yes,9.85,18.07,Investor Sale,,Amit Kumar,3520
3521,Cancelled,Closed,Opendoor,,6.24,26.1,Downsizing,No,Samantha Pierce,3521
3522,Null,Closed,Auction.com,No,7.58,26.91,Downsizing,No,Jessica Lin,3522
3523, Closed,Close, MLS,,10.16,29.72,Investor Sale,Yes,Samantha Pierce,3523
3524,Null,Closed,Broker,No,6.07,16.85,Investor Sale,,Priya Sharma,3524
3525,Neww,Cancel, MLS,,13.88,9.3,Job Transfer,No,Michael Chen,3525
3526,Cancelled,Cancelled,Auction.com,Yes,6.79,8.81,Job Transfer,No,Jason Miller,3526
3527,Reviewed,Null, MLS,No,16.58,14.3,Job Transfer,Yes,Michael Chen,3527
3528,New,Always Kick,M.L.S.,No,19.63,8.68,,,Luis Garcia,3528
3529,New,Close,M L S,No,16.21,28.37,,No,Luis Garcia,3529
3530,Offered,Cancel,M L S,Yes,7.53,24.56,Downsizing,Yes,Samantha Pierce,3530
3531,Reviewed,Pend,Opendoor,Yes,12.51,27.65,Downsizing,No,Amit Kumar,3531
3532, ,Always Kick,Auction.com,No,6.51,16.07,Job Transfer,No,Sophia Williams,3532
3533,Closed,Null,Broker,,8.86,28.98,,No,Samantha Pierce,3533
3534, ,Kick, MLS,Yes,3.19,11.13,Investor Sale,,Luis Garcia,3534
3535, Closed,Always Kick,M.L.S.,Yes,12.47,16.74,,Yes,Sophia Williams,3535
3536,Reviewed,Available,Auction.com,No,11.82,20.74,Downsizing,No,Amit Kumar,3536
3537,Reviewed,Available,Broker,,19.76,26.46,,,Michael Chen,3537
3538, , ,M.L.S.,Yes,4.06,7.64,Investor Sale,Yes,Amit Kumar,3538
3539, Closed,Pend,Auction.com,Yes,2.67,23.72,,,Amit Kumar,3539
3540,Neww,Pend,Internal,Yes,4.77,24.81,Downsizing,,Amit Kumar,3540
3541,Cancelled,Closed,Bulk,No,17.27,7.11,Job Transfer,Yes,David Thompson,3541
3542,Cancelled,Pend,M L S,Yes,13.15,17.4,Job Transfer,No,Sophia Williams,3542
3543,Neww,Cancel,Auction.com,,12.26,11.99,Job Transfer,,Priya Sharma,3543
3544,New,Closed,M.L.S.,Yes,19.84,16.02,,No,David Thompson,3544
3545, Closed, Close ,M L S,No,17.97,29.14,Investor Sale,No,Samantha Pierce,3545
3546,Neww,Null,M L S,No,5.77,24.92,,Yes,Samantha Pierce,3546
3547,Null,Pend,M.L.S.,Yes,16.0,23.69,Investor Sale,Yes,Jessica Lin,3547
3548, ,Available,M L S,No,2.94,29.48,Job Transfer,Yes,Luis Garcia,3548
3549,Offered,Cancelled, MLS,Yes,15.25,24.07,,No,Priya Sharma,3549
3550,New,Cancel, MLS,,9.38,27.49,Job Transfer,Yes,Sophia Williams,3550
3551,Offered, Close ,Broker,Yes,19.55,9.76,Investor Sale,Yes,Luis Garcia,3551
3552, Closed,Cancel,Opendoor,Yes,11.3,8.44,Investor Sale,No,Jessica Lin,3552
3553, Closed,Cancel,Broker,No,9.27,11.57,Investor Sale,Yes,David Thompson,3553
3554,Reviewed,Cancelled,Internal,No,19.25,15.04,,Yes,David Thompson,3554
3555, Closed,Close,Broker,No,13.55,29.1,Investor Sale,No,Jessica Lin,3555
3556,Closed,Pending,Internal,,2.11,21.39,Job Transfer,,Emily Patel,3556
3557, , Close ,Internal,No,2.26,5.6,Downsizing,Yes,Luis Garcia,3557
3558,Closed,Kick,Internal,No,13.09,18.02,,Yes,David Thompson,3558
3559,New,Always Kick,Internal,Yes,17.14,24.01,Investor Sale,Yes,Jason Miller,3559
3560,Null,Pending,Internal,No,5.98,22.13,Downsizing,Yes,Jason Miller,3560
3561,New,Pending,Broker,,12.6,23.1,Downsizing,,Jason Miller,3561
3562,Null,Pending,Internal,,7.73,8.65,Investor Sale,Yes,Samantha Pierce,3562
3563,Neww,Pending,M L S,,10.41,13.33,Downsizing,Yes,Priya Sharma,3563
3564,Null, ,Internal,,13.08,10.71,Downsizing,No,Michael Chen,3564
3565,Null, ,M.L.S.,,3.93,26.98,Investor Sale,No,Sophia Williams,3565
3566, Closed, ,Broker,Yes,11.88,22.37,Downsizing,No,Jessica Lin,3566
3567,Accepted Offer,Available,Internal,No,7.62,26.98,Job Transfer,No,Jason Miller,3567
3568,Offered, , MLS,,14.11,28.23,,,Emily Patel,3568
3569,Reviewed, ,M L S,,10.35,25.12,Downsizing,No,Sophia Williams,3569
3570,Accepted Offer,Cancelled,Internal,,13.4,10.04,Job Transfer,,Jessica Lin,3570
3571, Closed,Pending, MLS,No,9.85,19.75,Investor Sale,No,Amit Kumar,3571
3572, Closed,Null,Broker,No,4.42,17.27,Job Transfer,No,Michael Chen,3572
3573,Null, ,M.L.S.,No,7.8,10.38,Downsizing,No,Jessica Lin,3573
3574,Closed,Null,M.L.S.,Yes,9.91,29.01,Investor Sale,Yes,Luis Garcia,3574
3575, Closed,Available,Internal,Yes,5.61,13.61,Investor Sale,,Priya Sharma,3575
3576,Neww,Cancelled,M.L.S.,No,18.69,10.23,Job Transfer,No,Amit Kumar,3576
3577,Accepted Offer,Available, MLS,,9.75,10.24,Job Transfer,Yes,Luis Garcia,3577
3578,Closed,Available,Opendoor,No,10.61,10.32,Job Transfer,No,Priya Sharma,3578
3579,Neww,Cancel,Bulk,Yes,2.74,6.59,Job Transfer,No,Michael Chen,3579
3580, ,Null,M.L.S.,Yes,10.98,24.45,,No,Priya Sharma,3580
3581,Null, Close ,Auction.com,,17.16,28.24,Job Transfer,No,David Thompson,3581
3582, Closed,Close,M L S,Yes,16.09,15.25,,Yes,Priya Sharma,3582
3583,Reviewed,Null,Internal,Yes,15.51,29.42,Downsizing,Yes,Priya Sharma,3583
3584,Closed,Always Kick,M.L.S.,,7.13,12.97,,No,Sophia Williams,3584
3585,Offered,Close,M L S,Yes,19.75,29.0,Downsizing,No,Priya Sharma,3585
3586,Reviewed,Kick, MLS,Yes,11.99,28.14,Job Transfer,Yes,Amit Kumar,3586
3587,Reviewed,Cancelled,Auction.com,,18.02,22.7,Downsizing,No,Samantha Pierce,3587
3588,Reviewed,Always Kick,M L S,Yes,15.52,20.46,Job Transfer,No,Emily Patel,3588
3589,Reviewed,Kick,M L S,No,18.49,13.65,,No,Michael Chen,3589
3590,Closed,Pending,M L S,Yes,15.5,14.39,Job Transfer,Yes,David Thompson,3590
3591, , , MLS,Yes,2.04,11.67,Investor Sale,No,David Thompson,3591
3592,Closed,Available,M.L.S.,No,9.17,7.85,Job Transfer,No,Amit Kumar,3592
3593, Closed,Always Kick, MLS,Yes,13.56,24.7,Downsizing,Yes,Michael Chen,3593
3594,Neww,Cancel,Auction.com,Yes,11.03,10.1,Downsizing,,Jason Miller,3594
3595,Closed,Closed, MLS,No,2.71,29.03,Downsizing,Yes,Emily Patel,3595
3596,Neww,Close,M L S,,7.81,15.2,Downsizing,,Emily Patel,3596
3597,Reviewed,Cancelled,Opendoor,No,5.74,20.71,,No,Priya Sharma,3597
3598,Cancelled,Pend, MLS,,8.78,22.56,Job Transfer,No,Michael Chen,3598
3599,Offered, ,M.L.S.,,17.13,11.28,Investor Sale,Yes,Luis Garcia,3599
3600,Closed,Cancelled,Broker,Yes,2.3,28.82,Downsizing,,Jessica Lin,3600
3601,Reviewed,Always Kick,Broker,No,11.04,15.84,Investor Sale,Yes,Priya Sharma,3601
3602,Null,Pending,M L S,Yes,3.81,7.25,Downsizing,Yes,Jason Miller,3602
3603,Reviewed,Cancelled,M L S,Yes,15.83,8.73,,,Luis Garcia,3603
3604,Neww,Kick,Auction.com,Yes,2.86,23.77,,No,Sophia Williams,3604
3605,Accepted Offer,Kick, MLS,,6.27,27.26,Job Transfer,Yes,Sophia Williams,3605
3606,Cancelled,Null,Internal,,16.91,24.31,,Yes,Jason Miller,3606
3607,Cancelled,Close,M.L.S.,Yes,10.7,17.53,Investor Sale,,Sophia Williams,3607
3608,New,Close,Internal,No,7.93,15.24,,,Priya Sharma,3608
3609,Cancelled, Close ,Bulk,,11.45,6.5,Job Transfer,No,Jason Miller,3609
3610,Offered,Closed,Auction.com,No,12.22,7.0,Downsizing,,Jason Miller,3610
3611,Closed,Pending,Internal,No,6.32,9.69,Downsizing,Yes,Jason Miller,3611
3612, , Close ,Opendoor,,16.81,29.61,Investor Sale,No,Sophia Williams,3612
3613,Accepted Offer,Cancel,Opendoor,No,8.52,15.16,Downsizing,Yes,Emily Patel,3613
3614,Offered,Kick,Bulk,,12.82,5.97,Job Transfer,Yes,Priya Sharma,3614
3615,Null,Cancelled,M.L.S.,Yes,19.06,14.94,Job Transfer,,Priya Sharma,3615
3616,Null,Pending,M.L.S.,No,7.09,9.38,Downsizing,,Sophia Williams,3616
3617,Neww,Always Kick,Bulk,,6.74,22.95,Job Transfer,,Amit Kumar,3617
3618,Neww, Close , MLS,,17.63,6.16,Downsizing,Yes,Sophia Williams,3618
3619,New,Available,Bulk,Yes,17.76,16.72,Downsizing,,Jessica Lin,3619
3620, ,Kick,Internal,,17.6,12.32,,,Priya Sharma,3620
3621,Null,Closed,M L S,No,17.71,9.36,Job Transfer,,Jason Miller,3621
3622,Neww,Null,Opendoor,Yes,13.69,13.28,Downsizing,Yes,Michael Chen,3622
3623,Neww,Null,Internal,Yes,12.95,17.16,,,Jason Miller,3623
3624,Reviewed,Pending,Auction.com,,12.46,11.14,Investor Sale,,Jason Miller,3624
3625,Cancelled,Null,Internal,,18.45,28.04,Investor Sale,,Emily Patel,3625
3626,New,Kick,M L S,Yes,4.45,29.02,Downsizing,,Michael Chen,3626
3627, Closed,Cancel,Broker,Yes,17.42,6.28,Job Transfer,,Samantha Pierce,3627
3628, Closed,Always Kick, MLS,Yes,14.79,5.38,,No,Luis Garcia,3628
3629,Closed,Pend,M L S,,19.5,5.4,Investor Sale,Yes,Jason Miller,3629
3630,New,Cancelled,M L S,No,7.59,23.61,Downsizing,No,Amit Kumar,3630
3631,Cancelled,Close,M L S,,3.93,8.14,Investor Sale,Yes,Samantha Pierce,3631
3632,New,Kick,Opendoor,,16.76,26.04,,,Michael Chen,3632
3633,Reviewed,Kick,Auction.com,,18.79,6.35,Downsizing,No,David Thompson,3633
3634,New,Cancel,M.L.S.,No,9.71,17.75,Investor Sale,No,Luis Garcia,3634
3635,Reviewed, Close ,Bulk,,10.3,24.17,Investor Sale,Yes,David Thompson,3635
3636,Offered,Available,Auction.com,Yes,10.13,22.93,Downsizing,No,Michael Chen,3636
3637,Closed,Always Kick,Bulk,Yes,18.25,28.94,Job Transfer,Yes,David Thompson,3637
3638,Accepted Offer,Pending,M.L.S.,No,12.26,11.74,,Yes,Michael Chen,3638
3639,Accepted Offer,Close,Auction.com,No,17.49,17.01,,No,Samantha Pierce,3639
3640, ,Closed,Opendoor,No,18.89,8.63,,No,Sophia Williams,3640
3641,New, ,Auction.com,,11.42,13.98,Downsizing,Yes,Emily Patel,3641
3642,Closed,Cancelled,M L S,,19.91,12.13,Job Transfer,Yes,Luis Garcia,3642
3643,Null,Pending,Auction.com,No,16.42,22.44,Job Transfer,No,Michael Chen,3643
3644,Offered, , MLS,,9.41,19.13,Job Transfer,Yes,Michael Chen,3644
3645,Accepted Offer,Null,Bulk,,7.47,16.15,Investor Sale,Yes,Emily Patel,3645
3646,Cancelled,Available, MLS,No,6.74,6.06,,Yes,David Thompson,3646
3647,Reviewed,Cancel,Bulk,Yes,9.23,6.1,Downsizing,,Priya Sharma,3647
3648, Closed, ,Bulk,Yes,9.51,15.54,Investor Sale,Yes,Jessica Lin,3648
3649, Closed,Pend,Auction.com,No,8.04,21.91,Job Transfer,No,Jason Miller,3649
3650,New, ,M.L.S.,,17.91,27.74,Job Transfer,,Michael Chen,3650
3651, ,Cancel,Auction.com,Yes,7.18,15.97,,Yes,Jessica Lin,3651
3652, ,Pend,M L S,Yes,17.53,20.52,Investor Sale,Yes,Michael Chen,3652
3653,Offered,Pending,M.L.S.,,2.15,27.91,Investor Sale,No,Jessica Lin,3653
3654,Closed,Cancelled,Broker,No,16.81,29.84,,,Amit Kumar,3654
3655,Neww,Kick,Bulk,Yes,12.49,5.36,Job Transfer,,Luis Garcia,3655
3656,Cancelled,Cancel,M.L.S.,Yes,6.49,10.44,,Yes,Samantha Pierce,3656
3657,Cancelled,Closed,Internal,Yes,9.64,5.25,Investor Sale,Yes,Luis Garcia,3657
3658, ,Always Kick,Opendoor,,16.51,15.03,Job Transfer,,Michael Chen,3658
3659,Reviewed, Close ,Broker,Yes,16.46,15.17,Job Transfer,No,Michael Chen,3659
3660,New,Null,Opendoor,,19.16,18.58,Downsizing,No,Priya Sharma,3660
3661,Offered,Null, MLS,,3.33,7.62,,No,Emily Patel,3661
3662,Reviewed,Kick,Internal,Yes,14.28,27.12,Job Transfer,,Priya Sharma,3662
3663,Neww,Available,Internal,No,2.76,5.3,,,Sophia Williams,3663
3664, , Close ,Internal,Yes,6.33,9.69,,Yes,Samantha Pierce,3664
3665,Reviewed,Available, MLS,No,14.73,18.75,,,Samantha Pierce,3665
3666,Closed, Close ,M.L.S.,No,14.05,17.01,Job Transfer,No,Emily Patel,3666
3667,Cancelled, Close ,Auction.com,Yes,6.31,24.7,Investor Sale,,Jason Miller,3667
3668,Offered,Pend,Internal,Yes,6.7,23.61,Downsizing,,Priya Sharma,3668
3669, Closed,Close,Bulk,Yes,19.91,6.88,,Yes,Samantha Pierce,3669
3670,New,Cancel,M.L.S.,No,14.69,14.35,Investor Sale,No,Jason Miller,3670
3671,New,Cancel,M L S,No,18.37,14.87,Downsizing,Yes,Amit Kumar,3671
3672,Reviewed,Closed,M L S,No,11.55,9.1,Job Transfer,,Michael Chen,3672
3673, Closed,Closed,Bulk,No,14.89,7.16,Downsizing,Yes,Emily Patel,3673
3674,New,Pend,Auction.com,,17.65,29.54,Downsizing,No,Jason Miller,3674
3675,Accepted Offer,Available,M L S,Yes,2.27,5.4,,,Emily Patel,3675
3676,Null,Closed,Internal,No,17.37,26.47,Job Transfer,No,Jessica Lin,3676
3677,Closed,Always Kick,Bulk,No,14.49,28.04,Downsizing,,Samantha Pierce,3677
3678,Offered,Kick,Opendoor,Yes,4.45,20.15,Investor Sale,,Jason Miller,3678
3679,New, Close ,Broker,No,14.68,10.0,,Yes,Luis Garcia,3679
3680,Accepted Offer,Cancelled,Internal,No,12.28,20.58,Downsizing,Yes,Michael Chen,3680
3681,Reviewed, Close ,M L S,,4.4,9.87,Job Transfer,,Priya Sharma,3681
3682, ,Closed,M.L.S.,,18.79,12.62,Job Transfer,,Sophia Williams,3682
3683,Offered,Pend,Bulk,,16.32,26.06,Investor Sale,No,Priya Sharma,3683
3684,Neww,Pending,M L S,No,7.59,29.21,,Yes,David Thompson,3684
3685,Reviewed,Cancelled,M.L.S.,No,18.37,12.95,Investor Sale,,Sophia Williams,3685
3686,Offered,Closed,Internal,Yes,3.3,19.88,Downsizing,No,Jessica Lin,3686
3687,Null,Kick,Auction.com,Yes,3.01,27.88,,No,Jason Miller,3687
3688,Reviewed,Pend,M L S,,8.7,16.31,Job Transfer,No,Michael Chen,3688
3689,Offered,Cancel,Internal,No,5.02,28.35,Downsizing,Yes,Jason Miller,3689
3690, Closed,Available,Auction.com,No,19.44,23.94,Job Transfer,Yes,Michael Chen,3690
3691,Cancelled,Closed,Broker,Yes,18.68,29.27,Downsizing,Yes,David Thompson,3691
3692,Offered,Close,Bulk,Yes,15.39,24.91,Investor Sale,,Emily Patel,3692
3693, ,Cancelled,Bulk,,18.71,5.84,Job Transfer,,Amit Kumar,3693
3694,Closed,Kick,M L S,No,13.88,21.43,Job Transfer,No,Emily Patel,3694
3695, ,Close,M.L.S.,,4.72,17.33,Downsizing,No,Priya Sharma,3695
3696,Reviewed,Kick,Internal,Yes,2.54,7.68,Downsizing,Yes,Sophia Williams,3696
3697,Closed,Pend,Broker,No,9.48,17.8,,Yes,David Thompson,3697
3698,Cancelled,Null,Bulk,Yes,2.84,17.42,,No,Amit Kumar,3698
3699,Null, Close ,M.L.S.,Yes,2.93,14.83,,,Sophia Williams,3699
3700,Accepted Offer,Cancelled, MLS,Yes,12.11,29.72,Investor Sale,Yes,Samantha Pierce,3700
3701,Closed,Close,M.L.S.,Yes,11.95,9.35,Investor Sale,,Priya Sharma,3701
3702,Closed,Closed,M L S,Yes,13.04,23.55,Investor Sale,Yes,David Thompson,3702
3703,Neww,Cancelled,M.L.S.,Yes,16.51,11.75,,Yes,Emily Patel,3703
3704,Reviewed,Pending,M L S,No,16.47,8.95,Investor Sale,No,Priya Sharma,3704
3705,Neww,Closed,M L S,,11.46,25.19,Investor Sale,,Priya Sharma,3705
3706,Null,Always Kick,M L S,Yes,11.5,18.89,Investor Sale,No,Luis Garcia,3706
3707,Cancelled,Null,M L S,No,16.16,23.06,Investor Sale,Yes,David Thompson,3707
3708,New,Always Kick,Broker,No,18.33,6.29,,Yes,David Thompson,3708
3709,Closed,Pending,Internal,No,8.2,24.32,Investor Sale,Yes,Luis Garcia,3709
3710,Offered,Cancel,Internal,No,9.48,26.81,Investor Sale,No,David Thompson,3710
3711, ,Cancelled,Internal,Yes,8.86,14.73,Job Transfer,,Jessica Lin,3711
3712,New,Cancelled,M.L.S.,No,13.95,12.38,Downsizing,Yes,Luis Garcia,3712
3713,Neww,Closed,Broker,Yes,7.11,21.48,Investor Sale,,Michael Chen,3713
3714, ,Closed,Auction.com,Yes,7.18,25.16,,,David Thompson,3714
3715,Offered,Pending,Internal,,8.65,19.24,Job Transfer,No,Jessica Lin,3715
3716,Offered,Close,Broker,Yes,7.83,27.38,,,Sophia Williams,3716
3717,Reviewed,Available,M.L.S.,Yes,2.09,8.24,,Yes,David Thompson,3717
3718,Accepted Offer, Close ,Internal,No,6.91,25.7,Job Transfer,No,Amit Kumar,3718
3719,New,Always Kick,Opendoor,No,4.59,5.24,Investor Sale,,Jessica Lin,3719
3720,Neww,Pend,Broker,No,15.34,9.04,Investor Sale,,Priya Sharma,3720
3721,Closed, ,M L S,No,17.58,18.63,Investor Sale,Yes,Jason Miller,3721
3722, Closed,Kick,Broker,No,13.87,17.92,Investor Sale,Yes,Michael Chen,3722
3723, , Close ,M L S,,7.53,27.88,Job Transfer,,Samantha Pierce,3723
3724,Accepted Offer,Cancelled,Opendoor,Yes,9.69,17.66,Downsizing,No,Priya Sharma,3724
3725, Closed,Available,M L S,Yes,13.31,8.4,Investor Sale,,Samantha Pierce,3725
3726,Offered,Always Kick,Bulk,Yes,14.43,14.82,Investor Sale,,Amit Kumar,3726
3727,Closed,Cancel,Opendoor,Yes,7.36,23.36,Investor Sale,No,Emily Patel,3727
3728,Neww,Cancel,Bulk,Yes,8.43,25.85,Downsizing,No,Emily Patel,3728
3729,Neww,Cancelled,M.L.S.,No,8.88,25.05,Investor Sale,No,Emily Patel,3729
3730, Closed,Null,Opendoor,No,15.67,23.64,Downsizing,Yes,Sophia Williams,3730
3731,Accepted Offer,Cancelled,Opendoor,Yes,6.56,17.04,Downsizing,Yes,David Thompson,3731
3732,New, Close ,Auction.com,No,15.87,14.22,Job Transfer,No,David Thompson,3732
3733,Accepted Offer,Closed,M.L.S.,,5.16,23.06,Investor Sale,No,Priya Sharma,3733
3734,Neww,Cancel,Internal,Yes,15.47,25.96,Job Transfer,,Samantha Pierce,3734
3735,Null,Always Kick,Internal,,19.51,22.47,,,Emily Patel,3735
3736,New, ,Internal,No,11.0,19.0,,No,Sophia Williams,3736
3737, ,Pending,Auction.com,No,12.61,27.91,Investor Sale,,Jason Miller,3737
3738,Accepted Offer, ,Broker,Yes,19.18,28.6,,Yes,Luis Garcia,3738
3739,Neww,Pend,Internal,No,13.28,19.34,Job Transfer,,Sophia Williams,3739
3740, Closed,Null,Auction.com,Yes,19.73,15.28,Downsizing,No,Jason Miller,3740
3741,New,Close,Opendoor,Yes,9.62,29.43,Downsizing,Yes,Jessica Lin,3741
3742,Closed,Always Kick,M L S,No,14.73,28.68,,,Priya Sharma,3742
3743,Accepted Offer,Close,Internal,No,10.03,24.61,Downsizing,,Michael Chen,3743
3744,Cancelled,Available,M L S,Yes,15.28,27.17,Downsizing,Yes,Michael Chen,3744
3745,New,Pending,Broker,,8.14,17.92,Downsizing,Yes,Priya Sharma,3745
3746,Offered,Closed, MLS,Yes,15.07,26.46,Investor Sale,Yes,Sophia Williams,3746
3747,Neww,Always Kick,Bulk,,2.36,9.5,Job Transfer,Yes,Jessica Lin,3747
3748,Null,Close,Auction.com,No,9.23,11.01,Job Transfer,No,Amit Kumar,3748
3749, Closed, Close ,Bulk,No,3.27,28.12,Downsizing,Yes,Jason Miller,3749
3750,Reviewed,Always Kick,M.L.S.,,5.71,12.94,Job Transfer,,Sophia Williams,3750
3751,Accepted Offer, ,Bulk,No,19.2,25.76,Job Transfer,,Amit Kumar,3751
3752,New, Close ,Broker,No,6.46,28.64,Downsizing,Yes,Samantha Pierce,3752
3753, ,Close,M.L.S.,,5.35,15.76,Downsizing,Yes,Jessica Lin,3753
3754,Reviewed,Cancelled,Bulk,,10.98,28.49,,No,Jason Miller,3754
3755,Cancelled, Close ,Internal,,7.64,15.44,Investor Sale,Yes,Priya Sharma,3755
3756, Closed,Cancelled,M L S,No,14.37,20.04,Downsizing,No,Emily Patel,3756
3757, Closed,Cancel,Opendoor,Yes,3.24,10.87,,,Samantha Pierce,3757
3758,New, ,Bulk,Yes,16.36,24.71,Job Transfer,Yes,David Thompson,3758
3759,Reviewed, ,Opendoor,Yes,16.04,20.86,Downsizing,No,Priya Sharma,3759
3760,Null,Kick,Broker,Yes,4.87,29.32,,Yes,Michael Chen,3760
3761,New,Closed,M L S,Yes,17.23,5.73,Investor Sale,No,Samantha Pierce,3761
3762,Accepted Offer,Available, MLS,,5.36,23.46,Downsizing,,Jason Miller,3762
3763,Neww,Cancel,Bulk,,17.45,18.39,Job Transfer,No,Jessica Lin,3763
3764, Closed, ,M.L.S.,,16.97,7.46,Downsizing,Yes,Luis Garcia,3764
3765,Cancelled,Cancel,Broker,Yes,10.44,27.69,Job Transfer,No,Emily Patel,3765
3766,Closed,Pending,Opendoor,,8.52,26.79,,Yes,David Thompson,3766
3767,Null,Cancelled,M.L.S.,,13.39,15.32,Investor Sale,,Priya Sharma,3767
3768,New,Cancel,Bulk,,19.28,5.16,Downsizing,,Samantha Pierce,3768
3769, Closed,Pending,Broker,No,12.01,23.9,Downsizing,,Sophia Williams,3769
3770, , Close ,Auction.com,Yes,9.75,23.89,Job Transfer,No,Priya Sharma,3770
3771, , ,M L S,,2.77,12.1,,No,Emily Patel,3771
3772,Cancelled,Pending,Bulk,,14.56,19.88,Job Transfer,Yes,Jessica Lin,3772
3773,Accepted Offer,Always Kick,Opendoor,No,17.47,15.64,,Yes,Sophia Williams,3773
3774,Reviewed,Closed,M.L.S.,,9.06,28.69,Downsizing,,Emily Patel,3774
3775, ,Always Kick,Internal,,17.08,26.23,Job Transfer,,Priya Sharma,3775
3776,Neww, ,Bulk,No,18.47,18.04,Investor Sale,Yes,Samantha Pierce,3776
3777,New,Pending,Internal,No,19.4,21.44,Job Transfer,No,Emily Patel,3777
3778,Cancelled,Kick,Broker,No,8.19,23.08,,,Sophia Williams,3778
3779, , ,M.L.S.,,6.35,26.26,Job Transfer,No,Jessica Lin,3779
3780,Accepted Offer,Kick,Internal,No,13.04,5.59,Downsizing,Yes,Luis Garcia,3780
3781,Reviewed,Cancel,Broker,No,17.51,19.44,Downsizing,No,David Thompson,3781
3782,Null, ,Bulk,,10.25,20.87,,No,David Thompson,3782
3783,Reviewed,Null,Opendoor,,13.04,29.16,Downsizing,No,Priya Sharma,3783
3784,Null,Closed,M.L.S.,,9.39,17.79,Investor Sale,,Amit Kumar,3784
3785,New,Pend,M L S,,3.02,14.03,Job Transfer,,Jason Miller,3785
3786,Reviewed,Kick,M L S,,17.43,6.81,Downsizing,Yes,Samantha Pierce,3786
3787,Neww,Pending,Internal,,7.99,22.93,Investor Sale,,Michael Chen,3787
3788,Offered,Cancelled,Broker,No,8.02,19.6,,,Emily Patel,3788
3789, Closed,Close,Opendoor,No,14.94,11.98,,No,Emily Patel,3789
3790,Cancelled,Always Kick, MLS,Yes,8.9,9.45,,Yes,David Thompson,3790
3791, ,Available,Broker,,2.49,27.07,Job Transfer,,Amit Kumar,3791
3792,Neww,Cancel,Bulk,No,14.37,9.88,Investor Sale,,Samantha Pierce,3792
3793, Closed,Pend,Broker,,15.89,7.45,Job Transfer,,Emily Patel,3793
3794,Closed,Pend,Auction.com,Yes,9.2,23.02,Downsizing,,David Thompson,3794
3795,Neww,Pending,M L S,Yes,3.88,11.67,Downsizing,No,David Thompson,3795
3796,Offered,Null,M L S,,3.39,27.48,Investor Sale,No,Jason Miller,3796
3797,Accepted Offer,Close,Internal,,14.25,7.99,,Yes,Amit Kumar,3797
3798,Accepted Offer,Cancelled,Opendoor,No,5.24,24.21,Investor Sale,No,Sophia Williams,3798
3799,Closed,Pending,Broker,Yes,14.21,15.43,Job Transfer,Yes,Emily Patel,3799
3800,Reviewed, Close ,M.L.S.,No,16.65,7.95,Investor Sale,Yes,Jessica Lin,3800
3801,Reviewed,Always Kick,M.L.S.,No,6.22,14.1,Investor Sale,Yes,Sophia Williams,3801
3802,Cancelled,Cancel,M L S,,19.13,29.25,Job Transfer,Yes,Luis Garcia,3802
3803, ,Pending,Bulk,,13.97,22.81,Job Transfer,,Sophia Williams,3803
3804,Null,Kick,M.L.S.,No,17.91,17.98,,No,Sophia Williams,3804
3805,Null, Close ,M.L.S.,No,7.39,12.88,Downsizing,Yes,Sophia Williams,3805
3806,Null,Kick,Opendoor,Yes,16.87,8.08,,No,Sophia Williams,3806
3807,Cancelled,Pend,Bulk,No,19.33,12.36,Job Transfer,No,Samantha Pierce,3807
3808,Accepted Offer,Cancel,M.L.S.,,11.52,12.13,Downsizing,No,Luis Garcia,3808
3809,New,Cancel,M.L.S.,Yes,12.98,13.38,,No,Jessica Lin,3809
3810, ,Cancel,M.L.S.,Yes,11.28,8.1,,No,Michael Chen,3810
3811,Reviewed,Pend, MLS,No,2.74,19.95,Job Transfer,No,Michael Chen,3811
3812,Accepted Offer, Close ,M.L.S.,,19.64,24.42,,,Michael Chen,3812
3813,Neww,Pend,Broker,Yes,2.48,14.89,Job Transfer,No,Priya Sharma,3813
3814,Reviewed,Closed,Auction.com,No,3.69,21.42,Investor Sale,,Priya Sharma,3814
3815, Closed,Available,Bulk,Yes,11.25,21.62,,Yes,Sophia Williams,3815
3816,Accepted Offer,Close,M L S,No,5.12,27.26,Downsizing,Yes,Jessica Lin,3816
3817,Accepted Offer,Pending,M L S,Yes,15.46,7.31,Job Transfer,No,Emily Patel,3817
3818,Accepted Offer,Cancel,Bulk,No,18.58,29.68,Investor Sale,No,Emily Patel,3818
3819,Neww,Pending,M L S,Yes,4.86,25.25,Investor Sale,Yes,Michael Chen,3819
3820, Closed,Closed,M L S,No,4.78,15.91,Downsizing,Yes,Jessica Lin,3820
3821,Null, ,M.L.S.,No,6.14,15.4,Downsizing,,Sophia Williams,3821
3822,New,Null, MLS,,17.99,27.43,Investor Sale,No,Sophia Williams,3822
3823,Null,Cancelled,Opendoor,No,12.32,14.31,Investor Sale,Yes,Jason Miller,3823
3824,Accepted Offer, ,M L S,,16.42,8.52,Investor Sale,Yes,Priya Sharma,3824
3825,Reviewed,Cancel,Broker,,13.6,10.65,,,Jessica Lin,3825
3826, Closed,Null,M.L.S.,,12.03,24.72,,,David Thompson,3826
3827, ,Always Kick,Auction.com,No,6.49,16.05,Investor Sale,,Sophia Williams,3827
3828,New,Always Kick,Auction.com,No,9.38,27.07,Downsizing,Yes,Michael Chen,3828
3829,Accepted Offer,Always Kick,Broker,Yes,3.76,27.18,Job Transfer,Yes,David Thompson,3829
3830, ,Cancel,Auction.com,,10.58,16.95,Job Transfer,No,Jason Miller,3830
3831, Closed,Available,Opendoor,,6.24,8.59,Downsizing,Yes,Amit Kumar,3831
3832,Closed,Close,M L S,,13.36,9.89,Downsizing,No,Priya Sharma,3832
3833, Closed,Pend,Bulk,No,17.24,27.39,,Yes,Priya Sharma,3833
3834,Offered,Cancelled,Auction.com,,13.13,28.65,Job Transfer,,Michael Chen,3834
3835, ,Close,M.L.S.,Yes,13.55,29.76,Job Transfer,Yes,Samantha Pierce,3835
3836,Closed,Close,M.L.S.,Yes,16.48,9.09,,,Samantha Pierce,3836
3837,Neww,Cancelled,Broker,Yes,10.81,11.79,Investor Sale,Yes,Amit Kumar,3837
3838, Closed,Kick, MLS,No,12.29,21.9,Investor Sale,No,Michael Chen,3838
3839,Accepted Offer,Pend, MLS,No,12.27,27.03,Downsizing,No,Jason Miller,3839
3840,Accepted Offer, Close ,M L S,,15.24,8.98,Job Transfer,No,Jessica Lin,3840
3841, , Close ,Auction.com,,17.83,19.6,Downsizing,,David Thompson,3841
3842, Closed,Cancel,Broker,No,9.77,20.13,Investor Sale,,Sophia Williams,3842
3843, ,Available,Internal,No,12.56,13.04,Job Transfer,Yes,Sophia Williams,3843
3844,Offered,Close,Bulk,No,11.28,6.97,Investor Sale,No,Michael Chen,3844
3845,Offered,Available,Bulk,,15.08,18.35,Job Transfer,Yes,Luis Garcia,3845
3846,Accepted Offer,Kick, MLS,Yes,10.54,18.16,,Yes,Michael Chen,3846
3847,Cancelled,Cancel,M L S,No,4.62,13.44,Downsizing,,Priya Sharma,3847
3848,Null, , MLS,Yes,14.61,13.29,Downsizing,,Priya Sharma,3848
3849,Closed,Cancelled,Bulk,Yes,16.79,16.21,,Yes,Luis Garcia,3849
3850,Reviewed,Closed,Opendoor,Yes,13.77,29.48,Investor Sale,Yes,Sophia Williams,3850
3851,Accepted Offer,Always Kick,Auction.com,No,4.15,8.36,Investor Sale,Yes,Emily Patel,3851
3852, ,Cancelled,Auction.com,,4.62,6.4,Investor Sale,No,Samantha Pierce,3852
3853,Reviewed,Cancel,Internal,No,17.86,13.5,Investor Sale,Yes,Priya Sharma,3853
3854,Accepted Offer,Always Kick,Auction.com,Yes,19.15,17.78,Downsizing,Yes,David Thompson,3854
3855,Closed,Available,Broker,Yes,17.82,10.62,Job Transfer,No,Amit Kumar,3855
3856,Reviewed, ,M.L.S.,No,8.22,10.71,Downsizing,,Priya Sharma,3856
3857,Offered,Pending,Auction.com,Yes,12.21,7.41,,No,Sophia Williams,3857
3858,Closed,Pend,Internal,No,13.88,24.48,Investor Sale,,Amit Kumar,3858
3859,New,Closed,Auction.com,Yes,19.35,23.79,,Yes,Jessica Lin,3859
3860,Offered,Null,Auction.com,No,5.75,12.42,Downsizing,,Sophia Williams,3860
3861,Neww,Close,Internal,Yes,8.15,14.0,Investor Sale,Yes,Samantha Pierce,3861
3862,Cancelled,Always Kick,Internal,Yes,17.69,10.08,Downsizing,Yes,Jessica Lin,3862
3863, , Close ,Auction.com,,15.52,24.17,Job Transfer,,Emily Patel,3863
3864,Null,Close,Opendoor,Yes,8.58,20.9,Downsizing,No,David Thompson,3864
3865,Cancelled,Cancel, MLS,Yes,14.39,19.13,Job Transfer,Yes,Luis Garcia,3865
3866,Accepted Offer,Pend, MLS,,9.37,10.11,Investor Sale,Yes,Jessica Lin,3866
3867,Neww,Always Kick,Broker,,17.31,29.99,Downsizing,Yes,David Thompson,3867
3868, ,Available, MLS,Yes,12.56,24.41,Job Transfer,,Jason Miller,3868
3869,Neww,Kick,Broker,,5.49,5.9,Downsizing,Yes,Michael Chen,3869
3870,Accepted Offer,Closed,Auction.com,Yes,12.8,16.87,Downsizing,,Priya Sharma,3870
3871, Closed, Close ,Opendoor,No,15.92,27.95,Investor Sale,No,Emily Patel,3871
3872, ,Closed,M.L.S.,No,3.28,23.07,,,Sophia Williams,3872
3873,Offered,Cancel,M.L.S.,,5.26,21.85,Downsizing,No,Emily Patel,3873
3874,Closed,Pending,Internal,Yes,17.5,17.11,Investor Sale,No,Michael Chen,3874
3875,Accepted Offer,Closed,Broker,Yes,17.89,5.97,Investor Sale,No,David Thompson,3875
3876,Neww,Null,Auction.com,,12.41,24.47,,,Luis Garcia,3876
3877,Accepted Offer, Close , MLS,,9.31,6.44,,,Jason Miller,3877
3878,Accepted Offer,Always Kick,M.L.S.,,11.06,12.59,,,Luis Garcia,3878
3879,Neww, Close ,Internal,No,3.66,16.7,Investor Sale,No,Jessica Lin,3879
3880, ,Pend,M L S,No,15.03,24.01,Job Transfer,Yes,Sophia Williams,3880
3881,New, Close ,M L S,No,14.68,14.92,Downsizing,No,Jessica Lin,3881
3882, Closed,Pend,Broker,No,16.96,22.29,Downsizing,Yes,Sophia Williams,3882
3883,New, Close ,Bulk,,13.02,14.18,Investor Sale,No,David Thompson,3883
3884,Cancelled,Pend,Internal,No,13.26,25.07,Investor Sale,Yes,Samantha Pierce,3884
3885,Offered,Closed,Auction.com,No,3.89,11.26,Job Transfer,Yes,Jason Miller,3885
3886,Reviewed,Kick,Internal,,5.47,28.98,Investor Sale,Yes,Sophia Williams,3886
3887,Cancelled,Pend,M L S,Yes,10.37,28.35,Job Transfer,No,Amit Kumar,3887
3888,Reviewed,Always Kick,Bulk,,2.52,8.56,,Yes,Sophia Williams,3888
3889,Neww, ,Auction.com,,9.52,13.88,Investor Sale,Yes,David Thompson,3889
3890,Closed,Kick,Internal,Yes,6.4,7.63,Job Transfer,,Emily Patel,3890
3891,Cancelled,Pend,M.L.S.,No,19.76,9.41,Investor Sale,No,Jason Miller,3891
3892, Closed,Closed,M L S,,11.14,13.7,Downsizing,Yes,Emily Patel,3892
3893, Closed,Cancel,Opendoor,,14.96,25.56,,Yes,Sophia Williams,3893
3894,Cancelled, ,Auction.com,No,8.67,19.19,Job Transfer,,Emily Patel,3894
3895,Neww,Pending,M.L.S.,Yes,8.51,12.97,,No,Luis Garcia,3895
3896, , , MLS,No,18.71,13.87,,Yes,Jessica Lin,3896
3897,Cancelled,Close,M L S,No,2.61,14.7,Investor Sale,Yes,David Thompson,3897
3898,Closed,Close,Broker,Yes,16.25,21.37,Job Transfer,Yes,Priya Sharma,3898
3899,Neww,Pending,Bulk,No,16.53,27.55,Downsizing,No,Samantha Pierce,3899
3900,Offered,Close, MLS,Yes,10.39,18.55,Downsizing,,Amit Kumar,3900
3901,Accepted Offer,Cancelled,Internal,,3.48,19.39,Downsizing,,Emily Patel,3901
3902,Closed, Close ,Broker,,11.09,15.41,Downsizing,,Michael Chen,3902
3903,Offered, Close ,Internal,Yes,18.78,10.62,Job Transfer,,David Thompson,3903
3904, Closed,Pending,M.L.S.,Yes,6.79,23.18,Investor Sale,Yes,Samantha Pierce,3904
3905, ,Close,Bulk,No,13.9,12.98,,,Jessica Lin,3905
3906,New, ,M L S,No,6.4,17.99,,,Michael Chen,3906
3907,Null,Close,Bulk,Yes,6.37,16.0,Investor Sale,Yes,Sophia Williams,3907
3908,Cancelled, , MLS,Yes,14.75,17.84,,No,Emily Patel,3908
3909,New,Available,M.L.S.,No,4.91,21.14,Investor Sale,Yes,Luis Garcia,3909
3910,Cancelled,Available,Broker,Yes,18.18,7.54,Downsizing,,Emily Patel,3910
3911,Neww,Null,M L S,No,2.81,17.91,Investor Sale,Yes,Jason Miller,3911
3912,Accepted Offer,Pend, MLS,No,5.6,28.86,Job Transfer,No,Samantha Pierce,3912
3913,Cancelled, Close , MLS,,14.9,17.61,Investor Sale,No,Sophia Williams,3913
3914,Reviewed,Pend,Bulk,No,6.73,28.29,Investor Sale,No,Luis Garcia,3914
3915,Neww,Always Kick,Opendoor,Yes,17.07,18.68,Downsizing,No,Sophia Williams,3915
3916,Reviewed,Null,Bulk,No,15.7,16.07,Downsizing,Yes,Amit Kumar,3916
3917, Closed,Cancel,Internal,,9.6,14.31,Investor Sale,No,Emily Patel,3917
3918,Accepted Offer,Null, MLS,,4.26,26.26,Downsizing,Yes,Jason Miller,3918
3919,Closed,Available,Internal,No,7.4,25.57,Investor Sale,No,David Thompson,3919
3920,Null, ,Internal,Yes,19.12,28.31,Job Transfer,No,Jason Miller,3920
3921,Reviewed,Cancelled,M.L.S.,,15.18,20.38,Job Transfer,,Samantha Pierce,3921
3922, ,Available,M.L.S.,Yes,11.7,25.01,,,Jason Miller,3922
3923,Accepted Offer, , MLS,No,10.18,10.31,,No,Jessica Lin,3923
3924,Null,Cancelled,Opendoor,Yes,2.12,7.52,Job Transfer,,Emily Patel,3924
3925,Accepted Offer,Close,Auction.com,,19.48,17.27,Downsizing,,Jason Miller,3925
3926,Closed, , MLS,No,19.95,5.77,Downsizing,,Jessica Lin,3926
3927,Cancelled,Available,Internal,No,4.64,9.16,Job Transfer,Yes,Sophia Williams,3927
3928,Accepted Offer,Cancel,Internal,,5.41,23.64,Investor Sale,Yes,Michael Chen,3928
3929,Neww, ,Auction.com,,10.52,25.45,,,Michael Chen,3929
3930,Offered,Available,M.L.S.,,8.0,24.85,,,Sophia Williams,3930
3931,Closed,Kick,Bulk,Yes,15.17,8.58,Investor Sale,,Emily Patel,3931
3932,Offered,Closed, MLS,,19.34,7.48,Downsizing,No,Amit Kumar,3932
3933,Neww,Null,Internal,No,2.87,10.96,Investor Sale,No,Jessica Lin,3933
3934,Null,Null, MLS,Yes,12.3,14.95,Investor Sale,No,Samantha Pierce,3934
3935, Closed,Cancel,Auction.com,Yes,3.11,27.37,Investor Sale,No,Jessica Lin,3935
3936,Closed, , MLS,No,15.05,15.53,Job Transfer,,Sophia Williams,3936
3937,Reviewed,Null,M L S,No,3.86,13.55,Downsizing,No,Samantha Pierce,3937
3938,Neww,Kick,Internal,,6.04,8.02,Investor Sale,,David Thompson,3938
3939, Closed,Pend,Broker,Yes,14.31,29.75,Investor Sale,,Jessica Lin,3939
3940,Null,Pend,Broker,,5.8,10.5,Job Transfer,,Priya Sharma,3940
3941,Reviewed,Cancel,Broker,Yes,15.72,17.95,Job Transfer,,Samantha Pierce,3941
3942, Closed,Pend,M.L.S.,Yes,9.63,24.33,Downsizing,Yes,Jason Miller,3942
3943,New,Always Kick,M L S,Yes,10.26,21.82,Job Transfer,,Amit Kumar,3943
3944,Null,Available,Opendoor,Yes,11.21,28.27,Job Transfer,No,Priya Sharma,3944
3945, ,Pend,M L S,No,4.53,23.12,Investor Sale,Yes,Jessica Lin,3945
3946,Reviewed, Close ,Bulk,Yes,2.18,11.55,Investor Sale,,Amit Kumar,3946
3947,Neww, ,Opendoor,No,18.16,26.21,,Yes,Emily Patel,3947
3948,Closed,Closed,Opendoor,Yes,13.1,28.57,,No,Amit Kumar,3948
3949,Neww,Cancel,M.L.S.,Yes,5.44,24.74,Job Transfer,,Emily Patel,3949
3950,Cancelled,Cancelled,Bulk,Yes,19.34,17.91,,,Luis Garcia,3950
3951,Cancelled,Closed,M L S,No,14.95,26.87,Downsizing,Yes,Jessica Lin,3951
3952,Reviewed,Available,M.L.S.,No,13.07,10.92,Investor Sale,,Jessica Lin,3952
3953,Neww,Kick,Auction.com,Yes,9.71,20.18,Investor Sale,Yes,Priya Sharma,3953
3954,Cancelled, Close ,M.L.S.,No,15.21,23.26,Job Transfer,No,Jason Miller,3954
3955,New,Pending,Internal,Yes,12.6,16.51,Job Transfer,,Emily Patel,3955
3956,Closed,Available,Opendoor,No,7.89,14.34,,No,Luis Garcia,3956
3957,Offered, Close ,Auction.com,No,19.48,10.04,Job Transfer,No,Samantha Pierce,3957
3958,Accepted Offer,Cancel,M.L.S.,No,19.88,29.12,Downsizing,,David Thompson,3958
3959,Accepted Offer,Close,Broker,,6.86,20.49,,No,Amit Kumar,3959
3960, ,Cancel,Auction.com,Yes,17.55,7.56,,No,Luis Garcia,3960
3961,Offered,Close,Internal,No,5.25,9.84,Job Transfer,Yes,Jessica Lin,3961
3962, ,Closed, MLS,Yes,8.5,22.13,,No,Emily Patel,3962
3963,Null,Available,Broker,No,10.52,21.94,,Yes,Michael Chen,3963
3964,Reviewed,Available, MLS,No,19.88,22.26,Downsizing,,David Thompson,3964
3965,Null,Pending,Internal,,19.94,11.48,Job Transfer,,Jason Miller,3965
3966,Neww,Null,Internal,Yes,16.84,18.27,Downsizing,,Samantha Pierce,3966
3967,Offered,Pend,Internal,,6.53,12.09,Downsizing,No,Jason Miller,3967
3968,Reviewed,Cancelled, MLS,,7.55,20.72,,No,Jessica Lin,3968
3969,Cancelled,Cancelled,M.L.S.,No,15.03,27.33,Job Transfer,,Sophia Williams,3969
3970,Null,Cancelled,M L S,No,3.56,8.23,Investor Sale,,Samantha Pierce,3970
3971,Neww, ,Broker,No,10.07,19.22,Downsizing,,Jason Miller,3971
3972,Reviewed,Pend,Auction.com,,7.41,21.65,Job Transfer,,Jessica Lin,3972
3973,Offered,Null,Auction.com,No,15.18,11.95,Investor Sale,Yes,David Thompson,3973
3974,Accepted Offer,Available,M L S,,7.45,22.66,Job Transfer,,Amit Kumar,3974
3975,Cancelled, Close ,Internal,Yes,18.81,22.27,Downsizing,Yes,Emily Patel,3975
3976,Reviewed, ,Broker,Yes,7.6,14.0,Job Transfer,,Luis Garcia,3976
3977,New,Null,Internal,Yes,19.8,9.83,Downsizing,Yes,Jason Miller,3977
3978,Accepted Offer,Closed,M.L.S.,Yes,5.59,9.27,Downsizing,Yes,Jason Miller,3978
3979,Null, ,Internal,,11.26,6.74,Job Transfer,Yes,Amit Kumar,3979
3980,Null,Cancel,Auction.com,,12.99,10.24,,,David Thompson,3980
3981,New,Null,Auction.com,,17.06,6.19,Investor Sale,No,Samantha Pierce,3981
3982,Null,Available,Auction.com,Yes,17.55,27.93,Job Transfer,No,Jason Miller,3982
3983,Offered,Kick,M.L.S.,,5.39,22.43,Downsizing,,Luis Garcia,3983
3984,Accepted Offer,Kick,Broker,No,3.3,12.77,Job Transfer,,Samantha Pierce,3984
3985,Offered,Close, MLS,,18.14,16.15,Downsizing,No,Amit Kumar,3985
3986,Cancelled,Closed,Internal,Yes,5.3,21.68,,Yes,Sophia Williams,3986
3987, Closed,Pending,Auction.com,,6.55,14.34,,,Jessica Lin,3987
3988,Offered,Closed,Auction.com,Yes,15.2,23.79,,,Priya Sharma,3988
3989,Neww, Close ,M L S,No,2.08,8.02,,Yes,Jessica Lin,3989
3990,Neww, ,Broker,Yes,5.18,7.73,Investor Sale,Yes,David Thompson,3990
3991,Reviewed, ,Auction.com,Yes,5.3,27.75,Downsizing,No,Luis Garcia,3991
3992, Closed,Closed,Internal,No,18.57,26.84,Downsizing,Yes,Samantha Pierce,3992
3993, Closed,Kick,Bulk,,19.47,14.87,Downsizing,,Michael Chen,3993
3994,Offered,Kick,Bulk,No,2.53,7.96,,,Michael Chen,3994
3995,Offered,Kick,Internal,No,6.96,29.42,Downsizing,Yes,Samantha Pierce,3995
3996,Reviewed,Kick,Auction.com,No,11.7,7.85,,No,Luis Garcia,3996
3997,Accepted Offer,Cancel,M L S,,9.64,13.21,Job Transfer,Yes,Priya Sharma,3997
3998,Cancelled,Cancel,Opendoor,Yes,4.72,26.68,Investor Sale,No,Amit Kumar,3998
3999,Closed,Pend,Broker,Yes,4.75,24.15,Downsizing,,Luis Garcia,3999
4000,Reviewed,Null,Opendoor,Yes,11.57,5.6,,,Luis Garcia,4000
4001,Cancelled,Always Kick,M.L.S.,,17.57,10.33,Investor Sale,No,Emily Patel,4001
4002,Closed, ,M.L.S.,No,2.49,19.65,Job Transfer,Yes,Jason Miller,4002
4003, ,Closed,Auction.com,No,6.72,10.42,,Yes,Michael Chen,4003
4004, Closed,Pend,Bulk,,15.36,15.08,Investor Sale,,Jessica Lin,4004
4005,Accepted Offer, ,Opendoor,No,2.92,7.43,Downsizing,Yes,Amit Kumar,4005
4006,New, Close ,Internal,No,6.91,29.88,Downsizing,No,Luis Garcia,4006
4007,Offered, Close ,Internal,,17.89,6.61,Downsizing,,Michael Chen,4007
4008,Cancelled, Close ,M L S,No,14.56,18.34,Downsizing,,Michael Chen,4008
4009,Offered,Pending,Bulk,,8.58,11.64,Job Transfer,,Sophia Williams,4009
4010,Cancelled, ,M.L.S.,No,15.81,17.75,Downsizing,,Jason Miller,4010
4011,Cancelled,Close,M L S,No,12.08,26.08,,No,Michael Chen,4011
4012,Closed,Null,M L S,No,6.52,29.34,Investor Sale,No,Luis Garcia,4012
4013,Offered,Null,M.L.S.,No,5.58,27.19,Downsizing,Yes,Priya Sharma,4013
4014,New,Available,Opendoor,Yes,14.21,10.09,Job Transfer,No,Luis Garcia,4014
4015,Neww,Pend,Bulk,,13.59,13.18,Job Transfer,,Luis Garcia,4015
4016, Closed,Close,Opendoor,Yes,10.25,18.14,Investor Sale,No,David Thompson,4016
4017, Closed,Close, MLS,No,4.94,20.97,Job Transfer,Yes,Jason Miller,4017
4018,New,Kick, MLS,Yes,11.01,15.68,Job Transfer,Yes,Sophia Williams,4018
4019,Reviewed,Closed,Internal,Yes,9.36,28.57,Job Transfer,Yes,Priya Sharma,4019
4020,Closed,Available,Auction.com,Yes,11.03,7.77,Job Transfer,,Sophia Williams,4020
4021,Offered, Close ,Bulk,,11.03,28.76,Job Transfer,No,Jessica Lin,4021
4022,Null,Available,M.L.S.,,18.01,12.1,Investor Sale,,Jason Miller,4022
4023, Closed, Close ,Internal,No,7.96,26.66,,Yes,Sophia Williams,4023
4024, , Close ,Broker,Yes,11.29,11.44,Investor Sale,Yes,Michael Chen,4024
4025,Accepted Offer,Pend,Auction.com,No,2.5,15.84,Downsizing,,Luis Garcia,4025
4026, Closed,Always Kick,M.L.S.,No,13.26,27.69,Job Transfer,No,Emily Patel,4026
4027, , ,Bulk,,17.29,11.15,Investor Sale,,Samantha Pierce,4027
4028, Closed,Pend,Internal,,9.53,11.75,,Yes,Sophia Williams,4028
4029,Closed,Cancelled,Bulk,,17.16,28.38,Investor Sale,Yes,Jessica Lin,4029
4030, ,Cancel,Broker,No,18.33,20.85,Investor Sale,,Luis Garcia,4030
4031, , ,Bulk,Yes,3.77,9.53,Downsizing,Yes,David Thompson,4031
4032,Offered,Pend,Internal,,3.53,19.27,,,David Thompson,4032
4033,Neww,Null,M.L.S.,,5.47,18.64,Job Transfer,,Jessica Lin,4033
4034,Reviewed, ,Auction.com,,16.09,19.21,Job Transfer,Yes,Luis Garcia,4034
4035,Cancelled,Cancel,Auction.com,Yes,2.28,21.2,Investor Sale,,Emily Patel,4035
4036,Cancelled,Pending,Opendoor,,6.99,18.94,Job Transfer,,Luis Garcia,4036
4037, ,Cancel,M.L.S.,,8.9,8.02,Job Transfer,,Jason Miller,4037
4038,Closed,Available,Internal,Yes,9.42,25.49,Job Transfer,,Emily Patel,4038
4039, ,Cancel,Internal,Yes,4.19,28.25,Investor Sale,Yes,Jessica Lin,4039
4040, ,Cancelled, MLS,,17.66,22.45,Job Transfer,Yes,Amit Kumar,4040
4041,Reviewed,Cancel,Auction.com,,4.92,11.07,Downsizing,Yes,Jessica Lin,4041
4042, ,Closed, MLS,No,8.4,20.0,Downsizing,No,David Thompson,4042
4043,Offered, Close ,Opendoor,No,2.61,22.32,Job Transfer,,Jessica Lin,4043
4044,Null,Available,Opendoor,Yes,11.95,11.24,Downsizing,,Emily Patel,4044
4045, Closed,Kick,Broker,Yes,7.01,21.02,,No,Priya Sharma,4045
4046,Null, Close ,Broker,No,11.85,12.57,,No,Emily Patel,4046
4047, Closed,Kick,Broker,,17.7,14.78,,Yes,Luis Garcia,4047
4048,Cancelled,Always Kick,Internal,No,18.46,13.13,Investor Sale,Yes,Amit Kumar,4048
4049,Neww,Available,M.L.S.,,17.5,24.8,Investor Sale,Yes,Emily Patel,4049
4050,Null,Kick,Opendoor,,7.19,13.51,,Yes,Samantha Pierce,4050
4051,New,Always Kick,Auction.com,No,6.04,18.54,,Yes,Jason Miller,4051
4052,Offered,Pending,Auction.com,No,6.99,17.23,Job Transfer,,Jason Miller,4052
4053,Closed,Closed,Broker,No,3.38,18.64,Downsizing,No,Jessica Lin,4053
4054,Accepted Offer,Null,Opendoor,No,10.54,22.88,Downsizing,,Priya Sharma,4054
4055,Cancelled,Null,Broker,,10.93,27.15,Job Transfer,No,Jason Miller,4055
4056,Cancelled,Always Kick, MLS,Yes,7.64,6.0,,,Sophia Williams,4056
4057,Offered,Cancelled, MLS,Yes,18.1,10.2,,Yes,Sophia Williams,4057
4058,Offered,Kick,M.L.S.,No,10.09,19.81,Downsizing,,David Thompson,4058
4059,Cancelled,Cancelled,M.L.S.,Yes,3.65,11.35,,No,Amit Kumar,4059
4060,Neww,Cancelled,Broker,No,5.44,26.23,Downsizing,No,Priya Sharma,4060
4061, ,Null,Opendoor,Yes,12.0,16.61,Investor Sale,Yes,Jessica Lin,4061
4062,Closed,Pending,Auction.com,Yes,17.4,24.8,,,Priya Sharma,4062
4063, ,Cancelled,M.L.S.,,18.69,23.06,Investor Sale,Yes,Priya Sharma,4063
4064,Cancelled, ,Broker,Yes,5.22,26.7,,,Samantha Pierce,4064
4065,Neww,Always Kick,Bulk,,7.27,28.46,Investor Sale,Yes,Sophia Williams,4065
4066,Offered,Cancelled,Auction.com,Yes,11.27,29.96,Investor Sale,,Sophia Williams,4066
4067,Closed, Close , MLS,No,6.72,5.61,Downsizing,Yes,Emily Patel,4067
4068,New,Cancel,M L S,Yes,2.91,14.44,Downsizing,No,Emily Patel,4068
4069, ,Always Kick,Opendoor,Yes,13.11,19.94,,No,Emily Patel,4069
4070,Closed,Null,Bulk,Yes,8.62,6.04,Investor Sale,No,David Thompson,4070
4071,Accepted Offer, ,Opendoor,,11.36,9.95,Investor Sale,No,Emily Patel,4071
4072,Cancelled,Pending,M L S,Yes,2.73,9.65,Job Transfer,No,Michael Chen,4072
4073,Closed,Null,M.L.S.,,13.94,23.4,,Yes,Sophia Williams,4073
4074,New,Kick,M.L.S.,,12.46,7.79,Job Transfer,No,Emily Patel,4074
4075,Accepted Offer,Pend,Bulk,,16.27,27.54,Investor Sale,,Jason Miller,4075
4076,Offered,Available,Internal,Yes,18.51,14.75,Downsizing,,Emily Patel,4076
4077,Null,Always Kick,Opendoor,No,18.23,21.97,Downsizing,No,Emily Patel,4077
4078,Neww,Close,M.L.S.,No,7.76,10.48,,Yes,Michael Chen,4078
4079,Reviewed,Null,Internal,Yes,8.43,5.33,,No,Sophia Williams,4079
4080,Closed, Close ,Broker,Yes,7.25,11.62,Job Transfer,No,Michael Chen,4080
4081,Closed,Kick,Auction.com,No,6.42,18.38,,,Jessica Lin,4081
4082,Closed, ,M.L.S.,,8.53,12.96,Job Transfer,Yes,Sophia Williams,4082
4083,Offered,Pending,Auction.com,No,4.03,20.98,,,Sophia Williams,4083
4084,New,Close,Opendoor,Yes,19.18,26.13,Downsizing,Yes,Jason Miller,4084
4085,Null, Close ,Bulk,No,10.11,24.86,Job Transfer,Yes,Jason Miller,4085
4086, ,Cancelled, MLS,Yes,12.79,9.71,Downsizing,,Jason Miller,4086
4087,Cancelled,Null,Opendoor,Yes,15.07,22.87,,Yes,Emily Patel,4087
4088,Offered,Cancelled,M L S,No,15.8,18.6,Investor Sale,Yes,Luis Garcia,4088
4089,Reviewed,Cancelled,M.L.S.,No,8.42,24.18,Investor Sale,,David Thompson,4089
4090,Null,Cancel,Auction.com,Yes,18.2,9.0,Downsizing,,Samantha Pierce,4090
4091,Cancelled,Always Kick,M L S,Yes,5.63,26.81,Downsizing,,Michael Chen,4091
4092,Cancelled, Close ,Internal,Yes,15.88,11.04,,No,Amit Kumar,4092
4093,Reviewed, Close ,Internal,No,17.59,29.73,Job Transfer,,Jessica Lin,4093
4094,Closed,Closed,M.L.S.,Yes,12.37,17.93,,Yes,Priya Sharma,4094
4095,Null,Cancel,Broker,No,16.21,17.88,Investor Sale,,Emily Patel,4095
4096,Cancelled,Pending,M.L.S.,No,17.78,19.89,Job Transfer,No,Emily Patel,4096
4097,Cancelled,Pending,Internal,Yes,2.91,8.05,Investor Sale,,Samantha Pierce,4097
4098,Reviewed,Close,M L S,Yes,6.78,9.95,,No,Samantha Pierce,4098
4099, Closed,Pending,M L S,No,16.26,22.88,Downsizing,Yes,Samantha Pierce,4099
4100,Reviewed,Cancel,M L S,Yes,18.87,20.66,Downsizing,,Jason Miller,4100
4101,Null,Pend,Opendoor,Yes,3.86,23.01,Investor Sale,,Jason Miller,4101
4102,Offered,Pend,Opendoor,Yes,8.58,6.54,Investor Sale,No,Emily Patel,4102
4103, Closed,Available,M.L.S.,,10.77,21.14,Downsizing,,Priya Sharma,4103
4104, Closed, Close ,Internal,No,4.97,6.91,Job Transfer,Yes,Priya Sharma,4104
4105, Closed,Closed,Bulk,No,10.49,10.08,,,Luis Garcia,4105
4106,Neww,Close,M L S,No,16.55,20.56,Investor Sale,,Jason Miller,4106
4107,New,Cancelled,Broker,Yes,6.79,27.83,,,Priya Sharma,4107
4108,Offered, ,M.L.S.,Yes,15.68,28.2,Investor Sale,No,Sophia Williams,4108
4109, Closed,Closed,Internal,,18.61,16.27,,No,Jason Miller,4109
4110,Reviewed,Null,M L S,,12.32,26.77,Downsizing,Yes,Luis Garcia,4110
4111,Reviewed, Close ,M L S,Yes,11.83,10.19,Investor Sale,Yes,Sophia Williams,4111
4112,Closed,Close,Bulk,Yes,13.48,14.29,Investor Sale,,Priya Sharma,4112
4113,Cancelled,Closed,Bulk,,8.59,13.29,Investor Sale,,Amit Kumar,4113
4114,Reviewed, Close ,Broker,Yes,8.58,24.97,Job Transfer,Yes,Samantha Pierce,4114
4115, Closed,Pending,Auction.com,No,17.94,21.82,Investor Sale,,Sophia Williams,4115
4116,Accepted Offer,Null,Internal,,8.06,15.53,Job Transfer,,David Thompson,4116
4117, Closed,Kick, MLS,No,15.44,11.92,Downsizing,No,Amit Kumar,4117
4118,Null, ,M.L.S.,,9.0,14.8,Investor Sale,No,Samantha Pierce,4118
4119,Closed,Cancelled,Internal,,18.96,6.75,Downsizing,,Emily Patel,4119
4120,Neww,Kick,Bulk,Yes,7.04,19.07,,No,Samantha Pierce,4120
4121,Accepted Offer,Pend,M.L.S.,Yes,4.03,12.35,,Yes,David Thompson,4121
4122, Closed,Pend,Opendoor,Yes,10.87,7.57,Job Transfer,Yes,Priya Sharma,4122
4123,Closed,Close,Opendoor,,8.04,14.26,,Yes,Michael Chen,4123
4124,Reviewed, ,Bulk,No,3.6,23.31,Downsizing,Yes,Michael Chen,4124
4125, Closed,Pending,Opendoor,No,19.97,11.05,Downsizing,Yes,Priya Sharma,4125
4126,Neww,Close,Broker,Yes,11.74,9.03,Downsizing,,Luis Garcia,4126
4127, ,Pend,M.L.S.,No,13.89,14.7,,No,Samantha Pierce,4127
4128,New,Always Kick,Bulk,Yes,14.44,21.14,,Yes,Samantha Pierce,4128
4129,Closed,Kick,M L S,No,7.27,8.71,Job Transfer,No,Emily Patel,4129
4130,Closed,Kick,M L S,Yes,17.82,7.66,,No,Priya Sharma,4130
4131,Reviewed,Cancel,M L S,No,15.51,25.29,,No,Emily Patel,4131
4132,New,Cancel,Bulk,Yes,12.68,21.93,Investor Sale,,Jessica Lin,4132
4133,New,Close,M L S,,5.23,25.17,Downsizing,No,Michael Chen,4133
4134,Accepted Offer,Cancel,Opendoor,Yes,17.61,27.3,Job Transfer,,Michael Chen,4134
4135,Neww,Always Kick,Internal,No,19.62,29.57,Investor Sale,,Jessica Lin,4135
4136,Cancelled,Null,Broker,Yes,14.59,24.58,,No,Emily Patel,4136
4137,Accepted Offer,Cancel, MLS,,18.89,28.99,Job Transfer,Yes,Emily Patel,4137
4138,Closed, ,Internal,,18.11,17.23,,No,Samantha Pierce,4138
4139,Offered,Pending,Opendoor,No,4.84,24.87,,No,Amit Kumar,4139
4140,Cancelled, ,M L S,Yes,3.82,21.88,,Yes,Jessica Lin,4140
4141,Neww,Close,Internal,No,19.09,25.22,Job Transfer,Yes,Samantha Pierce,4141
4142,Neww,Always Kick,M.L.S.,No,2.55,25.48,Job Transfer,No,Luis Garcia,4142
4143,Cancelled,Cancel,Bulk,No,4.42,28.83,Investor Sale,,Emily Patel,4143
4144,Reviewed,Null,Internal,No,5.64,28.03,Investor Sale,No,Emily Patel,4144
4145,Accepted Offer, Close ,Bulk,,11.73,6.63,Investor Sale,,Luis Garcia,4145
4146,Cancelled,Available,Bulk,No,17.37,7.24,Investor Sale,,Amit Kumar,4146
4147,Null, ,M L S,No,5.61,10.94,,,Emily Patel,4147
4148, Closed,Null, MLS,No,11.93,19.24,Job Transfer,,Michael Chen,4148
4149,Accepted Offer,Close,M.L.S.,No,7.73,6.3,,Yes,Samantha Pierce,4149
4150,Cancelled,Null,Bulk,Yes,19.26,7.48,Investor Sale,,Michael Chen,4150
4151,Neww,Cancelled,M L S,,19.76,22.25,,No,Emily Patel,4151
4152,Reviewed,Null,M L S,No,12.66,23.3,Downsizing,No,Sophia Williams,4152
4153,Cancelled, Close , MLS,No,12.61,24.92,Job Transfer,No,Samantha Pierce,4153
4154,Neww, Close ,Broker,Yes,3.35,11.08,Job Transfer,No,Jessica Lin,4154
4155,New,Available,Opendoor,No,15.4,11.19,Downsizing,No,Amit Kumar,4155
4156, ,Available,M.L.S.,,2.56,15.85,Job Transfer,Yes,Priya Sharma,4156
4157,Accepted Offer,Pend,Bulk,,19.59,12.75,Investor Sale,Yes,Emily Patel,4157
4158,Reviewed,Pending,Bulk,,12.28,28.55,Downsizing,No,Jessica Lin,4158
4159,Cancelled,Pend,Internal,Yes,6.66,17.46,,No,Sophia Williams,4159
4160,Null,Null,Auction.com,No,12.89,26.89,,No,Jason Miller,4160
4161,New,Available,Opendoor,No,6.84,6.65,Downsizing,,Michael Chen,4161
4162,Null,Pend,Internal,Yes,13.14,12.46,Investor Sale,,Michael Chen,4162
4163,New,Kick,Bulk,Yes,9.18,21.81,,No,Emily Patel,4163
4164,Reviewed, Close ,Internal,,5.61,26.38,Investor Sale,Yes,David Thompson,4164
4165, Closed,Closed,Internal,Yes,10.44,15.82,Investor Sale,No,Priya Sharma,4165
4166,Cancelled,Cancelled,Broker,Yes,2.02,21.7,Downsizing,Yes,David Thompson,4166
4167,Cancelled, Close ,M.L.S.,,13.32,20.64,Job Transfer,No,Jessica Lin,4167
4168, , ,Internal,,17.68,28.29,Investor Sale,,Luis Garcia,4168
4169, ,Close, MLS,,17.95,9.13,Downsizing,,Amit Kumar,4169
4170,New,Closed,M.L.S.,Yes,12.04,13.88,Job Transfer,No,Samantha Pierce,4170
4171,Null,Kick,M.L.S.,Yes,4.24,27.87,Investor Sale,,Priya Sharma,4171
4172,Closed, Close ,Bulk,No,12.05,12.7,Investor Sale,,Priya Sharma,4172
4173,Reviewed,Pend,Internal,Yes,16.71,10.34,Downsizing,,Amit Kumar,4173
4174,Neww, Close , MLS,Yes,2.95,9.35,Investor Sale,,David Thompson,4174
4175,Accepted Offer,Close,M.L.S.,No,6.3,7.05,Job Transfer,,Sophia Williams,4175
4176, ,Pend,Broker,Yes,9.85,12.21,Job Transfer,,Luis Garcia,4176
4177,Accepted Offer,Closed,Bulk,,3.95,20.41,Downsizing,No,Luis Garcia,4177
4178,Reviewed,Pending,Internal,,18.72,8.61,Job Transfer,,Luis Garcia,4178
4179,Neww,Always Kick,Broker,No,4.82,22.69,,,David Thompson,4179
4180, ,Null,M L S,No,6.11,16.87,Downsizing,,Amit Kumar,4180
4181,Accepted Offer,Available,Bulk,Yes,17.47,10.74,Job Transfer,Yes,Jessica Lin,4181
4182,Offered,Cancel, MLS,No,13.44,12.78,,Yes,Luis Garcia,4182
4183, ,Closed,Broker,Yes,16.14,7.5,,Yes,Sophia Williams,4183
4184,Null,Cancel,M.L.S.,Yes,15.39,17.73,,No,Sophia Williams,4184
4185,Null,Pend, MLS,Yes,8.62,24.78,,No,Jessica Lin,4185
4186,Closed,Closed,M.L.S.,Yes,16.78,6.41,Downsizing,Yes,Jason Miller,4186
4187,Offered,Null,Internal,Yes,5.12,29.26,Job Transfer,,Michael Chen,4187
4188,Accepted Offer, Close ,M L S,No,13.48,18.83,Investor Sale,,Sophia Williams,4188
4189,New,Cancel,Opendoor,No,2.29,11.57,Investor Sale,No,Michael Chen,4189
4190,New,Available,M.L.S.,,13.38,16.44,Investor Sale,Yes,Priya Sharma,4190
4191,New,Always Kick,M L S,No,3.75,25.1,Investor Sale,No,Luis Garcia,4191
4192,Accepted Offer,Pend,Internal,Yes,3.93,29.37,Investor Sale,No,Priya Sharma,4192
4193,Offered,Available,M L S,No,12.65,17.85,,Yes,David Thompson,4193
4194, ,Cancelled, MLS,,7.03,25.12,Job Transfer,,Michael Chen,4194
4195,Reviewed,Null,Broker,,17.2,12.48,Job Transfer,No,Emily Patel,4195
4196,Null,Null,Broker,Yes,17.28,14.07,Job Transfer,No,Amit Kumar,4196
4197,Neww,Null,Bulk,,10.44,7.31,Investor Sale,Yes,Sophia Williams,4197
4198,Closed,Close,Auction.com,,15.73,25.65,Job Transfer,Yes,Samantha Pierce,4198
4199,New,Null,M L S,No,14.01,13.78,Investor Sale,,Jason Miller,4199
4200,New,Available,M.L.S.,,11.52,18.79,Downsizing,No,Sophia Williams,4200
4201,Accepted Offer,Null,Internal,Yes,8.35,7.79,,,Priya Sharma,4201
4202,Closed,Always Kick,Internal,No,7.74,22.39,Downsizing,,Jason Miller,4202
4203,Cancelled,Closed,Internal,,8.4,10.93,Downsizing,No,Michael Chen,4203
4204,Reviewed,Pending,Internal,No,15.33,24.58,Downsizing,No,Jessica Lin,4204
4205,Neww,Close,Auction.com,Yes,17.88,6.96,Investor Sale,,Amit Kumar,4205
4206,Closed,Kick,Internal,No,10.45,17.5,Investor Sale,No,Samantha Pierce,4206
4207, Closed,Close,Broker,,11.74,15.18,Investor Sale,,Samantha Pierce,4207
4208,New,Always Kick,M.L.S.,,11.67,9.54,Job Transfer,,Priya Sharma,4208
4209,Reviewed, , MLS,Yes,2.5,8.75,Job Transfer,Yes,Emily Patel,4209
4210,Null,Pending,Opendoor,Yes,8.18,29.9,Investor Sale,,Samantha Pierce,4210
4211,Offered, Close ,Auction.com,,18.9,9.03,Downsizing,No,Samantha Pierce,4211
4212,Closed,Cancel,Bulk,Yes,19.88,29.25,Job Transfer,,David Thompson,4212
4213,Neww,Null,Bulk,No,16.13,20.77,Job Transfer,,Emily Patel,4213
4214,Neww,Kick,M.L.S.,Yes,2.46,18.96,Investor Sale,,Priya Sharma,4214
4215,Neww,Available,Bulk,Yes,16.82,16.76,Job Transfer,,Jessica Lin,4215
4216, , Close ,M.L.S.,Yes,17.87,18.75,,Yes,David Thompson,4216
4217,Accepted Offer,Available,Bulk,Yes,7.59,21.09,,No,Jason Miller,4217
4218,Offered,Kick,Broker,,9.55,8.5,Downsizing,Yes,Sophia Williams,4218
4219, Closed, ,M.L.S.,Yes,18.8,13.65,Investor Sale,No,Samantha Pierce,4219
4220,Cancelled,Close,Broker,,4.25,18.41,Investor Sale,Yes,Priya Sharma,4220
4221,New,Kick,Auction.com,Yes,3.31,25.5,Downsizing,No,Michael Chen,4221
4222,New,Available, MLS,Yes,18.41,6.49,,Yes,Michael Chen,4222
4223,Neww, Close ,M.L.S.,Yes,14.83,17.37,Investor Sale,,Luis Garcia,4223
4224,Cancelled,Always Kick,Broker,,17.2,10.85,,,Jessica Lin,4224
4225, Closed, ,Opendoor,Yes,8.28,5.84,Downsizing,Yes,Samantha Pierce,4225
4226,New, ,Auction.com,No,3.39,20.53,Investor Sale,No,Priya Sharma,4226
4227,Cancelled,Cancelled,M L S,Yes,6.12,14.16,Downsizing,Yes,Priya Sharma,4227
4228,Neww, ,M L S,Yes,18.23,14.2,Downsizing,No,Emily Patel,4228
4229,Cancelled,Cancel,Broker,,7.21,22.69,Investor Sale,No,Jessica Lin,4229
4230,Neww,Close,M.L.S.,Yes,12.1,28.3,,,Emily Patel,4230
4231,Closed,Close, MLS,,4.35,18.76,,Yes,Emily Patel,4231
4232, Closed,Cancel,Bulk,Yes,15.43,15.59,,,Sophia Williams,4232
4233,Cancelled,Close,M.L.S.,No,17.08,9.76,Investor Sale,,Amit Kumar,4233
4234,Offered,Close,M.L.S.,,5.67,8.97,,No,Jessica Lin,4234
4235,New,Cancelled, MLS,No,14.71,13.49,Job Transfer,,Samantha Pierce,4235
4236,Accepted Offer,Close,M L S,Yes,7.14,22.97,,No,Jessica Lin,4236
4237, Closed,Pend,Bulk,,9.19,23.05,Downsizing,Yes,Priya Sharma,4237
4238,Closed,Always Kick,Opendoor,No,12.36,27.59,Investor Sale,Yes,Jason Miller,4238
4239,Neww,Cancelled,Internal,Yes,11.72,21.22,Job Transfer,,Sophia Williams,4239
4240,Reviewed,Close,Bulk,,15.95,6.79,Job Transfer,No,Priya Sharma,4240
4241,Neww,Kick,Broker,Yes,17.33,22.89,Downsizing,,Amit Kumar,4241
4242, Closed,Cancelled,Internal,No,16.97,11.73,Downsizing,Yes,Luis Garcia,4242
4243,Neww,Pend,Broker,,9.79,24.55,Investor Sale,,Amit Kumar,4243
4244,Cancelled,Kick,Opendoor,No,13.92,5.38,Investor Sale,,Priya Sharma,4244
4245,Offered, ,M.L.S.,No,7.76,25.17,,Yes,Jason Miller,4245
4246,Offered,Always Kick,M.L.S.,No,18.59,9.37,Downsizing,No,Amit Kumar,4246
4247,New,Cancelled,Bulk,No,19.54,20.93,Job Transfer,No,Priya Sharma,4247
4248,Closed,Available,Internal,No,6.49,21.34,,Yes,Amit Kumar,4248
4249,New,Pend, MLS,Yes,5.04,21.83,Downsizing,No,Jessica Lin,4249
4250,New,Kick,M.L.S.,Yes,8.96,29.12,Investor Sale,Yes,Emily Patel,4250
4251, ,Cancel,M.L.S.,,18.54,7.79,Downsizing,No,Sophia Williams,4251
4252,Offered,Pend,Opendoor,Yes,6.23,6.61,Downsizing,Yes,Emily Patel,4252
4253,Offered, ,Bulk,No,12.76,7.73,Job Transfer,,Jessica Lin,4253
4254,Offered,Closed,Broker,,7.71,25.63,,No,Emily Patel,4254
4255,Null,Pending, MLS,No,13.05,23.9,Investor Sale,No,Jason Miller,4255
4256,Neww,Cancel,M.L.S.,No,17.71,18.14,,No,Amit Kumar,4256
4257,Offered,Always Kick,Opendoor,Yes,3.95,26.42,Downsizing,Yes,Emily Patel,4257
4258,New, Close ,Internal,Yes,14.75,7.1,Downsizing,Yes,Luis Garcia,4258
4259,Neww,Cancelled,Broker,No,5.26,24.2,,No,Michael Chen,4259
4260,Reviewed,Pending,Bulk,,3.95,24.88,Investor Sale,,Sophia Williams,4260
4261,Reviewed,Closed, MLS,No,13.09,11.85,Investor Sale,,Luis Garcia,4261
4262, Closed,Cancelled,Internal,,12.06,27.58,Investor Sale,,Luis Garcia,4262
4263,New, Close ,Auction.com,Yes,16.6,28.2,Job Transfer,Yes,Michael Chen,4263
4264,Null,Close,M L S,Yes,10.48,26.19,,No,Sophia Williams,4264
4265,Reviewed,Cancel,Opendoor,Yes,11.58,19.99,Job Transfer,Yes,Jason Miller,4265
4266,Cancelled, Close ,M L S,,16.23,10.66,Job Transfer,No,Luis Garcia,4266
4267,Closed,Pending,M L S,Yes,12.57,25.54,Investor Sale,Yes,Michael Chen,4267
4268,Closed,Closed,M L S,,11.32,20.81,,No,Jessica Lin,4268
4269,Accepted Offer, Close ,Opendoor,,15.61,5.83,Job Transfer,,Jason Miller,4269
4270,Null,Pend,Internal,Yes,7.42,17.83,Job Transfer,No,Priya Sharma,4270
4271,New,Pending,Internal,,13.95,15.59,,,Sophia Williams,4271
4272,New, Close ,Broker,No,19.6,29.37,,No,Priya Sharma,4272
4273,Offered,Null,Bulk,No,11.9,13.69,Investor Sale,,Amit Kumar,4273
4274, Closed, Close ,Opendoor,,13.95,27.37,Downsizing,Yes,Amit Kumar,4274
4275, ,Close,Internal,Yes,19.73,11.81,Downsizing,No,Amit Kumar,4275
4276,Null,Kick,M.L.S.,,2.11,25.16,Downsizing,,David Thompson,4276
4277,Cancelled,Null,Broker,Yes,9.05,7.71,Downsizing,Yes,Luis Garcia,4277
4278,Offered,Cancelled, MLS,No,13.96,29.72,Job Transfer,No,Emily Patel,4278
4279,Cancelled,Pending,Auction.com,No,2.55,23.02,,Yes,Sophia Williams,4279
4280,New,Cancel,Opendoor,Yes,7.68,18.63,Investor Sale,No,Priya Sharma,4280
4281, ,Null,M.L.S.,,10.03,7.2,Investor Sale,,Sophia Williams,4281
4282,Closed,Closed,Auction.com,,11.59,24.91,Job Transfer,,Samantha Pierce,4282
4283,Offered,Pending,Internal,Yes,2.03,26.06,,Yes,Michael Chen,4283
4284,Neww,Kick,Internal,No,10.44,28.0,,,Jessica Lin,4284
4285,Closed,Close,Bulk,,5.84,14.07,Investor Sale,No,Priya Sharma,4285
4286, ,Pend,Internal,Yes,5.45,29.17,Job Transfer,No,David Thompson,4286
4287,Cancelled, ,Opendoor,Yes,17.46,10.9,,,Jason Miller,4287
4288,Neww, Close ,Broker,No,16.35,10.19,Downsizing,No,Amit Kumar,4288
4289,Null,Always Kick,M.L.S.,Yes,6.8,29.86,Downsizing,,David Thompson,4289
4290,Neww,Close,Internal,Yes,17.63,9.59,Job Transfer,,Luis Garcia,4290
4291,New,Closed,Bulk,Yes,14.34,15.06,Downsizing,No,Samantha Pierce,4291
4292,Accepted Offer,Null,Opendoor,,9.31,6.47,Investor Sale,Yes,Samantha Pierce,4292
4293, Closed, Close ,M L S,Yes,7.12,18.71,Investor Sale,No,Jessica Lin,4293
4294,Neww,Close,Auction.com,,10.38,16.9,Investor Sale,,Priya Sharma,4294
4295,Accepted Offer,Cancel,Bulk,Yes,9.43,15.74,Downsizing,Yes,Samantha Pierce,4295
4296,Offered, ,M.L.S.,,7.75,11.26,Job Transfer,Yes,Luis Garcia,4296
4297, ,Kick,Broker,Yes,4.78,22.46,,Yes,Emily Patel,4297
4298,Accepted Offer,Null,Internal,No,8.56,27.04,Downsizing,No,Amit Kumar,4298
4299,Offered, ,Auction.com,Yes,3.37,24.79,Job Transfer,Yes,Sophia Williams,4299
4300,Neww,Pending,Auction.com,No,13.55,8.62,,No,Emily Patel,4300
4301,Cancelled,Cancelled,Auction.com,Yes,18.62,26.18,Downsizing,,Jessica Lin,4301
4302,Reviewed,Closed, MLS,Yes,13.37,24.95,Job Transfer,,David Thompson,4302
4303,Neww,Close,Internal,,2.91,15.14,Investor Sale,No,Samantha Pierce,4303
4304,Offered,Kick,Internal,Yes,9.19,25.27,,,David Thompson,4304
4305,Null, ,M.L.S.,Yes,2.32,18.93,Job Transfer,Yes,Michael Chen,4305
4306, Closed,Pending,M.L.S.,,16.48,27.73,Downsizing,,Jason Miller,4306
4307,Neww,Kick,Opendoor,,2.58,16.05,Investor Sale,,Michael Chen,4307
4308, ,Pend,M L S,Yes,10.51,13.42,,,Luis Garcia,4308
4309,Cancelled, ,Broker,Yes,13.26,24.34,Investor Sale,No,Samantha Pierce,4309
4310,Offered,Close,Broker,Yes,10.82,26.43,Downsizing,,Jessica Lin,4310
4311,Reviewed,Null, MLS,,19.16,26.03,,,Jessica Lin,4311
4312,Reviewed, Close ,Auction.com,No,13.52,19.06,Downsizing,,Luis Garcia,4312
4313,Null, ,Broker,Yes,18.44,16.9,,Yes,Priya Sharma,4313
4314,New,Cancelled,Broker,,10.65,22.64,Investor Sale,Yes,Emily Patel,4314
4315,New,Available,M.L.S.,Yes,3.45,5.9,,No,Amit Kumar,4315
4316,Cancelled,Kick,Opendoor,No,11.44,10.5,Job Transfer,Yes,Luis Garcia,4316
4317,Offered,Cancel,Bulk,,12.19,26.25,Job Transfer,,Priya Sharma,4317
4318,Null,Close, MLS,Yes,15.16,22.93,,No,Jessica Lin,4318
4319, ,Pending,M L S,No,15.41,10.75,Job Transfer,No,Jason Miller,4319
4320,Reviewed,Always Kick, MLS,,18.42,14.06,Investor Sale,Yes,Jason Miller,4320
4321,Reviewed,Cancel,Internal,Yes,15.4,20.03,Investor Sale,No,Jessica Lin,4321
4322,Closed,Pending,Broker,No,11.11,12.53,Investor Sale,,Emily Patel,4322
4323,Neww,Pending,Bulk,No,3.45,13.59,Job Transfer,,Michael Chen,4323
4324, Closed,Available,Broker,No,12.2,5.16,,No,Jessica Lin,4324
4325,Null,Kick,Bulk,,9.73,5.04,,No,Samantha Pierce,4325
4326, ,Close,Opendoor,,9.64,26.5,Job Transfer,No,Samantha Pierce,4326
4327, Closed,Kick,Opendoor,No,19.42,14.26,Investor Sale,No,Michael Chen,4327
4328,Reviewed,Cancelled,Auction.com,No,11.18,28.04,Investor Sale,,Samantha Pierce,4328
4329, Closed, ,M L S,,11.97,19.84,,,Sophia Williams,4329
4330,Neww,Close, MLS,,5.39,17.14,Downsizing,,Michael Chen,4330
4331,Neww,Kick,Auction.com,Yes,12.84,17.68,,No,Jessica Lin,4331
4332,New,Kick,Opendoor,No,15.16,28.78,Investor Sale,No,Emily Patel,4332
4333, Closed,Cancelled,Internal,No,10.57,7.53,Investor Sale,No,Samantha Pierce,4333
4334, ,Close,Auction.com,Yes,18.43,24.38,Job Transfer,Yes,David Thompson,4334
4335,Closed, , MLS,Yes,8.2,8.6,Downsizing,,Jason Miller,4335
4336, ,Null,Opendoor,Yes,5.62,22.35,,,Emily Patel,4336
4337, Closed,Pending,M.L.S.,Yes,18.55,29.32,Downsizing,Yes,Sophia Williams,4337
4338, Closed,Kick, MLS,No,16.71,19.25,Investor Sale,No,Jason Miller,4338
4339,New,Cancel,M.L.S.,Yes,16.11,26.71,Downsizing,,Luis Garcia,4339
4340,Cancelled,Always Kick, MLS,No,18.57,22.78,Investor Sale,No,Emily Patel,4340
4341,Closed, Close ,M.L.S.,,2.98,18.26,Job Transfer,Yes,Jason Miller,4341
4342, , Close ,Bulk,,2.27,24.45,Downsizing,No,Priya Sharma,4342
4343, ,Closed,Bulk,Yes,17.88,11.96,Downsizing,,Emily Patel,4343
4344,Reviewed, ,M.L.S.,No,2.45,27.15,Downsizing,,Emily Patel,4344
4345,Reviewed,Closed,M L S,Yes,3.11,13.49,Investor Sale,,Amit Kumar,4345
4346,Closed,Pend, MLS,,6.31,6.12,Investor Sale,No,Michael Chen,4346
4347,Cancelled,Null, MLS,,11.34,28.32,,,Emily Patel,4347
4348, Closed,Pend,Internal,Yes,19.16,11.9,Investor Sale,,Michael Chen,4348
4349,Cancelled, Close , MLS,Yes,17.43,25.52,Investor Sale,Yes,Luis Garcia,4349
4350,Accepted Offer, ,M.L.S.,No,10.37,23.77,Downsizing,Yes,Samantha Pierce,4350
4351,Accepted Offer,Closed,M L S,,9.66,16.53,Investor Sale,No,Samantha Pierce,4351
4352,Cancelled,Pend, MLS,Yes,10.37,18.91,,Yes,Luis Garcia,4352
4353,Null,Cancelled,Bulk,Yes,18.22,26.44,Investor Sale,Yes,Jason Miller,4353
4354, ,Always Kick, MLS,,17.31,15.36,Investor Sale,Yes,Jessica Lin,4354
4355,Closed,Cancelled,Opendoor,Yes,5.4,10.09,Downsizing,No,Jason Miller,4355
4356,Cancelled,Cancel,Broker,Yes,16.73,16.0,Downsizing,No,Michael Chen,4356
4357,Cancelled,Pending,Internal,,5.71,22.72,Job Transfer,Yes,Luis Garcia,4357
4358,Neww,Cancel, MLS,Yes,2.03,22.28,Downsizing,Yes,David Thompson,4358
4359,Offered,Pending,Bulk,Yes,9.54,28.75,Downsizing,,David Thompson,4359
4360, ,Always Kick,M.L.S.,Yes,11.61,10.25,,Yes,Emily Patel,4360
4361,Null,Close,Internal,Yes,7.88,21.06,Downsizing,No,Jason Miller,4361
4362,Offered,Closed,M L S,No,19.84,8.99,Investor Sale,Yes,Jessica Lin,4362
4363,Offered,Kick, MLS,Yes,12.27,6.33,Downsizing,Yes,Samantha Pierce,4363
4364, ,Cancelled,Opendoor,,18.6,7.38,,No,David Thompson,4364
4365, ,Pending,M L S,No,13.17,6.27,Investor Sale,No,Michael Chen,4365
4366,Accepted Offer,Closed,Broker,No,2.43,22.45,Downsizing,No,Jessica Lin,4366
4367,Null,Null,Opendoor,Yes,18.36,28.04,Downsizing,Yes,Priya Sharma,4367
4368, Closed,Kick, MLS,,2.28,10.4,Job Transfer,Yes,Emily Patel,4368
4369,Accepted Offer, ,Internal,No,13.26,11.38,Job Transfer,,Sophia Williams,4369
4370, Closed, ,Opendoor,,7.92,28.18,Job Transfer,Yes,Jason Miller,4370
4371,Closed,Closed,Opendoor,,18.17,18.16,Job Transfer,No,Luis Garcia,4371
4372,Neww,Closed,Bulk,Yes,13.94,28.46,Investor Sale,Yes,Luis Garcia,4372
4373,Accepted Offer,Always Kick,Bulk,No,16.85,10.8,Investor Sale,,Emily Patel,4373
4374,Accepted Offer,Available,Opendoor,Yes,13.12,26.21,,No,Sophia Williams,4374
4375,Accepted Offer, , MLS,,13.98,25.12,Job Transfer,Yes,Priya Sharma,4375
4376,Cancelled,Close,M.L.S.,No,15.32,6.07,Investor Sale,,Jason Miller,4376
4377,New, Close ,Auction.com,Yes,8.02,7.19,Downsizing,Yes,Amit Kumar,4377
4378,Accepted Offer,Cancel,Broker,Yes,13.55,28.35,Downsizing,Yes,Luis Garcia,4378
4379, Closed,Closed,Broker,,9.34,29.06,,,Michael Chen,4379
4380, Closed,Pend,Bulk,Yes,12.9,23.41,Job Transfer,Yes,David Thompson,4380
4381,Offered,Null,M L S,No,7.52,23.46,Downsizing,,Jason Miller,4381
4382,Offered, Close ,Broker,Yes,10.82,14.48,,Yes,David Thompson,4382
4383,Closed,Null,Bulk,No,3.01,26.24,Investor Sale,Yes,Amit Kumar,4383
4384,Closed,Closed,Auction.com,No,14.22,7.13,Downsizing,,Sophia Williams,4384
4385, ,Always Kick,Opendoor,No,9.28,18.53,Job Transfer,No,Sophia Williams,4385
4386,Closed,Pend,M.L.S.,,17.18,8.25,Investor Sale,,Amit Kumar,4386
4387,Neww,Cancel,Bulk,No,4.81,26.43,Job Transfer,,Amit Kumar,4387
4388,Null,Pend,Bulk,Yes,18.08,26.16,Downsizing,,Sophia Williams,4388
4389,Neww, ,Bulk,Yes,18.65,13.02,,No,Amit Kumar,4389
4390,New,Closed,M L S,,12.49,17.85,Job Transfer,No,Samantha Pierce,4390
4391,Neww,Closed,Auction.com,No,5.27,20.49,,Yes,Amit Kumar,4391
4392,New,Pend, MLS,No,10.02,29.63,Investor Sale,Yes,David Thompson,4392
4393, , ,Opendoor,No,4.8,12.76,Job Transfer,,Michael Chen,4393
4394,Neww,Null,M.L.S.,No,2.55,6.44,,,Emily Patel,4394
4395, Closed,Kick,M.L.S.,No,19.93,25.44,Job Transfer,,Luis Garcia,4395
4396, , ,Internal,Yes,10.97,13.31,Job Transfer,Yes,Emily Patel,4396
4397,Null, Close ,M.L.S.,,16.31,15.2,,No,Luis Garcia,4397
4398,Offered,Always Kick,Bulk,Yes,10.54,25.2,Investor Sale,Yes,Jessica Lin,4398
4399, Closed,Pend, MLS,Yes,10.44,29.11,,,Amit Kumar,4399
4400, Closed,Available,Opendoor,No,8.25,5.4,Job Transfer,No,Michael Chen,4400
4401, Closed,Close,Opendoor,No,12.99,22.12,,,Emily Patel,4401
4402,Neww, ,Broker,No,4.93,14.65,,,Samantha Pierce,4402
4403, Closed,Pend,Bulk,No,18.86,21.14,Investor Sale,,Amit Kumar,4403
4404,Cancelled,Available, MLS,Yes,7.53,25.37,Investor Sale,No,Emily Patel,4404
4405,Closed, ,Opendoor,Yes,10.42,10.55,Investor Sale,Yes,Emily Patel,4405
4406,Offered,Always Kick,Bulk,Yes,14.75,15.97,Investor Sale,No,Amit Kumar,4406
4407,New,Pend,Broker,Yes,12.37,14.29,Downsizing,,Priya Sharma,4407
4408,Closed,Always Kick,Auction.com,No,2.87,22.79,Downsizing,,Jason Miller,4408
4409,Null, ,Opendoor,,14.85,18.64,,No,Priya Sharma,4409
4410, Closed,Cancel,M.L.S.,No,12.29,23.39,Downsizing,Yes,Amit Kumar,4410
4411, Closed,Available,M.L.S.,No,13.23,8.04,,,David Thompson,4411
4412,Closed,Closed,M.L.S.,No,18.4,5.32,Downsizing,No,Jessica Lin,4412
4413,Reviewed,Null,M.L.S.,,12.48,13.63,Downsizing,No,Michael Chen,4413
4414,New, ,Opendoor,,9.44,10.95,,Yes,Amit Kumar,4414
4415, ,Pend,Internal,Yes,2.58,8.56,Downsizing,No,Michael Chen,4415
4416,Closed,Cancelled, MLS,,18.71,12.79,Job Transfer,Yes,David Thompson,4416
4417,Closed, Close ,Broker,Yes,12.0,9.26,Job Transfer,Yes,Priya Sharma,4417
4418, Closed,Closed,M L S,Yes,7.07,5.13,,Yes,Amit Kumar,4418
4419,Accepted Offer, Close ,Opendoor,No,10.06,15.83,Job Transfer,Yes,Samantha Pierce,4419
4420,Neww,Available,Auction.com,No,14.9,12.66,Downsizing,,Samantha Pierce,4420
4421,Offered,Pending,Broker,No,6.53,16.57,Job Transfer,No,Emily Patel,4421
4422,Accepted Offer,Closed,Bulk,No,17.28,5.09,Downsizing,Yes,Luis Garcia,4422
4423,New, , MLS,,2.32,16.74,Job Transfer,,Samantha Pierce,4423
4424,Null,Always Kick, MLS,Yes,5.08,5.04,,No,Emily Patel,4424
4425,New,Pending,Opendoor,No,6.34,27.35,Job Transfer,,Jason Miller,4425
4426, Closed, Close ,M.L.S.,No,17.35,26.1,Downsizing,Yes,Luis Garcia,4426
4427, Closed,Null,Bulk,,9.03,26.28,Downsizing,No,Luis Garcia,4427
4428,Offered, Close ,Opendoor,,5.42,20.94,,Yes,Luis Garcia,4428
4429,Accepted Offer, Close ,M.L.S.,Yes,19.14,28.47,,,Emily Patel,4429
4430, Closed,Close,Broker,No,3.83,26.81,,Yes,Jason Miller,4430
4431,Neww,Kick,Bulk,,15.72,28.53,Job Transfer,,David Thompson,4431
4432, ,Pending,Broker,,13.2,5.52,,,Michael Chen,4432
4433,New,Kick,Auction.com,Yes,14.6,17.34,Investor Sale,,Jason Miller,4433
4434,New,Always Kick,M.L.S.,,9.85,17.88,,Yes,Emily Patel,4434
4435,Neww,Cancelled,M L S,,7.0,13.19,,No,Jason Miller,4435
4436,Offered,Cancel, MLS,Yes,5.75,15.76,Job Transfer,,Samantha Pierce,4436
4437,Neww,Cancel,M.L.S.,No,17.21,21.68,Downsizing,Yes,Emily Patel,4437
4438,Neww,Null,Internal,Yes,2.61,16.74,Investor Sale,,Luis Garcia,4438
4439, Closed,Cancelled, MLS,Yes,9.71,17.98,Downsizing,,Samantha Pierce,4439
4440,Neww,Always Kick,Opendoor,,5.08,7.0,Job Transfer,,David Thompson,4440
4441,Accepted Offer,Closed,Bulk,Yes,16.61,5.53,Job Transfer,No,Jessica Lin,4441
4442,Closed,Null,Auction.com,,8.65,21.94,Job Transfer,,Emily Patel,4442
4443,Neww,Available,Auction.com,Yes,13.92,13.93,Investor Sale,,Michael Chen,4443
4444,Cancelled,Pend,Broker,Yes,8.33,10.74,Downsizing,,Priya Sharma,4444
4445,Offered, Close ,Opendoor,Yes,14.34,26.88,Investor Sale,Yes,Priya Sharma,4445
4446,Null,Pend,M L S,,18.02,27.53,Job Transfer,Yes,Priya Sharma,4446
4447,Null,Always Kick,Broker,Yes,4.14,14.32,,No,Luis Garcia,4447
4448,Accepted Offer, ,Internal,Yes,13.6,12.42,Job Transfer,No,Jason Miller,4448
4449,Closed,Kick,Broker,,16.54,18.18,,No,Jason Miller,4449
4450,Offered,Available,M.L.S.,,11.97,6.82,Investor Sale,Yes,Sophia Williams,4450
4451, Closed,Close, MLS,Yes,8.06,16.93,Downsizing,,Michael Chen,4451
4452,Reviewed,Pend,M.L.S.,No,10.01,24.11,Downsizing,,Priya Sharma,4452
4453,Cancelled,Cancelled,Opendoor,No,7.81,23.02,Job Transfer,No,Jessica Lin,4453
4454, Closed, ,Broker,Yes,3.35,16.22,Investor Sale,Yes,Sophia Williams,4454
4455,Null,Cancelled,Bulk,No,8.18,14.59,Downsizing,No,Michael Chen,4455
4456,Closed,Available,Opendoor,,3.81,29.88,Downsizing,Yes,Luis Garcia,4456
4457, ,Cancelled,Opendoor,No,3.56,20.57,Investor Sale,Yes,Amit Kumar,4457
4458, Closed, ,Bulk,,10.5,25.26,Investor Sale,No,Luis Garcia,4458
4459,Cancelled,Pend,Auction.com,No,18.95,18.07,Investor Sale,Yes,Jessica Lin,4459
4460,Closed,Pending, MLS,Yes,18.84,7.4,Investor Sale,Yes,Jessica Lin,4460
4461,Null,Close,Bulk,No,11.53,27.14,Job Transfer,,Jessica Lin,4461
4462,Reviewed,Pending,Internal,Yes,19.1,13.15,Downsizing,No,Luis Garcia,4462
4463,New,Null,M.L.S.,Yes,19.36,14.01,,No,Sophia Williams,4463
4464, ,Always Kick,Auction.com,,2.6,13.03,Job Transfer,,Emily Patel,4464
4465,Accepted Offer,Null,M.L.S.,No,8.53,25.44,,,Priya Sharma,4465
4466,New,Cancel,M.L.S.,No,15.49,8.71,Downsizing,No,Amit Kumar,4466
4467,Cancelled,Close,Internal,,6.18,16.53,Investor Sale,No,Michael Chen,4467
4468, Closed,Close,Bulk,No,16.62,20.34,,No,Jason Miller,4468
4469,Accepted Offer,Null,Broker,,13.03,17.56,Investor Sale,No,Samantha Pierce,4469
4470,Null, ,Broker,,19.46,11.02,,No,David Thompson,4470
4471, ,Close,Internal,,9.83,23.1,,,Amit Kumar,4471
4472, Closed, ,Broker,,13.95,19.8,Job Transfer,,Priya Sharma,4472
4473, ,Cancel,M L S,,18.82,14.48,Job Transfer,No,Priya Sharma,4473
4474, Closed,Close, MLS,Yes,14.98,13.92,,Yes,Jason Miller,4474
4475, , Close ,Auction.com,Yes,14.91,5.95,,No,David Thompson,4475
4476,Closed,Cancelled, MLS,No,17.41,21.62,Investor Sale,No,Amit Kumar,4476
4477, , ,Auction.com,Yes,11.46,22.1,Investor Sale,No,Amit Kumar,4477
4478,Offered,Cancelled,Bulk,Yes,19.72,9.56,Job Transfer,No,Jessica Lin,4478
4479,Null,Cancelled,Auction.com,Yes,10.45,9.64,,Yes,Priya Sharma,4479
4480,New,Pend,Internal,,7.34,28.24,Job Transfer,No,Jason Miller,4480
4481,Cancelled,Always Kick,M.L.S.,Yes,3.84,25.7,,Yes,Samantha Pierce,4481
4482, Closed,Always Kick,M L S,,18.97,28.11,Downsizing,No,Sophia Williams,4482
4483,Neww,Null, MLS,No,2.54,5.81,Investor Sale,Yes,David Thompson,4483
4484,Offered,Closed,Internal,Yes,12.07,18.5,Downsizing,No,Jason Miller,4484
4485,Closed,Always Kick,Bulk,No,15.54,29.73,,No,Emily Patel,4485
4486, ,Pend,Bulk,,18.59,15.67,,Yes,Emily Patel,4486
4487, ,Closed,Broker,,5.74,12.98,Job Transfer,Yes,Jessica Lin,4487
4488,New,Always Kick,M L S,No,9.37,27.08,Downsizing,No,Emily Patel,4488
4489, ,Always Kick,M L S,No,19.86,13.12,,No,Sophia Williams,4489
4490, Closed,Null,Auction.com,No,6.14,24.93,,Yes,Michael Chen,4490
4491,Reviewed, ,Internal,Yes,17.36,28.38,Downsizing,No,David Thompson,4491
4492,Cancelled, ,Internal,,15.57,10.71,,No,Sophia Williams,4492
4493,Reviewed,Closed,Opendoor,,4.24,20.53,,,Amit Kumar,4493
4494, Closed,Always Kick,Broker,Yes,8.89,20.87,Job Transfer,No,Luis Garcia,4494
4495,New,Close,Bulk,Yes,14.66,29.11,Downsizing,Yes,Amit Kumar,4495
4496,Reviewed,Cancel,Opendoor,No,12.86,13.1,Investor Sale,No,Emily Patel,4496
4497,Offered,Always Kick,M L S,Yes,9.36,5.69,Downsizing,Yes,Jessica Lin,4497
4498,New,Null,Auction.com,Yes,15.78,16.95,Job Transfer,No,Luis Garcia,4498
4499,Offered,Kick,Opendoor,Yes,11.01,27.29,,No,Samantha Pierce,4499
4500,Neww,Pending, MLS,Yes,4.61,17.19,Downsizing,No,Amit Kumar,4500
4501,Reviewed,Pend,M L S,No,2.27,13.82,Investor Sale,Yes,Priya Sharma,4501
4502,Offered, Close ,M L S,No,12.8,5.19,Investor Sale,,Sophia Williams,4502
4503, ,Cancel,Opendoor,Yes,12.51,26.32,Job Transfer,Yes,Priya Sharma,4503
4504, ,Pend,Internal,,16.5,24.13,Investor Sale,No,Michael Chen,4504
4505,Closed, , MLS,Yes,18.87,8.38,Job Transfer,,Samantha Pierce,4505
4506,Offered,Cancelled,M L S,No,7.52,23.46,,,Luis Garcia,4506
4507,Cancelled,Pending,Opendoor,Yes,16.44,25.63,Investor Sale,No,Luis Garcia,4507
4508,Null,Null,Auction.com,Yes,19.67,22.84,Downsizing,Yes,Sophia Williams,4508
4509, Closed,Null,M L S,,16.18,9.89,Downsizing,Yes,Amit Kumar,4509
4510,Reviewed, ,Internal,No,9.0,8.99,,,Michael Chen,4510
4511,Neww,Pend, MLS,,2.75,19.73,Downsizing,No,David Thompson,4511
4512,Cancelled,Closed, MLS,Yes,17.02,22.56,Job Transfer,Yes,Samantha Pierce,4512
4513,Closed,Null,Internal,Yes,18.71,13.34,,Yes,Emily Patel,4513
4514,Closed,Cancelled,Bulk,Yes,18.13,25.87,Job Transfer,,Jessica Lin,4514
4515,New,Kick,Auction.com,No,7.16,25.2,Job Transfer,Yes,Sophia Williams,4515
4516,Neww,Cancel, MLS,No,8.49,24.99,,Yes,Samantha Pierce,4516
4517,Accepted Offer,Cancelled,Broker,,17.35,11.45,Downsizing,No,Jessica Lin,4517
4518,Accepted Offer,Close,M.L.S.,,7.88,5.36,Downsizing,,Michael Chen,4518
4519,Accepted Offer,Cancelled,Bulk,Yes,18.31,20.03,Investor Sale,Yes,Priya Sharma,4519
4520,Null,Pend,Opendoor,,3.3,15.56,Downsizing,Yes,Michael Chen,4520
4521,Cancelled,Close, MLS,,19.06,28.27,Downsizing,No,Michael Chen,4521
4522,Offered,Available,Broker,,18.59,10.85,,Yes,Amit Kumar,4522
4523,Reviewed,Null,Bulk,Yes,11.68,25.41,Job Transfer,No,Michael Chen,4523
4524,Accepted Offer,Closed,Broker,,19.96,21.02,Investor Sale,,Amit Kumar,4524
4525,Neww,Closed, MLS,,14.88,15.58,Job Transfer,Yes,Samantha Pierce,4525
4526,Reviewed,Cancelled,Opendoor,No,16.26,18.16,Investor Sale,Yes,David Thompson,4526
4527,Offered,Cancelled,Bulk,No,11.49,7.72,Investor Sale,Yes,Priya Sharma,4527
4528,Reviewed,Available, MLS,,6.72,26.29,Job Transfer,No,Samantha Pierce,4528
4529,Accepted Offer,Close,Opendoor,No,16.56,28.24,Job Transfer,,Jessica Lin,4529
4530,Reviewed,Cancelled,Internal,No,11.58,7.82,Downsizing,No,David Thompson,4530
4531, Closed,Null,Internal,,4.05,27.59,Investor Sale,,Amit Kumar,4531
4532,Cancelled,Cancelled,M L S,,18.23,20.95,Job Transfer,Yes,David Thompson,4532
4533,Neww, ,Opendoor,,19.57,11.51,Job Transfer,,Samantha Pierce,4533
4534,Offered,Pend,Opendoor,Yes,17.65,12.95,Investor Sale,Yes,Sophia Williams,4534
4535,Neww, ,Opendoor,No,4.92,27.62,Downsizing,No,Samantha Pierce,4535
4536,Cancelled,Available,Bulk,,19.26,13.88,Job Transfer,Yes,Sophia Williams,4536
4537,Accepted Offer,Pending,Auction.com,No,18.26,10.81,Downsizing,No,Luis Garcia,4537
4538,Accepted Offer,Cancel, MLS,No,4.07,27.49,Investor Sale,Yes,Samantha Pierce,4538
4539,Reviewed,Null,M L S,No,12.66,17.96,Investor Sale,Yes,Amit Kumar,4539
4540,Accepted Offer,Always Kick,M.L.S.,No,16.13,6.23,Downsizing,,Amit Kumar,4540
4541,Accepted Offer,Available,Auction.com,,17.82,25.78,Job Transfer,No,Jessica Lin,4541
4542,Neww,Pend,Broker,Yes,15.07,28.33,Job Transfer,,Emily Patel,4542
4543, Closed,Available,Opendoor,No,2.88,29.79,Downsizing,Yes,Jason Miller,4543
4544,Cancelled,Always Kick,Bulk,No,2.61,27.67,,Yes,Jessica Lin,4544
4545,Accepted Offer,Pend,Auction.com,,7.8,7.8,Investor Sale,,David Thompson,4545
4546,Neww,Available,M.L.S.,,5.97,23.65,Investor Sale,Yes,Priya Sharma,4546
4547, Closed,Kick,Auction.com,,19.57,15.23,,Yes,Samantha Pierce,4547
4548,Reviewed,Closed,Opendoor,Yes,12.15,14.52,Job Transfer,Yes,Sophia Williams,4548
4549,Neww,Null,M.L.S.,,11.37,8.93,Job Transfer,No,Luis Garcia,4549
4550,Neww, Close ,M.L.S.,Yes,8.34,29.25,Investor Sale,Yes,Emily Patel,4550
4551,Cancelled, ,Broker,Yes,15.0,20.16,Investor Sale,Yes,Emily Patel,4551
4552,Neww,Cancel,Bulk,No,10.69,29.12,Downsizing,Yes,Michael Chen,4552
4553,Cancelled,Available,Opendoor,Yes,18.41,27.78,Investor Sale,Yes,Jason Miller,4553
4554,Cancelled,Kick,Internal,,6.67,10.77,Investor Sale,Yes,Samantha Pierce,4554
4555, Closed,Close,M L S,No,7.7,5.65,Investor Sale,,Luis Garcia,4555
4556, Closed,Pend,M L S,No,5.78,22.37,Job Transfer,Yes,Emily Patel,4556
4557,Neww,Always Kick,Opendoor,,19.57,24.72,,Yes,Amit Kumar,4557
4558, Closed,Cancelled,M L S,No,3.31,15.96,,Yes,Jessica Lin,4558
4559,Neww,Always Kick,Opendoor,,6.7,29.87,Job Transfer,,Michael Chen,4559
4560, , , MLS,No,17.05,25.88,Downsizing,Yes,Michael Chen,4560
4561,Closed,Pend,Bulk,No,10.57,10.99,Investor Sale,,Emily Patel,4561
4562,Cancelled, Close ,Bulk,Yes,3.76,15.85,Investor Sale,No,David Thompson,4562
4563,Cancelled, Close ,Internal,,7.39,22.6,Downsizing,No,Luis Garcia,4563
4564,Closed, Close ,Auction.com,Yes,2.42,5.36,Investor Sale,Yes,Samantha Pierce,4564
4565,Null,Cancelled,Broker,Yes,16.17,15.66,,Yes,Emily Patel,4565
4566,New,Pend,Opendoor,No,14.8,27.24,,Yes,Sophia Williams,4566
4567,New,Available,Broker,No,14.51,21.69,Investor Sale,,Emily Patel,4567
4568, Closed,Pending, MLS,No,11.62,17.67,Job Transfer,Yes,David Thompson,4568
4569,Accepted Offer,Always Kick,Internal,,3.52,12.63,Investor Sale,Yes,Emily Patel,4569
4570,Accepted Offer,Cancelled,M.L.S.,,16.34,29.33,Job Transfer,Yes,Amit Kumar,4570
4571,Cancelled,Cancel,M.L.S.,,17.85,7.54,Job Transfer,Yes,David Thompson,4571
4572, Closed,Pend,Opendoor,No,19.69,13.73,Investor Sale,Yes,Amit Kumar,4572
4573,Accepted Offer, ,Internal,No,10.22,15.66,Job Transfer,Yes,Sophia Williams,4573
4574,Neww, Close ,Internal,,17.45,23.4,Downsizing,,Jessica Lin,4574
4575,Neww, ,M L S,Yes,12.44,15.69,Downsizing,,Samantha Pierce,4575
4576,Offered,Closed,Auction.com,No,10.67,16.94,Investor Sale,Yes,Jason Miller,4576
4577,Reviewed, ,Bulk,No,5.27,26.66,Downsizing,No,Jessica Lin,4577
4578,Closed,Pending,Opendoor,,16.78,8.49,Downsizing,Yes,Jessica Lin,4578
4579, ,Pend, MLS,Yes,7.63,20.87,,No,Luis Garcia,4579
4580, ,Close,Opendoor,Yes,6.85,7.11,,No,David Thompson,4580
4581,Cancelled,Available,Opendoor,,4.19,16.41,Downsizing,,Jason Miller,4581
4582,New,Close,M.L.S.,Yes,5.98,18.06,Investor Sale,No,Priya Sharma,4582
4583,Null,Closed,Broker,Yes,16.38,26.18,Downsizing,No,Amit Kumar,4583
4584,New,Closed,Bulk,Yes,14.55,13.39,Downsizing,No,David Thompson,4584
4585, Closed,Available, MLS,Yes,3.83,20.62,Downsizing,Yes,Jessica Lin,4585
4586,Cancelled,Kick,Bulk,,2.51,23.9,Job Transfer,Yes,Emily Patel,4586
4587,Closed,Cancel,Auction.com,,15.44,14.35,,No,Jason Miller,4587
4588,Accepted Offer,Close,Internal,No,15.98,28.07,Downsizing,Yes,Emily Patel,4588
4589, ,Closed,Opendoor,,9.5,12.41,,Yes,Luis Garcia,4589
4590,Null, ,M L S,No,10.29,14.24,,,Jason Miller,4590
4591,Cancelled,Closed,M.L.S.,No,13.11,11.49,Investor Sale,No,Amit Kumar,4591
4592,Null,Always Kick,M L S,,18.4,22.22,Investor Sale,,Jason Miller,4592
4593, Closed,Pending,Opendoor,No,5.3,19.83,Investor Sale,Yes,Emily Patel,4593
4594,Neww,Close, MLS,,15.57,21.57,Downsizing,Yes,Jessica Lin,4594
4595,Offered,Null,Opendoor,Yes,16.59,15.2,Job Transfer,Yes,Jason Miller,4595
4596,Cancelled,Null,Broker,No,10.63,6.26,Downsizing,,Jason Miller,4596
4597,Cancelled,Close, MLS,,7.17,7.24,Investor Sale,Yes,David Thompson,4597
4598,Offered,Closed,Auction.com,Yes,2.38,25.7,Investor Sale,Yes,Sophia Williams,4598
4599,Offered,Always Kick,M L S,,18.32,19.79,Downsizing,Yes,David Thompson,4599
4600,Cancelled,Cancel,Bulk,No,5.24,15.9,Downsizing,No,Jason Miller,4600
4601,Closed,Close,Auction.com,Yes,2.45,5.83,Downsizing,Yes,Jessica Lin,4601
4602,Offered,Cancel, MLS,No,7.41,27.75,,No,Priya Sharma,4602
4603,Neww,Cancelled,Auction.com,,19.07,19.26,,,Jason Miller,4603
4604,Cancelled,Cancelled, MLS,,16.14,10.66,Downsizing,No,Sophia Williams,4604
4605,Reviewed,Available,Broker,No,18.99,6.94,Job Transfer,,Emily Patel,4605
4606,Offered, ,Internal,No,16.85,20.77,Investor Sale,,Michael Chen,4606
4607, Closed,Close,Internal,No,15.22,5.46,Investor Sale,,Priya Sharma,4607
4608,Cancelled,Always Kick,Internal,,6.04,18.23,Downsizing,Yes,Priya Sharma,4608
4609, ,Pend,Bulk,,19.1,25.77,,Yes,David Thompson,4609
4610,Closed,Closed, MLS,Yes,4.46,20.51,Job Transfer,,Amit Kumar,4610
4611, Closed,Pend,M L S,Yes,4.62,5.04,Downsizing,,Amit Kumar,4611
4612,Reviewed,Null,Bulk,No,17.77,19.79,Investor Sale,Yes,Emily Patel,4612
4613,Cancelled,Cancelled,M L S,Yes,15.46,22.55,Job Transfer,Yes,Sophia Williams,4613
4614,Closed,Pend,Internal,Yes,18.03,19.19,,Yes,Jessica Lin,4614
4615,Reviewed,Close,Auction.com,,5.01,9.67,Investor Sale,No,Amit Kumar,4615
4616, Closed,Pend, MLS,,10.8,7.77,Investor Sale,Yes,Amit Kumar,4616
4617,Null,Close,M.L.S.,Yes,16.09,10.91,Investor Sale,Yes,Amit Kumar,4617
4618,Neww,Always Kick, MLS,Yes,12.63,8.2,Job Transfer,No,Sophia Williams,4618
4619,Null,Pend,M.L.S.,No,10.98,9.66,Job Transfer,,Emily Patel,4619
4620,Closed,Null,Bulk,,18.23,15.81,Downsizing,No,Jessica Lin,4620
4621,New,Kick,Internal,,17.31,9.42,,No,Luis Garcia,4621
4622,Neww,Pend,Opendoor,No,18.18,5.23,Downsizing,No,Michael Chen,4622
4623,Offered,Closed,Internal,,6.68,25.52,Job Transfer,Yes,Priya Sharma,4623
4624,Accepted Offer,Pend,Opendoor,,14.6,20.24,Downsizing,Yes,Sophia Williams,4624
4625,Accepted Offer,Close,M L S,Yes,15.87,10.11,Investor Sale,,Jason Miller,4625
4626,Null,Pending,Bulk,No,14.83,22.08,,No,Jason Miller,4626
4627, Closed,Pend,Opendoor,Yes,11.86,6.49,,Yes,Luis Garcia,4627
4628,New,Pending,M L S,,10.31,14.14,Investor Sale,No,Emily Patel,4628
4629,Reviewed,Kick,Broker,Yes,14.25,14.43,Investor Sale,No,Emily Patel,4629
4630,Null,Available,Internal,Yes,5.78,7.43,Downsizing,,David Thompson,4630
4631,New,Always Kick, MLS,Yes,19.31,6.89,Investor Sale,Yes,Jessica Lin,4631
4632, Closed,Pending,Broker,Yes,12.71,20.89,Investor Sale,No,Michael Chen,4632
4633,Reviewed,Cancelled,Internal,No,6.69,11.61,Job Transfer,No,Jessica Lin,4633
4634,Neww,Pend,M.L.S.,No,15.41,14.86,Job Transfer,No,Luis Garcia,4634
4635, Closed, ,Auction.com,,16.5,10.54,Investor Sale,No,Amit Kumar,4635
4636, ,Close,M L S,Yes,11.97,13.66,Downsizing,No,David Thompson,4636
4637,Null,Close,Broker,,17.63,8.38,,Yes,Jessica Lin,4637
4638,Offered,Cancelled, MLS,,8.15,23.29,Downsizing,Yes,Samantha Pierce,4638
4639,Neww,Closed, MLS,,10.31,17.08,,Yes,Emily Patel,4639
4640,Closed,Cancel,M L S,Yes,4.19,20.32,Investor Sale,No,David Thompson,4640
4641,Cancelled,Kick,Broker,No,8.35,19.02,,No,Priya Sharma,4641
4642,New,Available,Opendoor,Yes,15.25,6.51,Investor Sale,Yes,Sophia Williams,4642
4643, ,Null,M.L.S.,,14.46,22.82,,Yes,Samantha Pierce,4643
4644, Closed, ,M.L.S.,No,3.52,12.23,,No,Michael Chen,4644
4645,Reviewed,Always Kick,Opendoor,Yes,4.52,14.0,,Yes,Sophia Williams,4645
4646,Reviewed,Always Kick,M.L.S.,,12.55,6.11,Downsizing,,Samantha Pierce,4646
4647,Closed,Kick,M L S,No,13.63,12.16,,,Luis Garcia,4647
4648,New,Cancelled,M L S,,14.26,5.62,Downsizing,,Michael Chen,4648
4649,Accepted Offer,Cancelled,Internal,Yes,15.92,14.74,,,Jason Miller,4649
4650,Offered,Kick,Internal,No,18.83,22.81,Downsizing,,Sophia Williams,4650
4651,Null,Pending,Internal,Yes,17.11,11.6,Downsizing,No,David Thompson,4651
4652,Null,Available, MLS,Yes,2.06,14.73,,Yes,David Thompson,4652
4653,Closed,Cancelled,M.L.S.,,16.72,12.29,,,Samantha Pierce,4653
4654,Cancelled,Pending,M L S,Yes,18.73,28.96,Downsizing,Yes,Jason Miller,4654
4655,Offered,Null,M.L.S.,,2.99,25.95,Downsizing,Yes,David Thompson,4655
4656,Offered,Cancelled,Bulk,Yes,13.25,11.43,,Yes,David Thompson,4656
4657,New,Always Kick, MLS,Yes,15.57,14.72,Investor Sale,Yes,Jason Miller,4657
4658,Accepted Offer,Kick,Internal,,15.7,16.28,Investor Sale,No,Samantha Pierce,4658
4659,Accepted Offer, Close ,Opendoor,No,19.94,25.19,,Yes,Amit Kumar,4659
4660,Offered,Closed, MLS,No,2.93,6.93,Job Transfer,,David Thompson,4660
4661,Null,Pending,Internal,Yes,10.09,21.62,,No,Luis Garcia,4661
4662, , Close , MLS,No,7.46,24.08,,No,Sophia Williams,4662
4663,Accepted Offer,Closed,Broker,No,18.49,15.76,Job Transfer,,Jason Miller,4663
4664, ,Kick,Bulk,,10.57,25.5,Investor Sale,No,Jessica Lin,4664
4665,Offered,Pending, MLS,Yes,8.94,13.87,Investor Sale,,Amit Kumar,4665
4666,Cancelled, ,M.L.S.,No,7.21,10.82,Investor Sale,Yes,Amit Kumar,4666
4667, ,Cancelled,Auction.com,No,3.74,14.63,Investor Sale,,Michael Chen,4667
4668,Offered,Always Kick, MLS,Yes,9.79,29.42,Job Transfer,Yes,Michael Chen,4668
4669,Neww,Available,Bulk,No,6.0,27.42,Downsizing,No,David Thompson,4669
4670,Offered,Cancelled,Internal,,12.38,26.79,Job Transfer,Yes,Jessica Lin,4670
4671,Offered,Cancelled,Auction.com,No,13.65,13.17,,No,Amit Kumar,4671
4672,Accepted Offer, ,Bulk,No,9.5,10.08,Investor Sale,No,Samantha Pierce,4672
4673,Accepted Offer,Kick,M.L.S.,No,10.01,9.15,,Yes,Jessica Lin,4673
4674,Reviewed, Close ,Opendoor,No,19.56,10.99,Job Transfer,No,Samantha Pierce,4674
4675,Closed,Pend,M L S,No,13.28,12.91,Investor Sale,,Luis Garcia,4675
4676,Accepted Offer,Cancelled,Broker,Yes,4.99,28.55,Investor Sale,No,Priya Sharma,4676
4677,Reviewed,Null,M.L.S.,,11.22,8.37,Job Transfer,Yes,Michael Chen,4677
4678, ,Always Kick, MLS,,3.23,11.53,Downsizing,No,Emily Patel,4678
4679,Null, Close ,Internal,,11.02,17.55,,,Amit Kumar,4679
4680,Neww,Close,Bulk,Yes,19.79,13.24,Job Transfer,Yes,Priya Sharma,4680
4681,New,Closed,M.L.S.,,13.75,27.67,Investor Sale,No,Sophia Williams,4681
4682,Cancelled,Cancelled,M.L.S.,No,13.4,9.21,Downsizing,,Emily Patel,4682
4683,New,Closed, MLS,Yes,4.83,8.83,Investor Sale,Yes,Priya Sharma,4683
4684,New,Pending,M.L.S.,,8.01,18.86,Investor Sale,Yes,Emily Patel,4684
4685, Closed,Pend,M L S,,17.43,6.24,Investor Sale,,Jason Miller,4685
4686,Accepted Offer,Pend, MLS,Yes,11.08,29.3,Investor Sale,,Jessica Lin,4686
4687,Accepted Offer,Close,M.L.S.,,11.71,9.48,Job Transfer,,Priya Sharma,4687
4688,Cancelled, Close , MLS,Yes,7.42,20.58,,No,Jason Miller,4688
4689,Null,Pend,Internal,,13.42,18.54,Investor Sale,No,David Thompson,4689
4690,Null,Always Kick, MLS,No,15.2,5.05,Investor Sale,,Emily Patel,4690
4691,Closed,Cancel,M.L.S.,No,4.74,20.55,,Yes,Priya Sharma,4691
4692,New,Cancel,M.L.S.,,13.34,8.44,Investor Sale,No,Samantha Pierce,4692
4693,Offered,Pend,M.L.S.,Yes,18.81,5.72,Downsizing,,Emily Patel,4693
4694,Offered,Cancel,Internal,Yes,6.79,11.81,Downsizing,,Jason Miller,4694
4695,Reviewed,Pending, MLS,,11.93,22.45,Downsizing,No,Samantha Pierce,4695
4696,Offered, ,Internal,Yes,14.89,13.09,Downsizing,,Jason Miller,4696
4697,Neww,Always Kick,Auction.com,,15.05,13.09,Job Transfer,Yes,Jason Miller,4697
4698,New,Close,Internal,No,11.84,21.4,Downsizing,Yes,Emily Patel,4698
4699,Accepted Offer,Available,Internal,,16.36,25.62,Job Transfer,,Jessica Lin,4699
4700,Cancelled,Kick,Broker,,8.38,27.99,Investor Sale,,Michael Chen,4700
4701,New,Closed,Auction.com,Yes,9.19,21.81,Job Transfer,No,Samantha Pierce,4701
4702, Closed,Always Kick,Opendoor,,12.48,17.4,,No,Priya Sharma,4702
4703,New,Pend, MLS,Yes,3.44,14.71,,No,Amit Kumar,4703
4704,New,Null,Broker,Yes,17.34,14.56,,,Sophia Williams,4704
4705,Reviewed,Kick,M L S,No,17.67,6.07,,Yes,Emily Patel,4705
4706,Cancelled, Close ,Bulk,Yes,4.12,16.12,Job Transfer,Yes,Priya Sharma,4706
4707,Reviewed, Close ,Auction.com,,15.3,17.04,Downsizing,Yes,Luis Garcia,4707
4708,New,Cancel,Auction.com,No,19.82,23.38,,,Priya Sharma,4708
4709,Accepted Offer,Available,Broker,No,14.29,16.61,Investor Sale,Yes,David Thompson,4709
4710,Accepted Offer,Kick,M.L.S.,No,16.99,23.42,Job Transfer,,Amit Kumar,4710
4711,Closed, Close ,Bulk,,17.0,15.6,,,Priya Sharma,4711
4712,Neww,Pending, MLS,Yes,9.7,12.78,Downsizing,Yes,David Thompson,4712
4713,Null,Always Kick,Opendoor,,17.25,29.76,,Yes,Samantha Pierce,4713
4714,Closed,Close,M L S,Yes,14.36,18.52,Downsizing,No,Priya Sharma,4714
4715, Closed,Closed,M L S,Yes,7.89,21.18,Job Transfer,,Priya Sharma,4715
4716,Cancelled,Cancelled,Auction.com,Yes,16.89,29.08,Job Transfer,No,Sophia Williams,4716
4717,Accepted Offer,Null,Auction.com,Yes,14.07,19.21,,No,Priya Sharma,4717
4718,Null,Kick, MLS,No,13.37,9.58,Job Transfer,,Sophia Williams,4718
4719,New,Null,Opendoor,No,3.36,25.62,Job Transfer,No,Samantha Pierce,4719
4720,Accepted Offer,Cancelled,Bulk,,10.82,11.97,Downsizing,No,Emily Patel,4720
4721,Reviewed,Close,Bulk,Yes,2.81,28.3,Downsizing,,Samantha Pierce,4721
4722, Closed,Cancelled,M L S,Yes,11.74,26.97,Investor Sale,No,Jason Miller,4722
4723,Closed, Close ,M L S,No,10.8,25.16,Job Transfer,No,Luis Garcia,4723
4724,Accepted Offer,Pend,Internal,Yes,4.02,12.74,Downsizing,No,Priya Sharma,4724
4725,Reviewed,Cancelled,Opendoor,No,2.64,8.7,Investor Sale,No,David Thompson,4725
4726, Closed,Available,Bulk,Yes,17.87,25.94,,Yes,Emily Patel,4726
4727, ,Pend,M.L.S.,No,16.75,19.28,,No,Samantha Pierce,4727
4728,Closed, Close ,Opendoor,Yes,16.62,18.95,Investor Sale,Yes,Emily Patel,4728
4729,Null,Cancelled,Opendoor,Yes,12.12,14.86,Downsizing,,Jessica Lin,4729
4730,Neww,Null,Auction.com,Yes,4.3,21.95,Investor Sale,No,Sophia Williams,4730
4731,Null,Cancelled,M L S,No,18.39,13.32,Downsizing,Yes,Emily Patel,4731
4732, Closed,Closed, MLS,,15.74,21.31,Job Transfer,,Priya Sharma,4732
4733,Accepted Offer,Pend,Internal,,9.09,25.78,Investor Sale,,Samantha Pierce,4733
4734,Reviewed,Kick,M L S,No,18.56,23.94,,Yes,Jessica Lin,4734
4735,Accepted Offer,Cancel,Opendoor,,18.26,16.75,,,Sophia Williams,4735
4736, Closed,Null,M.L.S.,,5.43,7.19,,Yes,Luis Garcia,4736
4737,Accepted Offer,Cancelled,Internal,,5.76,25.64,Downsizing,,Emily Patel,4737
4738,Neww,Cancel,Auction.com,,11.67,13.85,Investor Sale,No,Sophia Williams,4738
4739,Reviewed,Cancelled,M L S,No,18.23,13.41,,,Samantha Pierce,4739
4740,Accepted Offer,Closed,Broker,,9.52,16.49,Downsizing,,Michael Chen,4740
4741,Neww,Cancelled,Internal,No,13.73,5.72,Job Transfer,,Jason Miller,4741
4742, Closed,Pend,M L S,,3.39,15.88,,Yes,Emily Patel,4742
4743,Null,Always Kick,Internal,,6.79,5.86,,No,Jason Miller,4743
4744,Neww, Close ,Internal,,5.04,14.04,Job Transfer,No,Samantha Pierce,4744
4745,Closed,Always Kick,Broker,Yes,19.33,5.68,Investor Sale,Yes,Luis Garcia,4745
4746,Cancelled,Null,M L S,Yes,8.97,27.57,,No,Luis Garcia,4746
4747, Closed,Cancelled,Opendoor,Yes,13.17,26.92,Downsizing,Yes,Emily Patel,4747
4748,Offered,Available, MLS,,12.61,12.93,,Yes,Jessica Lin,4748
4749,Null, ,Auction.com,Yes,12.18,25.45,Job Transfer,Yes,Amit Kumar,4749
4750, ,Pending,M L S,,10.04,7.3,Investor Sale,No,Amit Kumar,4750
4751, ,Always Kick,Bulk,No,13.37,20.84,Job Transfer,,Luis Garcia,4751
4752,Accepted Offer, Close ,Broker,,13.59,6.86,,No,Emily Patel,4752
4753,Closed,Always Kick,Auction.com,,10.22,20.54,,,Michael Chen,4753
4754,Offered,Cancelled,Opendoor,No,17.24,13.09,Job Transfer,,Samantha Pierce,4754
4755,Reviewed,Null,M.L.S.,No,2.72,8.49,Job Transfer,Yes,Luis Garcia,4755
4756,Offered, Close ,Opendoor,Yes,14.29,22.78,Downsizing,Yes,Jason Miller,4756
4757,Closed,Available,Opendoor,,2.74,29.33,,Yes,Jessica Lin,4757
4758,Null,Closed, MLS,No,19.77,22.54,,No,Amit Kumar,4758
4759,Closed,Available,M.L.S.,Yes,4.71,13.37,Investor Sale,Yes,Amit Kumar,4759
4760,Accepted Offer,Always Kick, MLS,Yes,12.85,12.67,Job Transfer,No,David Thompson,4760
4761,Neww, ,Bulk,,15.27,21.93,Job Transfer,Yes,Amit Kumar,4761
4762,Closed,Cancelled, MLS,,19.86,10.13,Downsizing,Yes,Jessica Lin,4762
4763, Closed,Null, MLS,Yes,3.03,7.65,Downsizing,Yes,Michael Chen,4763
4764,Reviewed,Always Kick,M.L.S.,No,10.67,17.95,Investor Sale,Yes,Priya Sharma,4764
4765,Cancelled,Cancel,Bulk,No,3.87,18.62,Downsizing,,Priya Sharma,4765
4766, Closed,Always Kick, MLS,No,14.83,26.98,Investor Sale,No,David Thompson,4766
4767,Offered,Close,Opendoor,Yes,9.01,26.29,Downsizing,Yes,Amit Kumar,4767
4768,Null,Close,Opendoor,Yes,13.51,25.12,Investor Sale,Yes,Amit Kumar,4768
4769,Accepted Offer,Cancel,M L S,Yes,5.01,20.54,,Yes,Amit Kumar,4769
4770,Null, ,Bulk,No,7.39,18.45,Investor Sale,Yes,Jessica Lin,4770
4771,Cancelled,Kick,M.L.S.,No,14.93,22.76,Investor Sale,Yes,David Thompson,4771
4772,Null,Kick,M.L.S.,Yes,17.32,24.52,,,Jason Miller,4772
4773, ,Close,Broker,Yes,4.36,27.87,Job Transfer,Yes,Michael Chen,4773
4774,Closed, ,M.L.S.,Yes,2.37,10.55,Job Transfer,Yes,Jessica Lin,4774
4775,Null, Close ,Bulk,No,11.37,18.59,Investor Sale,Yes,Amit Kumar,4775
4776,Offered,Pending,Broker,Yes,4.09,11.77,Downsizing,Yes,Priya Sharma,4776
4777,Closed, Close , MLS,No,3.2,12.56,Job Transfer,No,Amit Kumar,4777
4778, ,Kick,M.L.S.,No,13.8,15.2,,,Jessica Lin,4778
4779,Reviewed,Cancel,Auction.com,,15.43,15.88,Job Transfer,No,Sophia Williams,4779
4780,Offered,Available,Opendoor,,8.45,20.03,Downsizing,Yes,Luis Garcia,4780
4781, Closed,Pend,Auction.com,Yes,14.43,21.16,Investor Sale,,Jessica Lin,4781
4782, ,Close,Auction.com,Yes,11.31,8.99,Investor Sale,Yes,Sophia Williams,4782
4783, ,Pend,M L S,No,6.99,28.48,Investor Sale,No,Emily Patel,4783
4784,Reviewed,Pend,Bulk,No,10.37,28.5,,No,Jason Miller,4784
4785,Closed,Closed,Opendoor,,10.14,16.21,Downsizing,,Jason Miller,4785
4786,Closed,Pending,Auction.com,,14.25,12.08,,,Jason Miller,4786
4787,Offered,Close,Opendoor,No,16.04,17.09,Downsizing,No,Luis Garcia,4787
4788, ,Null,M.L.S.,Yes,6.55,8.61,Investor Sale,,Jessica Lin,4788
4789, ,Pend,Bulk,Yes,15.36,22.6,Investor Sale,Yes,Sophia Williams,4789
4790, Closed,Cancelled,Opendoor,No,8.9,11.38,Job Transfer,Yes,Samantha Pierce,4790
4791,Offered,Pending,M L S,Yes,7.79,9.98,Downsizing,Yes,Priya Sharma,4791
4792,Cancelled,Closed,Broker,Yes,2.35,5.41,,Yes,Luis Garcia,4792
4793, ,Kick,M L S,No,13.37,17.09,Downsizing,,Luis Garcia,4793
4794, ,Pending,Bulk,No,16.33,11.75,Job Transfer,,Samantha Pierce,4794
4795,Offered,Pending,Bulk,Yes,16.08,25.72,Downsizing,No,Michael Chen,4795
4796, , Close ,Broker,Yes,18.17,13.08,,Yes,Priya Sharma,4796
4797,Reviewed, ,Auction.com,No,9.51,7.85,,,Michael Chen,4797
4798,New,Pend,M.L.S.,Yes,15.11,21.65,Job Transfer,No,Luis Garcia,4798
4799, Closed,Pend,M L S,Yes,8.58,7.18,Job Transfer,No,Sophia Williams,4799
4800,Accepted Offer,Null,Opendoor,No,18.54,16.16,,,Samantha Pierce,4800
4801,Cancelled,Kick,Broker,Yes,19.63,21.46,Investor Sale,Yes,Jason Miller,4801
4802, ,Null,Bulk,No,15.78,6.15,Investor Sale,No,Priya Sharma,4802
4803,Reviewed,Cancel,M.L.S.,,5.77,16.27,Downsizing,No,Luis Garcia,4803
4804,Null,Null,M L S,,2.35,15.95,Job Transfer,,Jessica Lin,4804
4805,Closed, Close ,Broker,No,12.89,25.49,Downsizing,,Jason Miller,4805
4806,Null,Close,Broker,,15.21,19.26,Downsizing,,Luis Garcia,4806
4807, ,Pending,Broker,,17.8,13.37,Job Transfer,No,Amit Kumar,4807
4808,New,Available,M.L.S.,Yes,5.21,13.83,Investor Sale,No,Amit Kumar,4808
4809, Closed,Cancel,Bulk,No,15.23,14.63,,Yes,Amit Kumar,4809
4810,Cancelled,Available,Auction.com,Yes,16.79,20.22,Downsizing,No,Jessica Lin,4810
4811,Accepted Offer, Close ,Auction.com,Yes,7.3,25.3,Investor Sale,,Emily Patel,4811
4812,Reviewed,Always Kick,Bulk,,7.65,24.77,Investor Sale,No,David Thompson,4812
4813,Reviewed,Cancel, MLS,,12.38,11.97,Job Transfer,Yes,Amit Kumar,4813
4814,Offered,Kick,Bulk,,3.12,10.12,Downsizing,No,Luis Garcia,4814
4815,Null,Pending,Opendoor,Yes,12.58,26.19,Downsizing,No,Michael Chen,4815
4816,Accepted Offer, Close ,Internal,Yes,11.11,5.64,,,Samantha Pierce,4816
4817, ,Pending,Internal,Yes,13.42,11.72,Job Transfer,No,Jessica Lin,4817
4818,Reviewed,Closed,M L S,,13.25,10.49,,No,Emily Patel,4818
4819,Offered, ,Internal,No,8.83,15.04,,No,Michael Chen,4819
4820,Cancelled,Closed,Bulk,No,8.13,9.97,Job Transfer,No,Michael Chen,4820
4821,New,Cancelled,Auction.com,No,13.12,29.49,Job Transfer,Yes,Sophia Williams,4821
4822,Neww,Closed, MLS,,19.73,9.95,Downsizing,,Emily Patel,4822
4823,New, ,Bulk,Yes,14.17,10.78,,No,Samantha Pierce,4823
4824,Accepted Offer, Close ,Opendoor,,10.2,24.34,Investor Sale,,David Thompson,4824
4825,Neww, ,M.L.S.,,12.39,6.15,Investor Sale,,Amit Kumar,4825
4826,Cancelled,Closed, MLS,,10.6,8.89,Job Transfer,No,David Thompson,4826
4827, Closed,Pending, MLS,No,3.08,5.16,Downsizing,,David Thompson,4827
4828,Neww,Always Kick,Opendoor,,2.14,9.58,Investor Sale,Yes,Jason Miller,4828
4829,Null,Pend,Auction.com,Yes,14.6,22.38,Downsizing,No,Priya Sharma,4829
4830,Accepted Offer,Pending,M L S,No,16.01,24.5,Downsizing,No,Sophia Williams,4830
4831,Accepted Offer,Pend, MLS,Yes,16.76,19.51,Job Transfer,No,Michael Chen,4831
4832, Closed, Close ,Bulk,Yes,14.89,11.13,Investor Sale,No,Jason Miller,4832
4833,Cancelled,Kick,M L S,No,12.61,23.05,Downsizing,No,Jason Miller,4833
4834,Closed,Close,Auction.com,Yes,10.63,20.37,,,Jessica Lin,4834
4835,Null,Available,Broker,,16.41,5.01,,Yes,Luis Garcia,4835
4836,Closed,Closed,M L S,No,5.34,15.19,Investor Sale,,Jason Miller,4836
4837,Offered,Null,Bulk,No,2.11,15.6,,Yes,Michael Chen,4837
4838, Closed, Close ,Bulk,,16.68,5.03,,No,Michael Chen,4838
4839,Offered,Closed,Opendoor,,11.2,14.91,Job Transfer,No,Luis Garcia,4839
4840,Null,Pend,Opendoor,,10.63,26.15,,,Emily Patel,4840
4841,Null,Pend,Internal,No,4.28,7.14,Downsizing,,Luis Garcia,4841
4842,Null,Always Kick,Internal,No,15.66,26.93,Investor Sale,Yes,David Thompson,4842
4843, ,Available,Internal,Yes,7.82,25.32,Investor Sale,,Amit Kumar,4843
4844,Closed,Close,Auction.com,Yes,18.89,8.48,Investor Sale,No,Sophia Williams,4844
4845, Closed,Available,Opendoor,No,9.92,27.82,Job Transfer,No,Jessica Lin,4845
4846,New,Cancelled,M.L.S.,,6.91,28.36,Investor Sale,No,Jason Miller,4846
4847,Offered,Kick, MLS,,17.64,18.87,Downsizing,,Luis Garcia,4847
4848,Closed, ,M.L.S.,No,2.51,8.71,Job Transfer,No,David Thompson,4848
4849,Accepted Offer, Close ,Bulk,No,7.63,5.76,Investor Sale,Yes,Emily Patel,4849
4850, ,Available,M.L.S.,,19.24,11.2,Job Transfer,No,Michael Chen,4850
4851,Offered, ,Broker,Yes,17.48,11.07,Investor Sale,Yes,Sophia Williams,4851
4852,Cancelled,Available,M.L.S.,,4.84,29.8,Investor Sale,No,David Thompson,4852
4853,Cancelled,Cancelled,Opendoor,No,19.09,24.25,,No,Michael Chen,4853
4854,New,Cancelled,Bulk,Yes,19.45,14.03,,No,Sophia Williams,4854
4855,Accepted Offer,Null,M L S,Yes,4.65,8.23,Downsizing,,Jessica Lin,4855
4856, Closed,Pending,M.L.S.,Yes,18.69,25.12,,,Jason Miller,4856
4857,Cancelled,Null,Opendoor,No,14.65,6.24,,Yes,Priya Sharma,4857
4858,Neww, Close ,Auction.com,Yes,16.18,18.85,Investor Sale,,Sophia Williams,4858
4859,Reviewed,Always Kick,Auction.com,Yes,7.82,10.8,,,Amit Kumar,4859
4860,Reviewed,Cancel,Bulk,Yes,15.07,25.76,Job Transfer,Yes,Jason Miller,4860
4861,Neww, ,Auction.com,No,9.41,6.63,,Yes,Samantha Pierce,4861
4862, Closed,Cancel,Broker,,10.59,5.89,,,Jessica Lin,4862
4863,Accepted Offer,Close,Auction.com,Yes,17.88,16.62,Job Transfer,,Michael Chen,4863
4864,Null,Null,M.L.S.,Yes,10.54,27.19,Job Transfer,Yes,Jessica Lin,4864
4865,New,Always Kick,Bulk,,3.51,7.93,Investor Sale,No,Jessica Lin,4865
4866,Reviewed,Null,Internal,Yes,10.55,11.76,Job Transfer,Yes,Jessica Lin,4866
4867,Accepted Offer,Always Kick, MLS,Yes,6.11,20.45,Downsizing,,Priya Sharma,4867
4868,New,Always Kick,Broker,,9.68,5.32,Investor Sale,No,Samantha Pierce,4868
4869,New,Pend,M.L.S.,Yes,11.49,19.16,,Yes,Amit Kumar,4869
4870,Offered,Closed,Broker,Yes,12.34,15.19,,,Emily Patel,4870
4871, Closed, ,M L S,,2.49,5.59,Downsizing,Yes,Jason Miller,4871
4872,Neww,Pending,Auction.com,,2.22,17.14,Job Transfer,Yes,Jason Miller,4872
4873,Cancelled,Kick,Internal,Yes,3.21,22.55,Investor Sale,,Samantha Pierce,4873
4874,Reviewed,Pending,Auction.com,,18.87,16.77,Job Transfer,,Samantha Pierce,4874
4875,Reviewed,Close,Internal,Yes,19.45,29.61,Downsizing,Yes,Priya Sharma,4875
4876,Neww,Null, MLS,Yes,13.54,16.13,,No,Michael Chen,4876
4877,New,Close,Opendoor,Yes,2.49,17.08,,No,Sophia Williams,4877
4878,Cancelled,Always Kick, MLS,Yes,16.42,19.38,Job Transfer,No,Priya Sharma,4878
4879,Accepted Offer,Cancelled,M.L.S.,,18.22,11.9,,No,Michael Chen,4879
4880,Cancelled,Null,Broker,No,18.43,10.82,,,David Thompson,4880
4881,Neww,Closed, MLS,Yes,18.8,17.09,,No,Sophia Williams,4881
4882,Offered,Pending,Internal,No,15.86,26.38,,Yes,Sophia Williams,4882
4883,Offered,Pending,M L S,No,11.16,23.86,Downsizing,Yes,Jessica Lin,4883
4884,Offered,Available, MLS,No,4.09,25.79,Investor Sale,No,Amit Kumar,4884
4885,Cancelled,Cancel,Broker,Yes,5.18,6.88,Investor Sale,Yes,Samantha Pierce,4885
4886, Closed,Null,Opendoor,No,19.74,12.4,Investor Sale,,Michael Chen,4886
4887,New,Available, MLS,,11.26,9.54,Job Transfer,Yes,Priya Sharma,4887
4888,Accepted Offer,Close,M L S,Yes,8.73,18.26,Investor Sale,,Emily Patel,4888
4889, Closed,Always Kick,Bulk,No,5.42,18.79,Downsizing,Yes,Amit Kumar,4889
4890,New,Kick, MLS,No,17.61,15.59,Investor Sale,,Priya Sharma,4890
4891,New, Close ,M.L.S.,No,2.98,14.37,Investor Sale,Yes,Jason Miller,4891
4892,New, Close ,Bulk,No,3.07,28.52,Investor Sale,Yes,Sophia Williams,4892
4893,Closed,Pending,M L S,Yes,13.34,8.36,,Yes,Sophia Williams,4893
4894,Neww,Cancel,Auction.com,Yes,12.83,21.83,Job Transfer,,Michael Chen,4894
4895,Reviewed,Close,M.L.S.,Yes,5.29,8.57,Investor Sale,No,Priya Sharma,4895
4896,Neww,Close,M.L.S.,,3.85,27.06,Job Transfer,No,Sophia Williams,4896
4897,Accepted Offer,Cancelled,Broker,Yes,6.78,20.42,Downsizing,Yes,Emily Patel,4897
4898,Neww,Pend, MLS,,6.14,17.26,Investor Sale,Yes,Samantha Pierce,4898
4899,Closed,Always Kick,Internal,No,3.24,24.47,,Yes,Jessica Lin,4899
4900,Cancelled,Always Kick,Bulk,No,11.63,26.55,Downsizing,Yes,Jessica Lin,4900
4901,Cancelled, Close ,Broker,Yes,10.85,6.82,Downsizing,,Michael Chen,4901
4902,Closed,Null,M L S,,2.22,18.45,Downsizing,,Priya Sharma,4902
4903,Offered,Always Kick,Opendoor,,10.71,19.77,Job Transfer,No,Emily Patel,4903
4904, Closed,Cancel,M L S,,3.43,27.64,Job Transfer,Yes,David Thompson,4904
4905,Closed,Kick,Bulk,Yes,18.62,13.32,Downsizing,Yes,Sophia Williams,4905
4906,Accepted Offer,Null,M.L.S.,Yes,11.15,15.29,Investor Sale,No,Samantha Pierce,4906
4907,Accepted Offer, ,Broker,Yes,14.55,29.95,Job Transfer,Yes,Emily Patel,4907
4908, ,Close,M.L.S.,,15.03,22.45,,,Sophia Williams,4908
4909,Reviewed,Pend,Broker,,4.09,12.48,Job Transfer,Yes,Jessica Lin,4909
4910,Closed,Closed,M.L.S.,,13.52,20.59,Downsizing,Yes,Jessica Lin,4910
4911,Neww,Pending,M L S,,3.23,27.0,Downsizing,,Samantha Pierce,4911
4912, ,Always Kick,Opendoor,Yes,12.36,17.22,Downsizing,,David Thompson,4912
4913, ,Cancel,M.L.S.,Yes,18.88,20.69,,No,Emily Patel,4913
4914,New,Cancelled,Broker,Yes,17.71,27.01,Investor Sale,Yes,Michael Chen,4914
4915, ,Cancel,M.L.S.,Yes,2.19,9.86,Investor Sale,Yes,Samantha Pierce,4915
4916,Accepted Offer,Always Kick,Internal,,6.64,17.95,Investor Sale,Yes,Amit Kumar,4916
4917,Reviewed,Null,M L S,Yes,10.71,5.44,,,Sophia Williams,4917
4918,Neww,Pending,Internal,No,20.0,26.11,,No,Amit Kumar,4918
4919,Offered, ,M.L.S.,,16.06,11.67,,No,Amit Kumar,4919
4920,Offered,Kick,Opendoor,No,19.41,15.8,,,Jason Miller,4920
4921,Reviewed, ,Broker,No,6.95,21.73,Downsizing,Yes,David Thompson,4921
4922,Reviewed,Always Kick,Bulk,,3.28,17.08,Investor Sale,No,Luis Garcia,4922
4923,Null,Cancelled, MLS,No,14.67,23.23,Downsizing,No,Jason Miller,4923
4924,Closed,Closed,Broker,,3.19,6.97,Investor Sale,No,Amit Kumar,4924
4925,New,Pend,Broker,,9.02,12.02,Downsizing,,Amit Kumar,4925
4926, ,Cancelled, MLS,Yes,3.51,12.41,Downsizing,Yes,Amit Kumar,4926
4927,Cancelled,Kick,Auction.com,,8.44,12.07,Job Transfer,No,Samantha Pierce,4927
4928,New,Pend,Internal,Yes,3.59,25.56,,,Michael Chen,4928
4929,Closed,Cancel,Bulk,Yes,12.41,5.49,Downsizing,Yes,Jessica Lin,4929
4930,New,Null,Broker,Yes,5.78,8.56,Downsizing,No,Samantha Pierce,4930
4931, Closed,Closed,M.L.S.,No,6.16,20.18,Downsizing,Yes,David Thompson,4931
4932,Null,Available,M.L.S.,,5.59,6.31,Downsizing,Yes,Michael Chen,4932
4933, ,Pend, MLS,No,7.38,15.83,,,Michael Chen,4933
4934,Cancelled, Close ,Broker,No,12.67,6.47,Downsizing,No,Michael Chen,4934
4935,New, Close ,Bulk,,16.44,27.8,Downsizing,No,Amit Kumar,4935
4936,New, Close ,M L S,No,16.8,7.79,Investor Sale,,Amit Kumar,4936
4937, ,Closed,M.L.S.,Yes,18.46,22.49,Investor Sale,Yes,Luis Garcia,4937
4938,Closed,Pend,M L S,Yes,18.56,22.13,,Yes,Luis Garcia,4938
4939,Null,Null, MLS,No,18.92,6.03,Investor Sale,Yes,Jessica Lin,4939
4940,Neww,Pend,Auction.com,No,3.3,21.11,,,Amit Kumar,4940
4941,New,Pending,Broker,Yes,5.59,27.48,Downsizing,,Priya Sharma,4941
4942, Closed, Close ,Broker,Yes,2.69,28.67,Investor Sale,No,Jason Miller,4942
4943,Null, Close ,Internal,No,19.07,21.92,Job Transfer,,Priya Sharma,4943
4944, Closed,Always Kick,Broker,,18.62,27.23,,No,Sophia Williams,4944
4945, Closed, Close ,Opendoor,Yes,7.51,24.37,Downsizing,,Luis Garcia,4945
4946, Closed,Close,Internal,Yes,10.2,18.47,Job Transfer,Yes,Amit Kumar,4946
4947,Accepted Offer, ,M L S,,10.77,15.79,Downsizing,,Luis Garcia,4947
4948, Closed, ,Broker,,6.42,27.26,Investor Sale,Yes,Sophia Williams,4948
4949,Cancelled,Kick,Internal,No,12.06,19.63,Downsizing,Yes,Jason Miller,4949
4950,Offered, ,Auction.com,No,17.19,15.99,,No,Samantha Pierce,4950
4951, Closed,Cancel,Bulk,Yes,19.4,14.87,Job Transfer,,Amit Kumar,4951
4952, Closed,Null,Bulk,Yes,9.06,20.98,,Yes,Priya Sharma,4952
4953, Closed,Always Kick, MLS,No,18.05,11.14,,,Jason Miller,4953
4954,Offered,Pending,Broker,Yes,15.44,18.74,Downsizing,No,Sophia Williams,4954
4955,New,Pend,M L S,,7.35,20.07,Downsizing,Yes,Jessica Lin,4955
4956, ,Cancel,Bulk,,15.1,21.89,,Yes,Emily Patel,4956
4957,Reviewed,Pending,Internal,No,16.39,21.08,Investor Sale,Yes,Amit Kumar,4957
4958,Neww,Cancelled,Bulk,No,7.32,9.62,,Yes,David Thompson,4958
4959,Neww,Cancel,M L S,No,14.04,17.7,Downsizing,No,Amit Kumar,4959
4960,Offered, Close ,Auction.com,Yes,13.5,16.38,Investor Sale,Yes,Michael Chen,4960
4961,Cancelled,Pend,M L S,Yes,4.97,28.62,,No,Jessica Lin,4961
4962,Offered,Pending,Opendoor,Yes,17.57,16.45,Downsizing,No,Amit Kumar,4962
4963,Null,Close,Auction.com,,9.59,7.37,Job Transfer,Yes,Sophia Williams,4963
4964,Offered,Cancelled,Opendoor,No,5.38,16.48,Investor Sale,,Sophia Williams,4964
4965,Closed,Closed,Broker,No,18.11,18.27,Downsizing,,Samantha Pierce,4965
4966, Closed, Close ,Internal,,14.56,26.54,,,Emily Patel,4966
4967,Offered,Cancel, MLS,No,12.98,25.24,,No,Jessica Lin,4967
4968,Offered,Null,Broker,No,12.46,29.77,Job Transfer,No,Amit Kumar,4968
4969,Neww,Close,Bulk,Yes,19.75,16.09,Investor Sale,Yes,Amit Kumar,4969
4970, , Close ,Auction.com,No,10.83,9.06,Job Transfer,Yes,Emily Patel,4970
4971,Reviewed,Close,M L S,Yes,6.35,10.09,Downsizing,,Samantha Pierce,4971
4972,New,Pend,Internal,,5.87,12.31,,,Priya Sharma,4972
4973,Null,Pend,Bulk,Yes,14.88,5.29,Job Transfer,,Samantha Pierce,4973
4974,Accepted Offer,Pend,Broker,No,4.78,28.85,,,Jason Miller,4974
4975, ,Kick,Bulk,Yes,19.4,11.58,Downsizing,,Sophia Williams,4975
4976,New,Kick, MLS,Yes,17.39,12.97,Downsizing,Yes,Emily Patel,4976
4977, Closed,Cancel,Opendoor,Yes,18.52,14.99,,No,Michael Chen,4977
4978, ,Always Kick,Opendoor,Yes,9.52,21.76,,Yes,David Thompson,4978
4979,Closed,Cancelled,Internal,No,8.39,20.42,Downsizing,No,David Thompson,4979
4980,Cancelled, Close ,Internal,No,8.15,19.09,Job Transfer,Yes,Priya Sharma,4980
4981,Offered,Pending,Internal,Yes,13.89,5.32,,Yes,Jessica Lin,4981
4982,Cancelled,Pend,Bulk,No,3.22,14.91,Job Transfer,No,Priya Sharma,4982
4983,Offered,Null,Opendoor,Yes,15.49,10.19,Investor Sale,,Amit Kumar,4983
4984,Closed,Pend, MLS,,3.99,7.94,Investor Sale,Yes,Sophia Williams,4984
4985, Closed,Null,Internal,Yes,13.99,7.76,Job Transfer,,Emily Patel,4985
4986,Closed,Closed,Internal,No,4.63,20.46,,Yes,Jessica Lin,4986
4987,Closed,Available,Opendoor,Yes,2.33,18.64,,,Jessica Lin,4987
4988,Cancelled, Close ,Auction.com,Yes,12.47,25.1,Investor Sale,,Jason Miller,4988
4989,New,Pending,Broker,,15.79,13.09,Investor Sale,Yes,Amit Kumar,4989
4990,New,Pending,Broker,No,16.05,9.13,Downsizing,,Sophia Williams,4990
4991,Closed, , MLS,No,5.08,6.53,Investor Sale,Yes,Jason Miller,4991
4992,Reviewed,Available,Broker,,17.58,15.48,Job Transfer,,Sophia Williams,4992
4993,Offered,Close,Auction.com,Yes,18.98,16.46,Investor Sale,Yes,Sophia Williams,4993
4994,Offered,Available,Broker,No,14.17,19.24,Investor Sale,Yes,Amit Kumar,4994
4995, Closed,Cancelled,Bulk,,14.84,10.33,,No,David Thompson,4995
4996,Closed,Close, MLS,No,18.05,9.25,Job Transfer,No,Jason Miller,4996
4997,Neww,Available,Auction.com,,18.71,24.17,Investor Sale,No,Samantha Pierce,4997
4998,Reviewed,Cancelled,M.L.S.,No,6.69,15.74,Job Transfer,Yes,Samantha Pierce,4998
4999,Offered,Kick,Opendoor,,9.59,21.84,,Yes,Jason Miller,4999
5000,Offered,Close,Opendoor,,7.9,26.29,Investor Sale,No,David Thompson,5000
5001,Offered,Available,Opendoor,Yes,13.15,27.28,Relocation,Yes,Jane Doe,5001
5002,Accepted Offer,Pend,M L S,Yes,18.23,6.04,,,Emily Patel,5002
5003, ,Closed,Auction.com,Yes,18.76,23.31,Downsizing,No,John Smith,5003
5004,Reviewed,Null,Broker,,10.61,5.39,,No,David Thompson,5004
5005,Pending Review,Pending,M L S,No,11.86,19.14,Relocation,,Jane Doe,5005
5006,Null,Pending, MLS,No,18.35,9.42,Job Transfer,Yes,David Thompson,5006
5007,Reviewed,Available,Auction.com,Yes,3.29,27.75,Upsizing,,Jane Doe,5007
5008, ,Always Kick,Broker,,15.72,6.16,Downsizing,No,David Thompson,5008
5009, ,Available,Bulk,,20.14,6.98,Upsizing,,John Smith,5009
5010,Neww,Pend,Internal,No,10.26,21.66,Downsizing,No,Samantha Pierce,5010
5011,Pending Review,Cancel,Auction.com,Yes,9.73,20.46,Upsizing,No,Sarah Wilson,5011
5012,Closed,Closed,Broker,Yes,2.42,6.73,Downsizing,,David Thompson,5012
5013,Reviewed,Available,Internal,Yes,6.4,29.6,Investment,,Sarah Wilson,5013
5014, Closed,Kick, MLS,Yes,3.42,15.16,Investor Sale,Yes,David Thompson,5014
5015, ,Pending,M L S,No,18.12,12.08,Investment,,Sarah Wilson,5015
5016, ,Available,M.L.S.,No,7.23,13.88,,Yes,Samantha Pierce,5016
5017, ,Available,M L S,,17.33,18.32,Upsizing,No,Jane Doe,5017
5018,Null,Cancelled,Opendoor,Yes,7.45,13.48,Investor Sale,Yes,Amit Kumar,5018
5019, ,Pending,Internal,Yes,13.98,19.86,Downsizing,,John Smith,5019
5020,New,Null,Auction.com,No,2.3,12.86,Downsizing,,Samantha Pierce,5020
5021, ,Pending,M.L.S.,,9.37,13.99,Investment,,Jane Doe,5021
5022,Cancelled,Kick,Opendoor,,19.88,5.04,Job Transfer,Yes,David Thompson,5022
5023,Reviewed,Pending,M.L.S.,,18.1,14.12,Relocation,Yes,Sarah Wilson,5023
5024,New,Kick,Broker,No,2.08,11.81,Job Transfer,No,Michael Chen,5024
5025,Reviewed,Available,M L S,No,2.62,19.82,Upsizing,No,Mike Johnson,5025
5026,New,Closed,Internal,No,9.99,14.51,Downsizing,Yes,Luis Garcia,5026
5027,Pending Review,Available,Auction.com,No,12.63,17.68,Upsizing,Yes,Sarah Wilson,5027
5028,Reviewed,Pending,Internal,,7.29,25.07,Job Transfer,,Priya Sharma,5028
5029, ,Available,M L S,,3.39,9.38,Downsizing,Yes,John Smith,5029
5030,New,Cancel,Opendoor,No,11.75,13.1,Downsizing,No,David Thompson,5030
5031, ,Cancel,Auction.com,,8.2,28.99,Downsizing,,Sarah Wilson,5031
5032,Offered,Kick,Bulk,,5.92,12.2,Downsizing,Yes,David Thompson,5032
5033,Offered,Pending,M L S,No,18.39,19.63,Downsizing,Yes,Jane Doe,5033
5034,Neww,Pend, MLS,,17.92,22.17,Job Transfer,Yes,Michael Chen,5034
5035,Reviewed,Available,Internal,Yes,17.56,19.69,Relocation,No,Jane Doe,5035
5036, Closed,Kick,Auction.com,No,18.55,6.06,,Yes,Michael Chen,5036
5037, ,Cancel, MLS,,9.98,13.5,Upsizing,,Sarah Wilson,5037
5038,Null,Pending,Broker,No,16.63,24.24,Investor Sale,Yes,Jessica Lin,5038
5039,Reviewed,Pending,Internal,,4.93,28.26,Downsizing,No,Sarah Wilson,5039
5040,Accepted Offer,Closed,Bulk,No,2.94,14.58,Job Transfer,,Samantha Pierce,5040
5041,Reviewed,Pending,M L S,Yes,4.21,19.64,Relocation,,Mike Johnson,5041
5042,Cancelled,Cancelled, MLS,,18.36,20.61,Investor Sale,,David Thompson,5042
5043,Offered,Pending,Bulk,Yes,16.99,23.15,Investment,,Jane Doe,5043
5044,Reviewed,Null,Opendoor,Yes,12.62,29.22,,,Jessica Lin,5044
5045,Reviewed,Available,M L S,,15.28,20.88,Relocation,Yes,Sarah Wilson,5045
5046,Cancelled,Close, MLS,Yes,12.47,13.81,,No,Samantha Pierce,5046
5047,Pending Review,Cancel,Auction.com,No,6.79,18.56,Investment,No,John Smith,5047
5048,Reviewed,Kick,Opendoor,,3.78,20.07,Investor Sale,No,Emily Patel,5048
5049,Offered,Cancel,Internal,No,4.81,17.56,Upsizing,No,Sarah Wilson,5049
5050, ,Close,M.L.S.,No,12.76,23.17,Job Transfer,No,Amit Kumar,5050
5051,Offered,Available,M L S,,8.9,16.68,Upsizing,,John Smith,5051
5052, Closed, Close ,Broker,No,7.4,26.54,Downsizing,No,Samantha Pierce,5052
5053,Offered,Available,M.L.S.,No,18.68,18.27,Relocation,,Jane Doe,5053
5054,Offered,Cancelled,M.L.S.,No,8.13,6.95,Downsizing,,Luis Garcia,5054
5055,Offered,Pending,M L S,No,7.28,26.1,Downsizing,No,Mike Johnson,5055
5056,Closed,Pend,Opendoor,No,13.24,18.51,Job Transfer,Yes,Jason Miller,5056
5057,Reviewed,Cancel,Internal,Yes,17.83,17.89,Upsizing,,Sarah Wilson,5057
5058,Cancelled,Available, MLS,No,7.85,17.35,,Yes,Michael Chen,5058
5059,Offered,Available,Bulk,,8.54,19.83,Upsizing,,Sarah Wilson,5059
5060, ,Close,Auction.com,No,19.77,21.07,Job Transfer,No,Sophia Williams,5060
5061,Reviewed,Cancel,M.L.S.,Yes,3.93,25.46,Investment,No,John Smith,5061
5062,Null,Pend, MLS,Yes,10.61,24.34,,,David Thompson,5062
5063,Offered,Available,M L S,Yes,8.69,11.63,Investment,Yes,Sarah Wilson,5063
5064,Reviewed,Close,Auction.com,No,10.35,23.92,,No,Samantha Pierce,5064
5065,Offered,Closed,M.L.S.,No,15.57,20.58,Upsizing,No,Jane Doe,5065
5066,Closed, ,Auction.com,Yes,8.22,28.66,Job Transfer,,Sophia Williams,5066
5067,Pending Review,Available,M L S,No,16.93,18.46,Downsizing,Yes,Sarah Wilson,5067
5068,Accepted Offer, ,M L S,No,12.29,21.69,Investor Sale,No,Amit Kumar,5068
5069,Pending Review,Closed,M L S,,3.5,26.9,Downsizing,Yes,Jane Doe,5069
5070,Accepted Offer,Cancelled,Auction.com,,2.1,25.46,Job Transfer,Yes,Jason Miller,5070
5071,Pending Review,Pending,Broker,,11.15,28.33,Relocation,,Jane Doe,5071
5072,Accepted Offer,Close,Bulk,Yes,2.67,10.35,,Yes,Jason Miller,5072
5073,Offered,Pending,Opendoor,Yes,12.02,6.48,Relocation,Yes,Jane Doe,5073
5074, ,Null,Auction.com,Yes,18.47,10.63,Downsizing,No,Luis Garcia,5074
5075, ,Available,Opendoor,,7.1,30.43,Relocation,,Sarah Wilson,5075
5076, Closed,Null,Auction.com,,15.65,18.05,,No,Samantha Pierce,5076
5077,Pending Review,Available,Auction.com,Yes,19.79,24.41,Relocation,No,Mike Johnson,5077
5078, Closed,Always Kick,M.L.S.,Yes,12.81,14.22,Job Transfer,,Michael Chen,5078
5079,Offered,Pending, MLS,,9.4,9.72,Downsizing,No,Mike Johnson,5079
5080, ,Always Kick, MLS,No,8.8,24.63,Job Transfer,,Amit Kumar,5080
5081,Pending Review,Cancel,Bulk,Yes,9.26,9.97,Investment,Yes,Mike Johnson,5081
5082,Offered,Kick,Broker,Yes,13.46,22.77,,Yes,David Thompson,5082
5083,Pending Review,Pending,Auction.com,Yes,8.16,29.14,Upsizing,Yes,Jane Doe,5083
5084,Reviewed,Cancel,Auction.com,,17.04,25.95,Job Transfer,,Priya Sharma,5084
5085, ,Closed,Opendoor,,13.47,20.65,Relocation,No,Sarah Wilson,5085
5086, Closed,Close, MLS,Yes,8.45,20.93,Job Transfer,Yes,Emily Patel,5086
5087,Pending Review,Available,M.L.S.,No,3.21,25.12,Investment,No,Jane Doe,5087
5088,Reviewed,Pending,Internal,No,4.02,8.75,Downsizing,Yes,Priya Sharma,5088
5089,Reviewed,Closed,Auction.com,Yes,10.27,21.19,Downsizing,No,Mike Johnson,5089
5090,Neww,Closed,Broker,No,6.82,8.31,Downsizing,No,Luis Garcia,5090
5091,Offered,Pending,Bulk,Yes,16.37,6.32,Relocation,Yes,Mike Johnson,5091
5092,New,Pending,Auction.com,No,16.01,13.61,Downsizing,No,Samantha Pierce,5092
5093, ,Available,Opendoor,No,6.74,27.72,Upsizing,Yes,Mike Johnson,5093
5094,Reviewed,Null,Opendoor,,16.53,14.4,Downsizing,Yes,Samantha Pierce,5094
5095,Offered,Available, MLS,Yes,6.2,22.71,Downsizing,,Jane Doe,5095
5096, Closed,Closed,M L S,No,11.94,16.68,Job Transfer,,Sophia Williams,5096
5097,Offered,Pending, MLS,No,16.01,21.57,Investment,No,Mike Johnson,5097
5098, Closed, Close ,Bulk,No,7.02,10.8,Downsizing,Yes,Michael Chen,5098
5099,Pending Review,Cancel,Auction.com,No,13.71,23.37,Relocation,Yes,Mike Johnson,5099
5100,Neww,Closed,Auction.com,Yes,8.7,6.35,Investor Sale,,Luis Garcia,5100
5101,Pending Review,Available,Broker,No,3.38,11.64,Investment,Yes,Mike Johnson,5101
5102,Neww,Cancel, MLS,No,10.93,5.45,Job Transfer,Yes,Emily Patel,5102
5103,Pending Review,Closed,Opendoor,Yes,17.54,5.79,Downsizing,,Jane Doe,5103
5104,Accepted Offer,Closed, MLS,Yes,15.12,17.64,,,Emily Patel,5104
5105,Offered,Pending,M.L.S.,Yes,18.29,11.58,Relocation,,John Smith,5105
5106,Null,Always Kick,Broker,No,19.78,18.37,Downsizing,No,Sophia Williams,5106
5107,Offered,Cancel,Broker,,11.51,5.22,Investment,No,Jane Doe,5107
5108,Cancelled,Close,Bulk,No,15.2,19.52,Investor Sale,Yes,Priya Sharma,5108
5109,Pending Review,Closed,Auction.com,Yes,8.18,7.53,Relocation,No,John Smith,5109
5110,Cancelled,Pend,Auction.com,No,4.16,29.48,Downsizing,Yes,Jason Miller,5110
5111,Pending Review,Cancel,Broker,,15.02,6.42,Downsizing,No,Sarah Wilson,5111
5112,Reviewed,Pend,Auction.com,No,9.51,28.76,Downsizing,No,Michael Chen,5112
5113,Pending Review,Closed,M L S,Yes,11.08,7.98,Relocation,Yes,John Smith,5113
5114, ,Pend,M.L.S.,Yes,11.27,13.32,Investor Sale,No,Sophia Williams,5114
5115,Reviewed,Closed,M L S,No,6.1,24.89,Downsizing,Yes,Sarah Wilson,5115
5116,Null,Null,Auction.com,,3.65,25.32,Investor Sale,No,Sophia Williams,5116
5117,Offered,Available,Auction.com,Yes,4.73,11.3,Upsizing,,John Smith,5117
5118,Cancelled,Pend,M L S,,19.07,22.94,Investor Sale,,Luis Garcia,5118
5119,Reviewed,Cancel,Internal,No,8.67,23.48,Investment,No,Jane Doe,5119
5120,New,Available,Bulk,No,3.57,26.74,Investor Sale,Yes,Luis Garcia,5120
5121,Pending Review,Available,M L S,No,2.91,5.04,Downsizing,No,John Smith,5121
5122,Null,Available,Auction.com,,8.52,5.02,Job Transfer,Yes,Luis Garcia,5122
5123,Offered,Cancel,Internal,,18.36,9.34,Investment,,Mike Johnson,5123
5124,New,Pend,Opendoor,,7.61,8.3,Downsizing,Yes,Amit Kumar,5124
5125,Offered,Pending,Opendoor,,11.07,12.67,Relocation,Yes,John Smith,5125
5126,Offered,Available,Bulk,,16.36,12.35,Investor Sale,Yes,Emily Patel,5126
5127,Offered,Closed,M.L.S.,Yes,19.41,9.84,Relocation,Yes,Jane Doe,5127
5128,Closed, Close , MLS,Yes,16.87,28.94,,Yes,Sophia Williams,5128
5129,Reviewed,Pending,M L S,,13.94,10.11,Downsizing,Yes,Mike Johnson,5129
5130,Reviewed, Close ,Internal,,16.41,11.2,,Yes,Jason Miller,5130
5131,Pending Review,Pending,Internal,Yes,6.26,20.11,Relocation,No,Mike Johnson,5131
5132,Accepted Offer,Kick,Auction.com,No,5.83,18.87,Job Transfer,,Michael Chen,5132
5133,Reviewed,Closed,Opendoor,No,2.72,16.86,Downsizing,Yes,John Smith,5133
5134,Null,Cancelled,M L S,,4.3,21.14,,,Michael Chen,5134
5135,Pending Review,Cancel,Auction.com,,13.77,12.11,Investment,No,Mike Johnson,5135
5136,Offered,Available,Internal,,4.49,7.07,Downsizing,,Sophia Williams,5136
5137,Offered,Closed, MLS,,19.36,10.87,Downsizing,Yes,Jane Doe,5137
5138, Closed,Cancel,M.L.S.,Yes,13.39,24.07,,Yes,Luis Garcia,5138
5139,Reviewed,Closed,Opendoor,,6.98,25.03,Relocation,No,John Smith,5139
5140,Cancelled,Pend,M L S,,6.68,7.08,Investor Sale,No,Jason Miller,5140
5141, ,Pending,M L S,No,2.8,24.75,Downsizing,Yes,Mike Johnson,5141
5142,New, Close ,Bulk,,19.56,7.35,Investor Sale,Yes,David Thompson,5142
5143,Offered,Available, MLS,Yes,4.65,26.42,Upsizing,,Mike Johnson,5143
5144,New,Cancel,Broker,No,8.11,9.47,Downsizing,Yes,Luis Garcia,5144
5145,Offered,Pending,Bulk,No,16.22,6.1,Upsizing,Yes,Sarah Wilson,5145
5146,Null,Close,M L S,Yes,5.99,25.52,,Yes,Samantha Pierce,5146
5147,Offered,Available,Bulk,No,14.3,26.41,Relocation,No,Jane Doe,5147
5148,Null,Cancelled,Auction.com,,9.9,21.32,Investor Sale,No,Amit Kumar,5148
5149, ,Cancel,M.L.S.,No,3.29,18.35,Investment,No,Mike Johnson,5149
5150, Closed,Available,Opendoor,No,9.71,16.04,Investor Sale,No,Jason Miller,5150
5151, ,Pending,Bulk,,6.09,14.8,Downsizing,Yes,Mike Johnson,5151
5152,Neww,Closed,Bulk,No,18.59,5.46,Job Transfer,No,Sophia Williams,5152
5153,Pending Review,Closed,M L S,Yes,17.77,6.28,Investment,No,Sarah Wilson,5153
5154,Reviewed, Close ,Auction.com,,8.51,28.31,Downsizing,Yes,Sophia Williams,5154
5155,Offered,Closed,Opendoor,Yes,11.18,28.54,Relocation,No,Sarah Wilson,5155
5156,Reviewed, ,M.L.S.,,8.25,20.31,Job Transfer,No,Luis Garcia,5156
5157,Pending Review,Cancel,Auction.com,,12.38,27.75,Relocation,Yes,Mike Johnson,5157
5158, ,Always Kick,Internal,No,12.54,23.16,Investor Sale,Yes,Jessica Lin,5158
5159, ,Cancel,Auction.com,No,12.84,22.85,Investment,No,Mike Johnson,5159
5160,Offered,Null,M L S,,4.89,25.4,Investor Sale,Yes,Sophia Williams,5160
5161,Reviewed,Pending,Auction.com,Yes,13.83,26.05,Upsizing,No,John Smith,5161
5162,Cancelled,Close,Bulk,Yes,3.45,21.44,,Yes,David Thompson,5162
5163,Reviewed,Pending,Bulk,No,8.32,22.12,Investment,,John Smith,5163
5164, ,Close,M L S,No,10.02,20.65,Downsizing,Yes,Emily Patel,5164
5165,Reviewed,Cancel,Bulk,Yes,9.72,26.86,Investment,,Mike Johnson,5165
5166, Closed,Always Kick,M L S,,17.37,5.97,Job Transfer,Yes,Emily Patel,5166
5167,Offered,Closed,Auction.com,Yes,15.04,18.0,Upsizing,No,John Smith,5167
5168,Cancelled,Closed,Opendoor,,12.59,26.87,Downsizing,Yes,Michael Chen,5168
5169,Reviewed,Cancel, MLS,Yes,17.05,13.85,Upsizing,,Mike Johnson,5169
5170,Cancelled, ,Internal,No,2.16,18.76,Job Transfer,,Michael Chen,5170
5171,Offered,Cancel,Opendoor,No,6.67,22.21,Investment,No,Jane Doe,5171
5172, ,Closed,Auction.com,Yes,6.24,26.91,Job Transfer,,Jessica Lin,5172
5173,Pending Review,Closed,Opendoor,Yes,14.84,27.63,Investment,No,Mike Johnson,5173
5174,Neww,Close,Broker,,3.01,15.93,Downsizing,Yes,Jessica Lin,5174
5175,Pending Review,Available,Internal,,4.77,7.3,Investment,No,Mike Johnson,5175
5176,Cancelled,Available,Bulk,Yes,4.75,25.83,Downsizing,No,Jason Miller,5176
5177,Reviewed,Pending,Internal,,7.75,6.72,Investment,,Mike Johnson,5177
5178, ,Cancelled, MLS,Yes,14.3,14.07,Investor Sale,Yes,David Thompson,5178
5179, ,Closed,Opendoor,,3.08,15.85,Investment,No,Sarah Wilson,5179
5180,Cancelled,Cancel,M L S,No,10.05,14.97,Downsizing,No,Sophia Williams,5180
5181, ,Cancel, MLS,Yes,12.41,14.46,Upsizing,Yes,Mike Johnson,5181
5182,Cancelled,Pend, MLS,Yes,4.58,29.3,Job Transfer,Yes,Amit Kumar,5182
5183,Reviewed,Cancel,Broker,No,11.45,28.36,Downsizing,No,Sarah Wilson,5183
5184,New, ,Bulk,,19.65,21.5,,,Sophia Williams,5184
5185,Offered,Available, MLS,Yes,15.88,20.72,Upsizing,,Jane Doe,5185
5186, ,Cancelled, MLS,Yes,7.62,23.31,Downsizing,,Sophia Williams,5186
5187,Pending Review,Pending,Bulk,,5.82,18.76,Downsizing,Yes,Mike Johnson,5187
5188,New,Kick,Bulk,Yes,17.87,22.17,Investor Sale,No,Jason Miller,5188
5189,Reviewed,Closed,M L S,Yes,3.59,27.1,Upsizing,Yes,Jane Doe,5189
5190, ,Available,M L S,No,16.07,7.58,,,Jessica Lin,5190
5191,Reviewed,Available,M.L.S.,Yes,13.97,17.08,Investment,,Mike Johnson,5191
5192, Closed, ,Internal,,7.77,8.89,Investor Sale,Yes,Samantha Pierce,5192
5193,Offered,Cancel,M.L.S.,,3.89,23.85,Upsizing,,Mike Johnson,5193
5194, Closed,Closed,Bulk,No,9.19,17.84,,Yes,Emily Patel,5194
5195,Offered,Closed,Broker,No,6.69,27.19,Investment,,Mike Johnson,5195
5196,Null,Available,Bulk,No,7.61,8.45,Investor Sale,No,Jason Miller,5196
5197,Reviewed,Pending, MLS,Yes,17.07,20.77,Investment,,Mike Johnson,5197
5198,Null, ,Internal,No,7.27,22.16,,Yes,Sophia Williams,5198
5199, ,Closed,Opendoor,No,11.45,7.99,Relocation,No,Sarah Wilson,5199
5200,Null,Pend,Broker,No,17.63,28.01,,Yes,Amit Kumar,5200
5201,Pending Review,Available,M L S,No,17.68,19.6,Downsizing,No,Sarah Wilson,5201
5202, Closed,Always Kick,M.L.S.,No,12.46,26.94,,Yes,Jessica Lin,5202
5203,Pending Review,Pending,Bulk,Yes,17.75,15.33,Upsizing,No,Sarah Wilson,5203
5204, Closed,Close, MLS,No,9.46,16.28,,,Michael Chen,5204
5205,Reviewed,Available,Auction.com,Yes,17.58,4.54,Investment,Yes,Sarah Wilson,5205
5206,Cancelled, Close ,Internal,Yes,11.31,7.48,Investor Sale,No,David Thompson,5206
5207,Reviewed,Available,Bulk,No,4.27,18.41,Downsizing,,Sarah Wilson,5207
5208,Closed,Pending,Bulk,,6.99,22.64,Investor Sale,,David Thompson,5208
5209,Pending Review,Available,Internal,,15.13,23.62,Investment,Yes,Sarah Wilson,5209
5210,Closed,Cancel,M L S,No,5.72,11.68,Downsizing,,Amit Kumar,5210
5211,Offered,Cancel,M L S,,10.71,8.64,Relocation,,John Smith,5211
5212,Neww,Cancel, MLS,,14.26,5.49,Investor Sale,No,Emily Patel,5212
5213,Reviewed,Cancel,Bulk,Yes,17.2,10.09,Downsizing,,Jane Doe,5213
5214,Accepted Offer,Pend,Auction.com,Yes,7.17,19.01,,No,Sophia Williams,5214
5215, ,Pending,Opendoor,,15.4,11.76,Upsizing,Yes,Jane Doe,5215
5216,New,Null, MLS,No,11.94,13.76,Investor Sale,No,Michael Chen,5216
5217,Pending Review,Pending,M L S,No,9.25,20.59,Investment,Yes,Sarah Wilson,5217
5218,New,Pending,Bulk,,3.48,16.23,Downsizing,Yes,Samantha Pierce,5218
5219,Offered,Pending,Auction.com,Yes,17.12,12.7,Investment,,Mike Johnson,5219
5220,Offered,Available,M L S,,17.61,8.12,,,Jessica Lin,5220
5221,Reviewed,Pending, MLS,,7.98,12.96,Relocation,,Jane Doe,5221
5222, Closed,Pend,Opendoor,Yes,13.57,20.17,,No,Jessica Lin,5222
5223, ,Pending,M.L.S.,No,4.05,9.06,Investment,,John Smith,5223
5224,New,Pending,Bulk,,7.04,5.47,Investor Sale,Yes,Luis Garcia,5224
5225, ,Pending,Broker,,14.57,24.41,Investment,Yes,Jane Doe,5225
5226, Closed,Pending,Bulk,,15.01,29.73,Job Transfer,No,Sophia Williams,5226
5227,Reviewed,Available,Internal,,13.19,28.68,Investment,Yes,Mike Johnson,5227
5228,New,Kick,Bulk,No,18.43,13.11,Downsizing,No,Luis Garcia,5228
5229,Offered,Pending,Auction.com,Yes,18.13,28.32,Downsizing,,John Smith,5229
5230,Cancelled,Cancelled, MLS,Yes,17.06,11.21,Investor Sale,,Jessica Lin,5230
5231,Reviewed,Closed, MLS,,6.05,7.4,Relocation,,John Smith,5231
5232,New,Kick,Bulk,,19.68,23.7,Downsizing,,Sophia Williams,5232
5233, ,Closed,Bulk,,7.48,6.22,Downsizing,,Mike Johnson,5233
5234, Closed, ,Opendoor,,15.3,20.75,Investor Sale,No,Michael Chen,5234
5235,Pending Review,Cancel, MLS,,9.57,21.41,Upsizing,Yes,Sarah Wilson,5235
5236,Null,Pend,M L S,No,3.21,13.63,Investor Sale,No,Luis Garcia,5236
5237,Pending Review,Cancel,M.L.S.,No,13.81,16.07,Upsizing,,Sarah Wilson,5237
5238,Closed,Pending,Opendoor,,14.46,26.29,Investor Sale,No,Michael Chen,5238
5239,Pending Review,Closed,M.L.S.,No,7.33,19.94,Investment,No,Sarah Wilson,5239
5240,Cancelled, ,Auction.com,No,10.3,28.98,,Yes,Emily Patel,5240
5241,Offered,Closed,Opendoor,No,6.67,9.58,Downsizing,No,Mike Johnson,5241
5242,Closed, Close ,Auction.com,Yes,5.49,21.61,Downsizing,,Amit Kumar,5242
5243, ,Available,M L S,,18.05,5.51,Investment,Yes,Sarah Wilson,5243
5244, , Close ,M L S,No,9.77,14.21,Investor Sale,Yes,Luis Garcia,5244
5245,Pending Review,Cancel,Bulk,,10.48,10.25,Investment,Yes,Jane Doe,5245
5246,New,Close,Internal,No,3.13,11.51,Downsizing,Yes,Samantha Pierce,5246
5247, ,Closed, MLS,No,13.58,28.03,Relocation,,Mike Johnson,5247
5248,Neww,Cancelled,Bulk,,6.25,13.62,,,Emily Patel,5248
5249,Offered,Pending, MLS,,14.05,21.67,Investment,No,Mike Johnson,5249
5250,Null,Cancel,Internal,,2.02,8.26,,No,Jason Miller,5250
5251,Offered,Cancel,M L S,No,8.42,17.57,Upsizing,Yes,Jane Doe,5251
5252,Neww,Closed,Opendoor,No,4.8,26.66,Downsizing,No,Michael Chen,5252
5253,Reviewed,Closed, MLS,No,8.09,15.69,Downsizing,No,John Smith,5253
5254,Closed,Pending,Auction.com,,9.75,22.31,Job Transfer,,Jason Miller,5254
5255, ,Closed,Internal,Yes,9.36,17.32,Relocation,Yes,John Smith,5255
5256, Closed,Kick, MLS,,12.61,23.28,Downsizing,No,Priya Sharma,5256
5257, ,Available,M.L.S.,Yes,19.01,5.74,Relocation,No,Mike Johnson,5257
5258,Reviewed,Available,Internal,No,15.61,27.89,Investor Sale,No,Samantha Pierce,5258
5259,Reviewed,Pending,Broker,No,2.06,28.59,Investment,No,John Smith,5259
5260,Accepted Offer,Pend,Opendoor,Yes,13.69,6.62,Investor Sale,Yes,Jason Miller,5260
5261,Offered,Available,M L S,Yes,8.0,12.84,Upsizing,No,Sarah Wilson,5261
5262,Closed,Pend, MLS,Yes,15.65,13.29,Investor Sale,Yes,Jessica Lin,5262
5263, ,Available,Bulk,No,5.89,30.08,Investment,,Sarah Wilson,5263
5264,Neww,Close,Internal,Yes,5.17,13.0,,No,Jason Miller,5264
5265,Pending Review,Closed, MLS,No,13.6,10.17,Relocation,,John Smith,5265
5266,Cancelled,Null,M L S,Yes,18.13,10.29,Investor Sale,,Michael Chen,5266
5267,Offered,Pending,M L S,Yes,8.31,14.14,Investment,,Sarah Wilson,5267
5268, ,Null, MLS,Yes,7.03,12.51,Investor Sale,,Emily Patel,5268
5269,Pending Review,Available,Auction.com,Yes,3.61,23.21,Upsizing,No,Mike Johnson,5269
5270,New,Available,Broker,No,16.74,6.73,Downsizing,Yes,Sophia Williams,5270
5271, ,Available, MLS,No,5.9,13.87,Relocation,,John Smith,5271
5272,New,Available,M L S,,5.11,25.16,Downsizing,,Sophia Williams,5272
5273,Offered,Available,Internal,Yes,5.36,6.73,Relocation,No,Mike Johnson,5273
5274,Cancelled,Closed, MLS,No,8.5,18.53,,No,Luis Garcia,5274
5275,Reviewed,Available,M L S,No,18.8,13.64,Downsizing,Yes,John Smith,5275
5276,New,Pend, MLS,No,10.99,12.37,Downsizing,,Emily Patel,5276
5277,Offered,Closed,Internal,,3.33,15.57,Upsizing,,Jane Doe,5277
5278,Closed,Pending, MLS,,4.73,27.51,,No,Jessica Lin,5278
5279,Offered,Cancel,M L S,Yes,3.09,29.97,Relocation,No,Mike Johnson,5279
5280,Neww, ,Auction.com,No,18.73,23.76,,No,Priya Sharma,5280
5281,Pending Review,Pending,Bulk,No,3.34,27.17,Downsizing,,Jane Doe,5281
5282,Cancelled, ,Auction.com,,3.66,14.58,Investor Sale,Yes,Emily Patel,5282
5283, ,Closed,M.L.S.,Yes,16.69,16.98,Upsizing,No,John Smith,5283
5284, ,Close,Opendoor,Yes,19.81,9.91,,,Luis Garcia,5284
5285,Reviewed,Cancel, MLS,Yes,18.77,23.66,Relocation,No,John Smith,5285
5286, ,Available,Auction.com,,17.28,19.06,Downsizing,,Jason Miller,5286
5287, ,Pending,Broker,Yes,17.65,5.57,Downsizing,No,Jane Doe,5287
5288,Accepted Offer,Always Kick,Auction.com,Yes,4.19,19.91,,,Priya Sharma,5288
5289,Offered,Closed,Broker,Yes,5.84,21.92,Investment,Yes,Sarah Wilson,5289
5290,Null,Cancel,M.L.S.,No,8.4,27.38,Downsizing,No,Jessica Lin,5290
5291,Offered,Cancel,M.L.S.,,7.44,10.34,Relocation,No,Jane Doe,5291
5292,Closed, ,Auction.com,,14.03,29.07,Job Transfer,,Amit Kumar,5292
5293,Pending Review,Cancel,Opendoor,Yes,7.14,17.75,Relocation,No,Mike Johnson,5293
5294,Offered, Close ,Opendoor,Yes,14.9,28.58,,No,David Thompson,5294
5295,Offered,Pending,Internal,Yes,11.85,27.76,Upsizing,Yes,John Smith,5295
5296, ,Close,Opendoor,Yes,4.84,14.03,Investor Sale,,Michael Chen,5296
5297, ,Available,Internal,No,6.18,18.43,Relocation,No,John Smith,5297
5298, Closed,Kick,Auction.com,,17.64,26.95,Investor Sale,,Sophia Williams,5298
5299,Reviewed,Pending,M.L.S.,,4.94,28.25,Upsizing,Yes,Sarah Wilson,5299
5300, Closed,Closed,M.L.S.,No,19.15,28.47,,No,Jessica Lin,5300
5301,Reviewed,Cancel,Bulk,,16.86,10.33,Upsizing,No,John Smith,5301
5302, ,Close,Broker,Yes,11.33,26.56,,No,Sophia Williams,5302
5303,Pending Review,Available,M.L.S.,Yes,11.31,19.52,Downsizing,No,Sarah Wilson,5303
5304, Closed,Available,Bulk,Yes,3.25,12.13,Job Transfer,,Jessica Lin,5304
5305,Pending Review,Closed,Bulk,Yes,3.84,26.2,Investment,No,John Smith,5305
5306,Accepted Offer, ,Opendoor,,9.34,19.83,Investor Sale,,Samantha Pierce,5306
5307,Offered,Cancel,Opendoor,No,10.56,21.08,Investment,,Mike Johnson,5307
5308, ,Pend,M L S,,4.81,13.66,,No,Sophia Williams,5308
5309,Offered,Available,Auction.com,No,15.87,5.62,Upsizing,,Sarah Wilson,5309
5310,Cancelled,Always Kick,Bulk,,3.79,9.18,,,Emily Patel,5310
5311,Reviewed,Closed,M.L.S.,,12.04,10.36,Relocation,No,Mike Johnson,5311
5312,Neww,Null, MLS,No,8.01,6.12,Downsizing,No,Sophia Williams,5312
5313,Reviewed,Available,M.L.S.,Yes,14.26,22.25,Investment,No,Mike Johnson,5313
5314, ,Pend, MLS,,17.04,9.62,Downsizing,No,Michael Chen,5314
5315, ,Closed,M.L.S.,,3.46,7.3,Downsizing,No,John Smith,5315
5316,Accepted Offer,Pending,Auction.com,No,18.77,10.94,Investor Sale,Yes,David Thompson,5316
5317,Reviewed,Cancel,M L S,Yes,14.59,28.26,Investment,,John Smith,5317
5318,Offered,Kick,Bulk,No,4.52,26.12,Investor Sale,No,Michael Chen,5318
5319,Offered,Cancel,Auction.com,,4.48,24.42,Upsizing,No,John Smith,5319
5320,Closed,Null,Broker,,13.64,13.58,Job Transfer,No,Emily Patel,5320
5321,Pending Review,Cancel,M L S,,4.52,25.19,Downsizing,No,Sarah Wilson,5321
5322,Neww,Kick,Internal,,12.79,26.6,Job Transfer,Yes,Emily Patel,5322
5323, ,Closed,Opendoor,No,15.65,11.65,Investment,,John Smith,5323
5324,Closed,Close, MLS,Yes,9.82,5.2,Investor Sale,No,Michael Chen,5324
5325,Pending Review,Pending,Internal,No,13.5,19.77,Upsizing,No,Mike Johnson,5325
5326,Reviewed,Closed,Broker,No,19.54,29.41,Job Transfer,Yes,Sophia Williams,5326
5327,Pending Review,Cancel,Opendoor,Yes,13.31,17.09,Downsizing,,John Smith,5327
5328,Reviewed,Cancel,Broker,Yes,4.52,23.29,,No,Michael Chen,5328
5329, ,Cancel,Opendoor,Yes,2.77,28.11,Investment,No,Sarah Wilson,5329
5330,Neww,Available,Broker,No,16.49,27.17,,,Priya Sharma,5330
5331, ,Available,M L S,No,5.22,18.48,Upsizing,No,John Smith,5331
5332,Closed,Pend,Broker,No,14.97,27.52,Investor Sale,No,Amit Kumar,5332
5333,Offered,Pending,Internal,No,18.42,17.34,Investment,No,Mike Johnson,5333
5334, Closed,Cancelled,Broker,,16.81,11.42,,Yes,Luis Garcia,5334
5335, ,Available,Opendoor,,16.8,22.83,Downsizing,,John Smith,5335
5336,Accepted Offer,Kick,Broker,No,17.22,6.18,Investor Sale,No,Luis Garcia,5336
5337,Pending Review,Cancel,Opendoor,No,5.51,7.69,Upsizing,,John Smith,5337
5338,Null,Always Kick,Bulk,No,16.29,17.04,,No,Luis Garcia,5338
5339,Offered,Pending,M L S,,9.51,7.56,Downsizing,No,John Smith,5339
5340, Closed,Null, MLS,Yes,17.77,15.71,Investor Sale,,Jason Miller,5340
5341,Pending Review,Closed,M.L.S.,No,18.75,10.55,Upsizing,,John Smith,5341
5342,Cancelled,Pend,Opendoor,,7.26,12.83,Downsizing,Yes,Amit Kumar,5342
5343,Offered,Pending,M L S,No,7.43,7.02,Upsizing,No,Mike Johnson,5343
5344,Cancelled,Always Kick,Auction.com,,19.29,28.66,Job Transfer,Yes,David Thompson,5344
5345,Offered,Closed,M L S,Yes,4.82,20.39,Downsizing,No,Sarah Wilson,5345
5346,New,Closed,M L S,,11.45,10.67,,No,Luis Garcia,5346
5347, ,Cancel,M L S,,19.57,8.78,Downsizing,Yes,Jane Doe,5347
5348,Closed,Pending,Bulk,No,6.47,8.68,Job Transfer,No,David Thompson,5348
5349,Offered,Cancel, MLS,,17.24,28.96,Upsizing,No,Jane Doe,5349
5350,Reviewed,Pend,M L S,No,13.5,6.76,Downsizing,Yes,Priya Sharma,5350
5351, ,Pending,Broker,No,6.07,8.25,Upsizing,,Mike Johnson,5351
5352,Offered, ,Opendoor,No,10.53,26.72,Job Transfer,Yes,Michael Chen,5352
5353,Offered,Cancel,Broker,No,12.64,7.42,Upsizing,No,Jane Doe,5353
5354,Reviewed,Pending,Broker,,17.88,22.16,,Yes,David Thompson,5354
5355, ,Available,M L S,,15.42,28.81,Upsizing,,Jane Doe,5355
5356,Reviewed,Cancel,Internal,No,15.17,17.77,Investor Sale,,Priya Sharma,5356
5357,Pending Review,Available,M.L.S.,No,2.11,17.12,Downsizing,,John Smith,5357
5358,Reviewed,Cancel, MLS,,9.58,6.09,Investor Sale,No,Priya Sharma,5358
5359,Offered,Pending,M L S,,12.26,11.48,Investment,Yes,Jane Doe,5359
5360,Reviewed, Close ,Internal,,14.17,27.98,,Yes,Amit Kumar,5360
5361,Offered,Available,Internal,,8.15,15.7,Upsizing,No,Mike Johnson,5361
5362,Closed,Pending,Auction.com,,6.75,12.24,,Yes,Amit Kumar,5362
5363,Reviewed,Cancel,Broker,,13.23,28.05,Investment,No,Mike Johnson,5363
5364,New, ,Internal,Yes,9.08,21.81,,,Emily Patel,5364
5365, ,Pending,Bulk,Yes,8.56,7.29,Upsizing,No,Jane Doe,5365
5366,Offered,Pending,M L S,,2.55,15.19,Downsizing,,Sophia Williams,5366
5367,Pending Review,Cancel,M L S,No,2.54,27.67,Downsizing,,Sarah Wilson,5367
5368,Reviewed,Available,Bulk,Yes,10.92,29.49,Downsizing,,David Thompson,5368
5369,Reviewed,Available,Broker,,18.8,6.73,Upsizing,,John Smith,5369
5370,Cancelled,Always Kick,Internal,,18.89,17.76,Job Transfer,No,Jason Miller,5370
5371,Offered,Cancel, MLS,Yes,8.15,12.92,Relocation,,Mike Johnson,5371
5372,Reviewed, Close ,Auction.com,No,17.78,10.22,,Yes,Priya Sharma,5372
5373,Reviewed,Available,Auction.com,No,11.42,10.02,Upsizing,,Sarah Wilson,5373
5374,Offered, ,Auction.com,No,7.49,16.24,Downsizing,No,Luis Garcia,5374
5375,Pending Review,Pending,Internal,No,14.71,16.85,Downsizing,Yes,Mike Johnson,5375
5376, , ,Bulk,,7.59,29.74,Investor Sale,,Jessica Lin,5376
5377, ,Cancel,M L S,Yes,11.78,26.75,Relocation,No,Jane Doe,5377
5378,Accepted Offer,Close,M L S,Yes,16.83,15.15,Downsizing,Yes,Sophia Williams,5378
5379,Pending Review,Pending,Broker,No,15.98,23.88,Upsizing,Yes,Jane Doe,5379
5380,Reviewed,Close,Internal,No,17.31,26.81,Investor Sale,No,Priya Sharma,5380
5381,Pending Review,Pending,Bulk,No,19.9,25.97,Downsizing,No,Sarah Wilson,5381
5382,New,Cancelled,Broker,No,9.33,11.78,Downsizing,Yes,Michael Chen,5382
5383,Reviewed,Closed,Bulk,Yes,12.19,28.58,Relocation,No,Jane Doe,5383
5384,Cancelled,Pending,Bulk,,18.6,16.79,Investor Sale,Yes,Michael Chen,5384
5385,Offered,Closed,M L S,,12.05,12.48,Investment,Yes,John Smith,5385
5386,New,Cancel,Auction.com,,17.6,7.98,Investor Sale,No,Samantha Pierce,5386
5387, ,Pending,M.L.S.,No,4.27,9.43,Relocation,Yes,John Smith,5387
5388, Closed,Close,Auction.com,,3.87,25.32,Investor Sale,Yes,Jason Miller,5388
5389,Pending Review,Cancel,Opendoor,,3.05,9.15,Downsizing,No,John Smith,5389
5390,Cancelled,Cancelled,Opendoor,,19.01,20.99,Downsizing,No,Emily Patel,5390
5391,Pending Review,Cancel,Internal,No,11.26,18.78,Upsizing,Yes,Mike Johnson,5391
5392,Offered,Pending,Internal,Yes,13.87,26.54,Downsizing,,Jason Miller,5392
5393,Offered,Available,Internal,,10.41,23.63,Downsizing,,John Smith,5393
5394,Offered,Available,Auction.com,No,11.44,17.37,,No,Priya Sharma,5394
5395,Offered,Cancel,Opendoor,,17.98,25.38,Investment,,Sarah Wilson,5395
5396,Offered, Close ,M L S,No,14.05,18.78,Downsizing,Yes,Michael Chen,5396
5397, ,Available,Bulk,,9.65,29.97,Downsizing,,John Smith,5397
5398,Cancelled,Available,M L S,Yes,12.2,23.32,Downsizing,Yes,Luis Garcia,5398
5399,Reviewed,Cancel, MLS,Yes,14.17,19.45,Upsizing,Yes,John Smith,5399
5400, Closed,Null,Auction.com,No,13.06,13.48,Job Transfer,No,Samantha Pierce,5400
5401,Offered,Cancel,Opendoor,Yes,11.82,19.69,Investment,,Jane Doe,5401
5402,Accepted Offer,Pending,Auction.com,,5.47,26.12,,,Luis Garcia,5402
5403,Pending Review,Closed,M L S,,19.31,19.95,Relocation,No,Mike Johnson,5403
5404, Closed,Pending,M L S,Yes,9.99,19.02,,No,Priya Sharma,5404
5405,Pending Review,Pending,M.L.S.,,2.68,14.97,Relocation,No,Mike Johnson,5405
5406,Offered, Close ,Internal,,13.62,17.55,Investor Sale,No,Sophia Williams,5406
5407,Offered,Pending,M L S,Yes,12.29,17.45,Investment,Yes,Mike Johnson,5407
5408, Closed,Available,M L S,Yes,10.53,18.92,Investor Sale,No,Samantha Pierce,5408
5409,Closed,Close,Internal,,3.03,18.05,Downsizing,Yes,Samantha Pierce,5409
5410,Offered,Closed,M L S,No,19.74,21.01,Upsizing,No,Sarah Wilson,5410
5411, Closed,Closed,Internal,Yes,15.5,10.38,Investor Sale,Yes,Samantha Pierce,5411
5412,Pending Review,Closed, MLS,,12.71,23.39,Downsizing,Yes,Mike Johnson,5412
5413,New,Available,Broker,,15.69,8.5,Investor Sale,Yes,Jessica Lin,5413
5414,Pending Review,Pending,Opendoor,No,18.88,6.05,Relocation,Yes,John Smith,5414
5415,Closed,Available,M.L.S.,No,17.93,7.79,,Yes,David Thompson,5415
5416, ,Cancel,Opendoor,,17.12,20.58,Investment,,Mike Johnson,5416
5417, ,Close, MLS,,6.39,20.67,Job Transfer,,Luis Garcia,5417
5418, ,Cancel,Bulk,Yes,8.97,23.26,Investment,No,Mike Johnson,5418
5419,New, Close ,Broker,Yes,8.09,28.05,Job Transfer,Yes,Sophia Williams,5419
5420,Pending Review,Pending,Internal,Yes,17.98,13.44,Upsizing,,Mike Johnson,5420
5421,Neww,Pend,M L S,Yes,7.63,29.51,Downsizing,,David Thompson,5421
5422,Pending Review,Available,Internal,,12.11,17.0,Downsizing,No,Jane Doe,5422
5423,Closed,Close,Auction.com,Yes,9.1,23.13,Job Transfer,,Jessica Lin,5423
5424,Reviewed,Available,M L S,Yes,3.73,17.67,Downsizing,,Mike Johnson,5424
5425,Offered,Pending,M.L.S.,Yes,6.24,26.01,Investor Sale,No,Samantha Pierce,5425
5426,Pending Review,Closed, MLS,Yes,15.34,15.88,Upsizing,Yes,Mike Johnson,5426
5427, ,Always Kick,M L S,,3.98,24.9,Job Transfer,Yes,Jason Miller,5427
5428,Reviewed,Cancel,Opendoor,Yes,5.04,10.13,Downsizing,Yes,Jane Doe,5428
5429, ,Null, MLS,Yes,9.17,25.24,Downsizing,,Michael Chen,5429
5430, ,Pending,Broker,No,2.04,22.99,Downsizing,No,John Smith,5430
5431,Neww,Always Kick,Auction.com,No,2.46,16.58,,,Michael Chen,5431
5432,Reviewed,Closed,M L S,No,14.02,6.59,Relocation,,John Smith,5432
5433, ,Null,Auction.com,,17.35,17.08,,Yes,David Thompson,5433
5434,Offered,Cancel,Opendoor,Yes,17.48,12.43,Downsizing,Yes,Sarah Wilson,5434
5435,Closed,Kick,Broker,Yes,19.57,19.7,Downsizing,No,Sophia Williams,5435
5436, ,Pending,Bulk,Yes,18.65,12.17,Downsizing,Yes,Mike Johnson,5436
5437,Closed,Close,Internal,,15.54,13.19,Job Transfer,,Priya Sharma,5437
5438,Reviewed,Available,Bulk,No,16.39,30.29,Upsizing,No,Jane Doe,5438
5439,New,Always Kick, MLS,,18.11,13.7,Job Transfer,No,Sophia Williams,5439
5440,Reviewed,Available,Internal,Yes,16.71,14.04,Downsizing,No,Mike Johnson,5440
5441, Closed, ,Auction.com,Yes,17.84,6.99,Job Transfer,No,Samantha Pierce,5441
5442,Reviewed,Pending,Bulk,No,6.63,22.38,Relocation,,Mike Johnson,5442
5443,Reviewed,Pend, MLS,No,15.36,19.66,Investor Sale,Yes,Amit Kumar,5443
5444,Pending Review,Available, MLS,,6.06,10.46,Relocation,No,Sarah Wilson,5444
5445,Offered,Null,Internal,Yes,4.42,7.73,Job Transfer,,Priya Sharma,5445
5446, ,Cancel,M L S,No,7.0,7.54,Relocation,,Jane Doe,5446
5447,Offered,Pending,Internal,No,14.26,10.4,Downsizing,No,Samantha Pierce,5447
5448, ,Closed,M.L.S.,No,10.61,7.11,Upsizing,,John Smith,5448
5449,Neww, ,Opendoor,No,13.44,18.33,,No,Jessica Lin,5449
5450,Pending Review,Closed,Opendoor,Yes,13.03,12.3,Downsizing,,Jane Doe,5450
5451,Neww,Pend, MLS,,17.36,23.94,,No,Emily Patel,5451
5452, ,Pending,Opendoor,Yes,2.55,19.24,Upsizing,Yes,John Smith,5452
5453,Null,Pending, MLS,No,6.61,26.86,Investor Sale,Yes,Michael Chen,5453
5454,Reviewed,Available,M L S,Yes,2.83,6.23,Investment,Yes,Mike Johnson,5454
5455,Neww,Null,Broker,Yes,15.69,9.07,Job Transfer,Yes,Michael Chen,5455
5456, ,Pending,M.L.S.,No,18.83,17.51,Investment,Yes,Sarah Wilson,5456
5457,Reviewed,Available,Auction.com,Yes,3.64,27.19,Downsizing,No,David Thompson,5457
5458,Offered,Available,Bulk,No,13.05,24.7,Relocation,,Sarah Wilson,5458
5459,Accepted Offer,Kick,Bulk,No,15.11,25.24,Investor Sale,Yes,David Thompson,5459
5460,Reviewed,Pending,M L S,No,4.11,5.61,Downsizing,Yes,Mike Johnson,5460
5461, Closed,Pend,Auction.com,Yes,3.69,21.44,,,Samantha Pierce,5461
5462,Pending Review,Pending, MLS,,19.1,7.08,Downsizing,,Jane Doe,5462
5463, Closed,Cancel,Broker,Yes,4.32,8.1,,No,Priya Sharma,5463
5464, ,Available,Internal,No,8.26,24.29,Downsizing,,Sarah Wilson,5464
5465,New,Always Kick,M L S,,10.6,12.68,Job Transfer,,Jessica Lin,5465
5466,Offered,Closed,Bulk,,2.19,9.08,Investment,No,Jane Doe,5466
5467, Closed,Closed,Internal,No,3.11,29.72,Job Transfer,Yes,Michael Chen,5467
5468,Pending Review,Pending,Internal,No,18.71,29.36,Investment,No,Mike Johnson,5468
5469, ,Cancelled,Auction.com,,8.03,10.49,Investor Sale,No,Jason Miller,5469
5470,Offered,Cancel, MLS,Yes,16.21,29.57,Upsizing,,Jane Doe,5470
5471,Cancelled, ,Bulk,Yes,19.11,28.59,,Yes,Jessica Lin,5471
5472,Offered,Pending,Broker,No,9.13,14.61,Downsizing,,Mike Johnson,5472
5473, Closed,Close,Opendoor,,18.47,12.02,Downsizing,Yes,Jessica Lin,5473
5474,Offered,Cancel,Opendoor,,4.77,17.98,Downsizing,No,Jane Doe,5474
5475,Reviewed,Pend,Auction.com,,13.05,8.2,Downsizing,,Emily Patel,5475
5476,Offered,Cancel, MLS,,19.46,8.58,Upsizing,,Mike Johnson,5476
5477,Cancelled,Kick,Bulk,No,7.81,19.39,Job Transfer,Yes,Michael Chen,5477
5478,Pending Review,Closed,Auction.com,,19.94,24.97,Upsizing,Yes,John Smith,5478
5479,New,Available,M L S,,5.7,11.02,,No,Amit Kumar,5479
5480,Reviewed,Cancel,Internal,,16.59,23.95,Relocation,,Mike Johnson,5480
5481, Closed, ,Opendoor,No,8.56,7.41,Job Transfer,,Amit Kumar,5481
5482,Pending Review,Pending,Broker,Yes,11.14,25.32,Downsizing,,Jane Doe,5482
5483,Closed,Closed, MLS,Yes,17.78,27.56,Job Transfer,No,David Thompson,5483
5484,Pending Review,Pending,Auction.com,Yes,12.93,6.11,Relocation,,Mike Johnson,5484
5485,Null,Null,M.L.S.,No,14.66,18.26,,,Luis Garcia,5485
5486,Pending Review,Cancel,M L S,,16.4,7.21,Upsizing,,John Smith,5486
5487,Cancelled,Available,Broker,No,11.96,28.74,Job Transfer,No,Amit Kumar,5487
5488,Reviewed,Cancel,Bulk,,6.46,13.2,Investment,,John Smith,5488
5489,Neww,Cancelled,Auction.com,,7.95,18.84,Downsizing,No,Emily Patel,5489
5490,Pending Review,Pending, MLS,,18.83,19.72,Relocation,,John Smith,5490
5491,Cancelled, , MLS,,3.55,19.18,,,David Thompson,5491
5492,Reviewed,Pending,M.L.S.,No,3.81,12.47,Upsizing,Yes,John Smith,5492
5493,Neww,Pend,Internal,,7.7,27.96,Job Transfer,No,Sophia Williams,5493
5494, ,Available,Internal,Yes,10.22,13.43,Investment,,Sarah Wilson,5494
5495, Closed,Kick,Opendoor,Yes,12.55,28.17,Investor Sale,No,David Thompson,5495
5496,Reviewed,Available,M L S,Yes,15.44,24.05,Downsizing,Yes,Jane Doe,5496
5497,Closed,Closed,Internal,,14.4,11.9,Investor Sale,,Amit Kumar,5497
5498,Offered,Pending,Bulk,Yes,19.18,25.44,Upsizing,Yes,Jane Doe,5498
5499,New,Cancelled,Opendoor,Yes,4.72,14.7,Investor Sale,,Jason Miller,5499
5500,Reviewed,Cancel,M.L.S.,No,12.8,14.22,Investment,Yes,Mike Johnson,5500
5501,Reviewed,Cancel,Auction.com,Yes,17.48,20.0,,Yes,Jason Miller,5501
5502,Pending Review,Available,Broker,,20.36,21.6,Relocation,No,John Smith,5502
5503,Closed,Always Kick,M.L.S.,No,6.5,21.6,Job Transfer,No,Emily Patel,5503
5504,Pending Review,Closed,Internal,Yes,9.15,28.7,Relocation,,Sarah Wilson,5504
5505,Closed,Null,M L S,,7.0,29.63,,,Michael Chen,5505
5506,Pending Review,Cancel,M L S,Yes,17.58,17.61,Relocation,,Sarah Wilson,5506
5507,Neww,Always Kick,Opendoor,Yes,3.1,8.65,,,Michael Chen,5507
5508,Offered,Closed,Broker,,19.65,26.52,Downsizing,Yes,Sarah Wilson,5508
5509,Offered, ,Auction.com,,14.59,21.38,Downsizing,No,Priya Sharma,5509
5510, ,Cancel,Opendoor,No,13.84,20.98,Upsizing,,Jane Doe,5510
5511,Closed, ,Bulk,No,3.72,28.31,,No,Emily Patel,5511
5512,Pending Review,Cancel,Internal,Yes,18.62,18.36,Upsizing,No,John Smith,5512
5513,Reviewed,Cancel, MLS,No,18.69,20.68,,No,David Thompson,5513
5514,Reviewed,Pending,Opendoor,,11.2,16.93,Investment,,Mike Johnson,5514
5515,Closed,Null,Auction.com,Yes,8.07,28.68,,,Samantha Pierce,5515
5516,Pending Review,Closed, MLS,Yes,17.0,18.8,Upsizing,No,John Smith,5516
5517, Closed,Pend,Broker,No,14.63,21.55,Investor Sale,No,Samantha Pierce,5517
5518, ,Cancel, MLS,,19.58,19.68,Relocation,,John Smith,5518
5519,Neww,Null,M.L.S.,,15.39,17.18,Downsizing,,Emily Patel,5519
5520,Offered,Available,Opendoor,No,13.32,4.85,Downsizing,Yes,John Smith,5520
5521,Neww,Pend,Bulk,Yes,6.62,29.26,Job Transfer,Yes,Jason Miller,5521
5522, ,Closed,M.L.S.,No,8.6,6.96,Investment,,Mike Johnson,5522
5523,New,Always Kick, MLS,,13.38,17.1,Job Transfer,,Sophia Williams,5523
5524,Offered,Closed,Bulk,No,8.97,8.34,Upsizing,No,Mike Johnson,5524
5525,Neww,Pend,Internal,No,5.82,17.31,Investor Sale,No,Jason Miller,5525
5526, ,Available,Bulk,No,11.34,28.66,Upsizing,No,John Smith,5526
5527,Neww,Always Kick,Auction.com,,13.08,15.39,Job Transfer,,Sophia Williams,5527
5528,Pending Review,Pending,Opendoor,No,3.82,19.39,Relocation,No,John Smith,5528
5529,New,Pend,Internal,Yes,14.47,25.11,Downsizing,Yes,David Thompson,5529
5530,Pending Review,Available,Broker,,19.44,4.97,Relocation,Yes,Mike Johnson,5530
5531,Reviewed, Close ,Bulk,,19.12,7.03,Investor Sale,No,Emily Patel,5531
5532,Offered,Cancel,M L S,No,10.57,18.06,Downsizing,,Sarah Wilson,5532
5533,Accepted Offer,Pend, MLS,No,10.52,22.76,,,David Thompson,5533
5534,Pending Review,Cancel,Bulk,No,7.86,13.08,Investment,,Mike Johnson,5534
5535,Cancelled,Cancel,M L S,,9.09,25.6,,Yes,Amit Kumar,5535
5536, ,Available,M.L.S.,No,2.36,20.04,Downsizing,No,John Smith,5536
5537,Closed, ,M L S,Yes,15.06,28.31,Job Transfer,,Priya Sharma,5537
5538,Offered,Available, MLS,No,8.38,19.66,Relocation,,Sarah Wilson,5538
5539, , ,Opendoor,,2.67,28.56,Investor Sale,Yes,Emily Patel,5539
5540,Offered,Closed,M.L.S.,Yes,2.14,26.93,Investment,No,Sarah Wilson,5540
5541, Closed, ,M.L.S.,No,16.86,10.35,Job Transfer,,Amit Kumar,5541
5542,Pending Review,Available,Opendoor,Yes,8.75,19.78,Investment,No,Sarah Wilson,5542
5543, Closed,Close, MLS,No,15.91,13.51,,Yes,Samantha Pierce,5543
5544,Offered,Closed,Broker,No,2.98,24.27,Downsizing,No,John Smith,5544
5545,Accepted Offer,Null,M L S,,17.0,15.44,Investor Sale,No,Priya Sharma,5545
5546,Pending Review,Cancel,Internal,Yes,5.5,8.71,Downsizing,No,Mike Johnson,5546
5547,Reviewed, ,M.L.S.,No,3.34,5.94,Downsizing,Yes,Jason Miller,5547
5548,Reviewed,Available,M L S,,13.58,6.02,Downsizing,Yes,Mike Johnson,5548
5549,Accepted Offer,Close, MLS,,7.16,28.61,,Yes,Emily Patel,5549
5550, ,Available,M L S,No,8.34,11.01,Relocation,,John Smith,5550
5551, Closed,Kick,Opendoor,,2.22,16.48,,No,Priya Sharma,5551
5552, ,Available,Opendoor,,5.59,12.93,Upsizing,Yes,Jane Doe,5552
5553,Closed,Available, MLS,,14.28,18.82,,Yes,Jessica Lin,5553
5554,Offered,Closed,M L S,No,5.2,7.26,Investment,No,Mike Johnson,5554
5555,Null,Pending,Opendoor,,8.97,20.06,Investor Sale,No,Michael Chen,5555
5556,Offered,Cancel,Broker,No,5.93,5.01,Upsizing,,Sarah Wilson,5556
5557,New,Always Kick,Opendoor,No,3.23,24.1,Downsizing,,Michael Chen,5557
5558,Pending Review,Available,M.L.S.,No,9.26,24.22,Downsizing,Yes,John Smith,5558
5559,Neww,Pending,Internal,Yes,9.29,25.07,,Yes,Amit Kumar,5559
5560,Offered,Cancel,M L S,Yes,16.9,28.97,Relocation,,Sarah Wilson,5560
5561,Reviewed,Pending,Internal,No,16.5,14.51,Job Transfer,No,Samantha Pierce,5561
5562,Reviewed,Pending,Bulk,No,6.4,10.16,Upsizing,Yes,Sarah Wilson,5562
5563,New,Always Kick,Broker,Yes,12.05,5.42,,Yes,Michael Chen,5563
5564, ,Closed,Opendoor,No,17.87,8.54,Upsizing,Yes,John Smith,5564
5565,New,Kick,M.L.S.,,19.69,5.27,Investor Sale,No,Jessica Lin,5565
5566,Reviewed,Pending, MLS,No,12.12,14.91,Investment,No,Jane Doe,5566
5567,Neww, ,M L S,,19.79,11.85,Investor Sale,No,Jessica Lin,5567
5568,Pending Review,Closed,Internal,No,3.32,26.47,Upsizing,,John Smith,5568
5569,Neww,Pend,Opendoor,Yes,19.3,18.06,Downsizing,No,Luis Garcia,5569
5570,Reviewed,Available,M L S,No,2.53,28.32,Upsizing,No,Sarah Wilson,5570
5571,Neww,Closed, MLS,Yes,8.13,5.36,,Yes,Luis Garcia,5571
5572,Offered,Closed,M L S,No,16.12,17.06,Upsizing,,Jane Doe,5572
5573,Reviewed, ,Bulk,Yes,3.12,5.82,Job Transfer,Yes,Amit Kumar,5573
5574, ,Cancel,Opendoor,,5.95,18.1,Relocation,No,John Smith,5574
5575,Reviewed, Close ,M L S,No,3.93,20.43,Investor Sale,,Sophia Williams,5575
5576, ,Available,Broker,Yes,13.86,14.78,Investment,No,Sarah Wilson,5576
5577,New,Close,Broker,No,2.7,17.84,,,Emily Patel,5577
5578,Pending Review,Available,Auction.com,,19.38,24.19,Investment,No,Sarah Wilson,5578
5579,Null, ,M.L.S.,No,14.14,11.78,Downsizing,Yes,Amit Kumar,5579
5580,Offered,Pending,M.L.S.,,12.55,26.34,Downsizing,No,John Smith,5580
5581, ,Always Kick,Broker,No,15.15,11.61,Downsizing,No,Michael Chen,5581
5582, ,Available,M L S,,3.47,21.58,Downsizing,,John Smith,5582
5583, Closed,Null,Opendoor,Yes,11.61,5.95,Job Transfer,Yes,Emily Patel,5583
5584,Reviewed,Closed,Broker,No,3.18,12.44,Investment,No,Jane Doe,5584
5585, , Close , MLS,Yes,5.17,10.07,Investor Sale,,Priya Sharma,5585
5586,Reviewed,Pending,Bulk,,11.27,13.36,Downsizing,Yes,Sarah Wilson,5586
5587,Null,Pending,Broker,No,17.9,7.45,Downsizing,No,Amit Kumar,5587
5588, ,Closed,Internal,No,10.9,16.12,Upsizing,No,Sarah Wilson,5588
5589,Neww,Close,Auction.com,Yes,18.73,24.48,Investor Sale,No,Luis Garcia,5589
5590,Offered,Closed,Broker,No,9.72,17.71,Investment,,Jane Doe,5590
5591, ,Available,Bulk,,2.69,13.98,Job Transfer,Yes,Michael Chen,5591
5592,Offered,Closed,Bulk,,12.44,10.33,Relocation,Yes,John Smith,5592
5593,Cancelled,Cancelled, MLS,Yes,4.63,26.95,Investor Sale,,Jessica Lin,5593
5594,Offered,Pending,Opendoor,Yes,11.61,29.59,Upsizing,No,Jane Doe,5594
5595, ,Pending,Opendoor,No,16.8,14.27,Downsizing,Yes,David Thompson,5595
5596,Pending Review,Closed, MLS,No,19.08,6.53,Relocation,No,Sarah Wilson,5596
5597,New,Null,Auction.com,,7.09,22.8,Job Transfer,Yes,Jessica Lin,5597
5598,Pending Review,Available,Internal,Yes,3.37,24.22,Upsizing,No,Mike Johnson,5598
5599,Cancelled, ,Bulk,,16.94,17.89,Downsizing,,Priya Sharma,5599
5600, ,Pending,Auction.com,Yes,19.97,23.44,Relocation,No,Jane Doe,5600
5601,Offered,Pend,Internal,No,17.74,20.6,Downsizing,No,Michael Chen,5601
5602,Null,Close,Auction.com,,9.69,14.5,,Yes,Michael Chen,5602
5603, Closed,Always Kick,M L S,,5.46,13.32,Investor Sale,No,David Thompson,5603
5604, ,Available, MLS,,9.63,27.55,Job Transfer,,Samantha Pierce,5604
5605,Offered,Kick,Bulk,,6.01,10.02,Job Transfer,Yes,Emily Patel,5605
5606,New, ,Broker,No,19.46,18.52,Downsizing,Yes,Amit Kumar,5606
5607, ,Always Kick, MLS,,7.51,20.64,Investor Sale,Yes,Luis Garcia,5607
5608, ,Closed,Auction.com,,8.06,11.41,,Yes,Samantha Pierce,5608
5609,Accepted Offer,Pend,Opendoor,No,19.2,6.27,Downsizing,Yes,Priya Sharma,5609
5610,New,Closed,Broker,,7.76,27.67,Investor Sale,,Amit Kumar,5610
5611,New,Cancel,Broker,Yes,7.97,12.81,Investor Sale,Yes,Jessica Lin,5611
5612,Accepted Offer,Close,Internal,Yes,5.08,20.62,Downsizing,No,Samantha Pierce,5612
5613,New,Cancel,Broker,Yes,9.52,18.29,Job Transfer,No,Amit Kumar,5613
5614,Closed,Cancel,M.L.S.,Yes,3.21,15.49,Job Transfer,,Michael Chen,5614
5615,Neww,Closed,Opendoor,Yes,8.88,21.46,Job Transfer,Yes,Priya Sharma,5615
5616, ,Null,M.L.S.,No,11.07,5.93,Job Transfer,,Priya Sharma,5616
5617,Offered, ,Internal,,13.23,13.33,Downsizing,Yes,Emily Patel,5617
5618,Offered, ,Auction.com,No,15.01,16.6,Investor Sale,Yes,Jason Miller,5618
5619, Closed,Pending,Auction.com,No,16.21,20.14,Downsizing,,Samantha Pierce,5619
5620, Closed,Cancel, MLS,,7.78,15.18,Job Transfer,,Michael Chen,5620
5621, ,Pending,Internal,Yes,14.61,11.94,Downsizing,No,Amit Kumar,5621
5622,New,Close,Opendoor,,11.25,29.0,,No,Samantha Pierce,5622
5623,New,Closed,Auction.com,No,11.33,29.08,,Yes,Luis Garcia,5623
5624, Closed, Close ,Auction.com,No,7.28,12.52,,No,Priya Sharma,5624
5625,Neww,Pend,Broker,No,13.07,7.91,Downsizing,Yes,Jason Miller,5625
5626,Accepted Offer,Null,Internal,No,18.24,9.49,Downsizing,,Jason Miller,5626
5627,Neww, ,Broker,Yes,8.13,6.65,Investor Sale,No,Amit Kumar,5627
5628,Closed,Null,Opendoor,Yes,12.9,15.19,Job Transfer,No,Amit Kumar,5628
5629,Closed,Close,Opendoor,Yes,15.88,5.85,Investor Sale,No,Sophia Williams,5629
5630,Null, ,Broker,No,10.93,10.82,Downsizing,,Sophia Williams,5630
5631,Cancelled,Cancelled,Opendoor,Yes,14.18,20.46,Downsizing,Yes,Emily Patel,5631
5632, ,Closed,Opendoor,,12.25,14.55,Investor Sale,Yes,Amit Kumar,5632
5633,Closed,Closed,Opendoor,Yes,18.52,13.98,Investor Sale,Yes,Sophia Williams,5633
5634,Null,Pending,Auction.com,,13.22,6.31,Downsizing,,Priya Sharma,5634
5635,Null,Cancelled, MLS,No,8.14,5.64,Investor Sale,,Jason Miller,5635
5636,New,Kick, MLS,No,5.93,9.76,Job Transfer,Yes,Emily Patel,5636
5637, ,Cancelled,Auction.com,,4.22,25.26,Downsizing,,Jason Miller,5637
5638, ,Available,Broker,,6.82,26.93,,No,Emily Patel,5638
5639,Null,Available,M L S,Yes,13.8,23.91,Job Transfer,No,Jason Miller,5639
5640, Closed,Always Kick,M.L.S.,Yes,4.68,29.5,Downsizing,Yes,Jason Miller,5640
5641,Cancelled,Pending,Opendoor,,7.22,16.4,,,Sophia Williams,5641
5642,New,Cancel,Opendoor,Yes,2.24,16.64,Job Transfer,No,Emily Patel,5642
5643, , ,M L S,No,6.35,29.0,Job Transfer,Yes,Amit Kumar,5643
5644, ,Available,Auction.com,,6.84,22.63,Downsizing,No,Michael Chen,5644
5645,Reviewed,Kick,M L S,,5.61,13.32,Downsizing,No,Amit Kumar,5645
5646,Closed,Cancelled,Bulk,,5.25,23.25,,Yes,David Thompson,5646
5647, Closed,Close,Bulk,No,15.37,23.34,Investor Sale,No,David Thompson,5647
5648, Closed,Available,Opendoor,Yes,15.12,22.66,Job Transfer,Yes,Sophia Williams,5648
5649,Closed,Pending,M L S,Yes,15.55,28.29,Downsizing,,Amit Kumar,5649
5650, Closed, Close ,Auction.com,,10.28,25.72,Downsizing,Yes,Amit Kumar,5650
5651, ,Pending,M.L.S.,No,6.57,8.6,Investor Sale,,Jessica Lin,5651
5652,Accepted Offer,Close,M L S,,19.6,14.63,Downsizing,Yes,David Thompson,5652
5653,Offered,Kick,Bulk,No,15.11,28.85,,Yes,Jason Miller,5653
5654,Reviewed,Always Kick,Bulk,,15.5,19.4,,Yes,Jason Miller,5654
5655,Cancelled, ,M.L.S.,No,17.1,12.66,Job Transfer,Yes,Emily Patel,5655
5656,Closed,Pend, MLS,No,19.56,10.73,,No,Samantha Pierce,5656
5657,New,Closed,Broker,,15.25,6.91,,No,Luis Garcia,5657
5658,Offered,Pend,M L S,No,10.3,20.11,,,Amit Kumar,5658
5659,Closed,Kick, MLS,No,9.68,7.25,,No,Priya Sharma,5659
5660,Closed,Closed, MLS,,14.45,17.97,Downsizing,,Sophia Williams,5660
5661,Closed,Pend,Auction.com,,6.42,15.58,Job Transfer,No,Sophia Williams,5661
5662,New,Always Kick,Broker,Yes,18.53,29.47,,,Luis Garcia,5662
5663,New,Close,Auction.com,No,3.05,12.34,Investor Sale,,David Thompson,5663
5664,Accepted Offer,Cancelled,Bulk,Yes,8.04,25.18,,,Samantha Pierce,5664
5665,Closed,Kick, MLS,,11.11,13.03,Downsizing,Yes,Jason Miller,5665
5666,Closed,Cancelled,Auction.com,Yes,9.86,11.61,Investor Sale,,Jason Miller,5666
5667,Null,Cancelled,M.L.S.,,18.75,17.6,Job Transfer,,Amit Kumar,5667
5668,Null,Close,Broker,Yes,8.08,26.53,Investor Sale,,Jason Miller,5668
5669,Cancelled,Cancelled, MLS,Yes,9.5,28.26,Downsizing,,David Thompson,5669
5670,Null,Closed,M.L.S.,Yes,15.25,17.19,Investor Sale,Yes,Priya Sharma,5670
5671,Reviewed, ,Auction.com,Yes,14.88,14.54,Downsizing,No,Priya Sharma,5671
5672,Null,Closed,Opendoor,Yes,4.23,15.55,Investor Sale,No,Sophia Williams,5672
5673,Cancelled, ,Auction.com,No,4.72,16.28,Downsizing,Yes,Samantha Pierce,5673
5674, Closed,Close,M L S,,18.67,27.61,Investor Sale,,Emily Patel,5674
5675,Closed,Kick,Opendoor,No,17.04,13.91,Downsizing,,Priya Sharma,5675
5676,Reviewed,Cancelled,Broker,No,13.1,24.52,,No,Jessica Lin,5676
5677,Accepted Offer,Null,Opendoor,Yes,6.79,16.15,,No,Michael Chen,5677
5678,Null,Always Kick,Bulk,Yes,11.47,10.72,Downsizing,Yes,Emily Patel,5678
5679,Offered,Cancel,M.L.S.,No,17.92,29.78,Job Transfer,Yes,Priya Sharma,5679
5680,Offered,Close,Broker,No,3.0,19.84,Investor Sale,,Jessica Lin,5680
5681,Accepted Offer,Pending,Broker,Yes,11.25,27.91,,No,Jessica Lin,5681
5682,New,Cancel, MLS,Yes,16.13,21.88,,No,Jason Miller,5682
5683,New,Kick, MLS,Yes,16.35,18.86,Downsizing,No,David Thompson,5683
5684,Null,Kick,M.L.S.,,17.89,6.17,,Yes,Jessica Lin,5684
5685,New,Always Kick, MLS,Yes,12.11,23.3,Investor Sale,Yes,Emily Patel,5685
5686,New,Null,Auction.com,Yes,6.65,18.65,Job Transfer,,Emily Patel,5686
5687, Closed, Close , MLS,No,12.37,16.69,,,Jessica Lin,5687
5688,Accepted Offer, ,Auction.com,Yes,6.58,19.69,Downsizing,No,Jessica Lin,5688
5689,New,Pend,M L S,Yes,14.06,11.79,Downsizing,,David Thompson,5689
5690,New,Close,M L S,,2.4,24.68,Investor Sale,Yes,Samantha Pierce,5690
5691,Accepted Offer,Null,Bulk,,17.72,26.43,Job Transfer,No,Priya Sharma,5691
5692,New,Close, MLS,No,13.1,12.6,,No,Samantha Pierce,5692
5693,Closed,Kick,Internal,No,5.52,23.6,Downsizing,Yes,Amit Kumar,5693
5694,Closed, Close ,Auction.com,No,9.45,22.5,,Yes,Priya Sharma,5694
5695,Accepted Offer,Close,Broker,No,4.8,21.88,,Yes,Samantha Pierce,5695
5696, Closed,Available,Opendoor,Yes,15.89,5.42,Downsizing,Yes,Luis Garcia,5696
5697,Null,Kick,Bulk,,19.56,9.75,,No,Priya Sharma,5697
5698, ,Closed,Bulk,Yes,11.05,23.26,Investor Sale,No,Luis Garcia,5698
5699,Cancelled,Kick,Bulk,No,15.46,17.83,Job Transfer,Yes,David Thompson,5699
5700,Cancelled,Pend, MLS,Yes,18.3,29.02,Investor Sale,Yes,Michael Chen,5700
5701, Closed,Pend,Opendoor,No,18.05,16.34,Downsizing,,David Thompson,5701
5702, ,Available,Bulk,No,8.44,27.55,Investor Sale,Yes,Jason Miller,5702
5703,Cancelled, ,Internal,Yes,9.33,6.61,,,Michael Chen,5703
5704, ,Cancelled,Bulk,Yes,6.36,29.14,Investor Sale,,Jessica Lin,5704
5705,Neww,Close,M.L.S.,No,7.94,16.75,,,Priya Sharma,5705
5706,Offered, Close ,M L S,Yes,4.43,8.64,Investor Sale,No,Priya Sharma,5706
5707,Null,Cancelled,Bulk,Yes,17.99,21.24,Downsizing,No,Samantha Pierce,5707
5708,Neww,Null, MLS,No,4.19,6.7,,Yes,Jessica Lin,5708
5709,Accepted Offer, Close , MLS,,8.44,7.01,Job Transfer,,Luis Garcia,5709
5710,Null, ,Bulk,,13.51,24.67,Downsizing,No,Michael Chen,5710
5711,Offered, ,M L S,No,13.33,11.11,Downsizing,Yes,Samantha Pierce,5711
5712, , ,Internal,Yes,11.12,9.53,,No,Amit Kumar,5712
5713,Accepted Offer,Always Kick,Opendoor,Yes,15.13,19.31,Downsizing,Yes,David Thompson,5713
5714, ,Always Kick,Opendoor,Yes,4.57,9.94,,No,Emily Patel,5714
5715,Closed,Cancel,M L S,No,18.2,17.56,Investor Sale,No,Amit Kumar,5715
5716,Cancelled,Closed,M.L.S.,Yes,6.39,28.78,Downsizing,,Amit Kumar,5716
5717,Null, ,Broker,No,9.94,28.69,Investor Sale,,Emily Patel,5717
5718, Closed,Close,M.L.S.,,11.45,28.22,Downsizing,,Amit Kumar,5718
5719,New,Null,Opendoor,,3.04,25.9,Job Transfer,Yes,Jason Miller,5719
5720,Neww, Close ,Auction.com,Yes,18.2,25.3,Job Transfer,Yes,Jessica Lin,5720
5721,Reviewed,Always Kick,Bulk,Yes,18.56,27.75,,,Jason Miller,5721
5722, ,Close,Opendoor,No,8.66,5.05,Investor Sale,Yes,Samantha Pierce,5722
5723, ,Closed,M L S,Yes,15.47,10.54,Job Transfer,,David Thompson,5723
5724, ,Cancelled, MLS,Yes,15.22,29.78,Investor Sale,No,Jessica Lin,5724
5725,Cancelled,Pending,Broker,No,6.8,25.98,,No,Amit Kumar,5725
5726,Offered,Cancel,Internal,No,3.52,28.08,Downsizing,No,Luis Garcia,5726
5727,Accepted Offer,Pend,Internal,,8.02,14.08,Downsizing,Yes,Sophia Williams,5727
5728,Closed,Cancelled, MLS,No,13.29,22.08,Investor Sale,,Priya Sharma,5728
5729,Cancelled,Closed,Internal,,7.39,26.38,Downsizing,,David Thompson,5729
5730, Closed,Null,Bulk,No,16.61,9.92,Downsizing,No,Jason Miller,5730
5731,Reviewed,Close,Opendoor,Yes,4.05,14.88,Investor Sale,No,Jason Miller,5731
5732, ,Closed,Auction.com,No,7.97,6.39,Job Transfer,,Luis Garcia,5732
5733,Accepted Offer,Cancelled,M L S,,16.69,23.65,Investor Sale,,Luis Garcia,5733
5734, , ,M L S,,12.71,22.45,Downsizing,No,Michael Chen,5734
5735,Null,Close,Opendoor,Yes,12.66,12.39,,Yes,Priya Sharma,5735
5736,Closed,Closed,M.L.S.,Yes,5.83,17.75,,No,Samantha Pierce,5736
5737, ,Available,Bulk,,2.78,24.58,Job Transfer,,Samantha Pierce,5737
5738,Closed,Available,Broker,Yes,6.69,20.61,Investor Sale,Yes,Amit Kumar,5738
5739,New,Pending,Internal,No,19.8,22.92,Downsizing,,Jessica Lin,5739
5740,Closed,Pending,M.L.S.,Yes,19.31,11.87,Investor Sale,,Michael Chen,5740
5741,Cancelled,Always Kick,M L S,No,6.04,16.72,Investor Sale,Yes,Luis Garcia,5741
5742,Accepted Offer,Closed,Opendoor,,4.47,7.75,Investor Sale,Yes,David Thompson,5742
5743,Reviewed,Always Kick,M L S,No,14.05,6.9,,Yes,Samantha Pierce,5743
5744,Closed,Cancelled,Internal,,3.32,5.61,Downsizing,Yes,Michael Chen,5744
5745,Null,Available,M.L.S.,Yes,10.38,22.51,Downsizing,Yes,David Thompson,5745
5746,Neww,Pend,Auction.com,No,15.16,7.36,Investor Sale,,David Thompson,5746
5747,Accepted Offer,Close,Internal,No,17.11,27.15,Investor Sale,Yes,Jason Miller,5747
5748,Cancelled,Always Kick,Auction.com,No,16.74,29.3,Job Transfer,No,Priya Sharma,5748
5749,Accepted Offer,Closed,Broker,Yes,17.95,27.62,Downsizing,,Michael Chen,5749
5750,Neww,Cancel,M L S,No,8.56,24.47,Downsizing,No,Sophia Williams,5750
5751, ,Pend,Opendoor,,6.95,25.61,Investor Sale,Yes,Samantha Pierce,5751
5752,Offered, Close ,M.L.S.,,7.37,20.48,Investor Sale,,Sophia Williams,5752
5753,Offered,Pend,Opendoor,Yes,7.68,13.06,Downsizing,No,Priya Sharma,5753
5754,Reviewed, Close ,M.L.S.,,9.81,16.41,,No,Amit Kumar,5754
5755,Neww,Kick,M.L.S.,Yes,6.46,5.66,Job Transfer,,Priya Sharma,5755
5756,Accepted Offer,Available,Internal,No,3.33,21.19,Downsizing,Yes,Sophia Williams,5756
5757,Closed,Cancelled,Auction.com,,6.21,26.14,Downsizing,Yes,Emily Patel,5757
5758,Cancelled,Null,Bulk,No,15.87,14.86,Downsizing,No,Amit Kumar,5758
5759,New,Kick,Opendoor,,4.19,20.42,,Yes,Samantha Pierce,5759
5760,Closed,Kick,Bulk,Yes,18.77,17.56,Investor Sale,,Priya Sharma,5760
5761, ,Kick,M L S,,16.88,29.43,Investor Sale,No,Emily Patel,5761
5762,New,Pend,Opendoor,Yes,5.65,18.18,Downsizing,,Jessica Lin,5762
5763, ,Null,Auction.com,Yes,5.7,20.24,Downsizing,Yes,Samantha Pierce,5763
5764,New,Kick,M L S,No,11.9,18.67,Investor Sale,No,Michael Chen,5764
5765,Closed,Pend,Opendoor,No,19.64,26.14,Job Transfer,Yes,Luis Garcia,5765
5766,Accepted Offer,Available, MLS,,9.41,11.77,Job Transfer,Yes,Luis Garcia,5766
5767,Accepted Offer,Pending,M.L.S.,,7.26,12.14,Investor Sale,No,Jessica Lin,5767
5768, Closed,Pend,Internal,No,6.79,22.53,Investor Sale,Yes,Michael Chen,5768
5769,Reviewed,Close,Bulk,Yes,12.36,12.2,,No,Emily Patel,5769
5770,Cancelled,Pend,Auction.com,,5.48,14.46,,No,Amit Kumar,5770
5771,New,Null,Bulk,,5.05,18.55,,Yes,Michael Chen,5771
5772,New,Pend,Bulk,,10.5,23.47,Investor Sale,No,Samantha Pierce,5772
5773,Offered,Null,Opendoor,Yes,16.08,29.03,Job Transfer,,Priya Sharma,5773
5774,Cancelled, Close ,Internal,Yes,2.88,20.33,Investor Sale,No,Amit Kumar,5774
5775,Cancelled,Always Kick,Auction.com,No,15.82,26.05,,No,Priya Sharma,5775
5776, Closed,Always Kick,Auction.com,No,9.66,21.87,Investor Sale,No,Luis Garcia,5776
5777,Offered,Closed,Bulk,Yes,6.78,18.45,Job Transfer,No,Samantha Pierce,5777
5778,Neww,Close,M.L.S.,Yes,17.24,7.64,Downsizing,Yes,Amit Kumar,5778
5779,Closed,Closed,Internal,,3.68,21.29,Downsizing,,Jason Miller,5779
5780,Reviewed,Kick, MLS,Yes,5.52,23.73,Job Transfer,Yes,Priya Sharma,5780
5781,Null,Cancelled,M.L.S.,Yes,13.18,19.31,,No,Priya Sharma,5781
5782,New, ,Opendoor,No,14.49,10.18,Job Transfer,Yes,Jessica Lin,5782
5783,Cancelled,Kick, MLS,,11.72,6.01,,,Emily Patel,5783
5784,Offered,Pend,M.L.S.,,6.77,14.37,Downsizing,No,Sophia Williams,5784
5785,Offered,Closed,Bulk,,5.79,17.61,Downsizing,Yes,Luis Garcia,5785
5786,Reviewed,Pend,Auction.com,,7.15,14.9,Job Transfer,,Emily Patel,5786
5787,Null,Cancelled,Internal,,2.32,24.17,Investor Sale,,Luis Garcia,5787
5788,Cancelled,Cancel,Auction.com,No,12.34,23.58,,,Amit Kumar,5788
5789,New,Pend,Internal,No,16.79,7.55,Investor Sale,No,David Thompson,5789
5790,Reviewed, ,Auction.com,,17.93,17.93,,No,Priya Sharma,5790
5791, ,Cancelled, MLS,No,19.68,18.07,Job Transfer,,David Thompson,5791
5792, Closed,Close,Broker,,15.39,5.86,Downsizing,,Emily Patel,5792
5793,Offered,Cancelled,Internal,No,13.03,8.31,Downsizing,No,Priya Sharma,5793
5794, Closed,Pend,Opendoor,No,14.16,25.46,Job Transfer,Yes,Sophia Williams,5794
5795,New,Null,Broker,No,4.38,23.85,Downsizing,,Samantha Pierce,5795
5796,Neww,Null,Auction.com,Yes,6.6,20.02,Investor Sale,No,David Thompson,5796
5797, Closed,Null,Bulk,Yes,19.22,26.39,Job Transfer,Yes,Sophia Williams,5797
5798,Reviewed,Closed,Auction.com,,6.19,15.48,,Yes,Samantha Pierce,5798
5799,Reviewed,Cancelled,Auction.com,Yes,11.41,18.96,Downsizing,Yes,Michael Chen,5799
5800,Accepted Offer,Pend, MLS,No,6.82,14.62,,,Priya Sharma,5800
5801,Accepted Offer, ,Bulk,Yes,12.28,20.2,Downsizing,,Michael Chen,5801
5802,New,Available,M.L.S.,Yes,13.08,8.43,,Yes,Amit Kumar,5802
5803,Null, Close ,M.L.S.,Yes,13.6,11.27,,No,Jessica Lin,5803
5804,Null,Closed, MLS,No,13.07,13.16,Investor Sale,No,Emily Patel,5804
5805,Cancelled,Null,M L S,,3.99,19.46,Job Transfer,Yes,Sophia Williams,5805
5806,Cancelled,Closed,Internal,No,5.92,8.42,Investor Sale,Yes,Jason Miller,5806
5807,Accepted Offer, Close ,Internal,Yes,16.69,29.07,,Yes,Sophia Williams,5807
5808,Offered,Kick,M.L.S.,,11.79,16.96,Investor Sale,No,Emily Patel,5808
5809, ,Available,Internal,,6.97,25.47,Job Transfer,,Emily Patel,5809
5810,Offered,Pend,Opendoor,Yes,7.04,24.0,,No,Michael Chen,5810
5811, Closed,Always Kick, MLS,,13.48,11.69,Investor Sale,Yes,Sophia Williams,5811
5812,Cancelled,Close,Broker,No,19.12,15.95,Job Transfer,No,Michael Chen,5812
5813, , ,M L S,No,9.44,25.69,Job Transfer,No,David Thompson,5813
5814,Cancelled,Close, MLS,No,8.25,9.48,Downsizing,,Jason Miller,5814
5815,Accepted Offer,Kick,M L S,,10.62,18.34,Job Transfer,Yes,Priya Sharma,5815
5816,Closed,Kick,M L S,No,18.22,9.98,,,Jessica Lin,5816
5817, Closed,Pending,M.L.S.,No,10.94,7.48,Downsizing,Yes,Michael Chen,5817
5818,Offered, ,Broker,Yes,12.0,29.83,,No,Luis Garcia,5818
5819,Reviewed, ,Auction.com,No,15.91,18.71,,No,David Thompson,5819
5820,Accepted Offer,Null,M.L.S.,,9.59,20.72,Job Transfer,,Sophia Williams,5820
5821,New,Always Kick,M.L.S.,,15.1,18.84,Job Transfer,No,Emily Patel,5821
5822, ,Cancel,Broker,Yes,9.44,11.64,Downsizing,,Samantha Pierce,5822
5823,Offered,Cancelled,Opendoor,No,18.09,25.52,Investor Sale,Yes,David Thompson,5823
5824,New,Null,Auction.com,,2.52,27.62,,,Michael Chen,5824
5825,Closed,Available,M.L.S.,No,16.34,18.59,Downsizing,,Samantha Pierce,5825
5826, ,Pending,Internal,No,14.22,17.17,Downsizing,,Michael Chen,5826
5827,Closed,Cancelled,Opendoor,,19.4,25.58,Investor Sale,,Michael Chen,5827
5828,Reviewed,Cancel,M L S,No,5.76,24.45,,,Luis Garcia,5828
5829,Reviewed,Close,M.L.S.,No,10.88,11.09,,Yes,Jason Miller,5829
5830,Neww,Close,Bulk,Yes,3.17,6.65,Downsizing,No,Jessica Lin,5830
5831,New,Kick,Bulk,,11.39,11.65,Downsizing,Yes,Amit Kumar,5831
5832,Accepted Offer,Pending,M.L.S.,Yes,2.95,22.22,Investor Sale,Yes,Luis Garcia,5832
5833, Closed,Cancel,Internal,Yes,18.17,12.26,,No,Samantha Pierce,5833
5834,Closed,Null,M L S,Yes,6.89,12.97,Investor Sale,Yes,Jessica Lin,5834
5835,Accepted Offer,Kick,Auction.com,Yes,18.51,25.3,Job Transfer,Yes,Samantha Pierce,5835
5836,Neww,Pending,M.L.S.,Yes,6.69,10.79,,,Amit Kumar,5836
5837,Cancelled, ,Broker,,18.69,22.11,Investor Sale,Yes,Amit Kumar,5837
5838, Closed,Cancelled,Internal,No,17.96,29.8,Investor Sale,No,Jason Miller,5838
5839, Closed,Available,M L S,No,11.56,22.66,Investor Sale,Yes,Luis Garcia,5839
5840,New,Cancelled,Bulk,Yes,10.98,21.96,Job Transfer,No,Priya Sharma,5840
5841,Neww, Close ,M L S,,10.61,11.67,Job Transfer,Yes,Jason Miller,5841
5842,Accepted Offer,Closed,M.L.S.,Yes,19.84,24.45,Downsizing,,Samantha Pierce,5842
5843, Closed,Null,Internal,,3.13,13.69,Downsizing,Yes,David Thompson,5843
5844,Null,Cancelled,Opendoor,,12.55,7.76,Investor Sale,,Samantha Pierce,5844
5845,Neww, Close , MLS,Yes,9.85,19.4,Downsizing,No,Luis Garcia,5845
5846,Neww,Pend,Bulk,No,16.85,15.9,Job Transfer,No,Priya Sharma,5846
5847, ,Pending,M.L.S.,No,11.09,22.26,Investor Sale,,Luis Garcia,5847
5848,Neww,Pending,M.L.S.,Yes,5.38,29.42,Downsizing,No,Samantha Pierce,5848
5849, , ,Opendoor,Yes,2.0,29.48,Downsizing,No,Priya Sharma,5849
5850, Closed,Kick,Broker,Yes,14.14,7.26,,Yes,Emily Patel,5850
5851,Null,Always Kick,Auction.com,No,9.33,29.23,Downsizing,,David Thompson,5851
5852,Cancelled, Close ,Auction.com,,5.04,12.78,Investor Sale,,Luis Garcia,5852
5853,Neww,Null,Internal,,8.86,23.66,Downsizing,Yes,Jessica Lin,5853
5854,Reviewed,Kick,Bulk,,8.21,12.72,Job Transfer,No,Jason Miller,5854
5855, Closed,Cancel,M L S,,18.7,21.5,Investor Sale,,David Thompson,5855
5856, Closed,Pending, MLS,No,4.45,6.1,Job Transfer,Yes,David Thompson,5856
5857, Closed,Null,Internal,No,18.14,26.03,Investor Sale,Yes,Samantha Pierce,5857
5858,Accepted Offer,Cancel,Auction.com,No,18.79,11.99,,Yes,Emily Patel,5858
5859,Offered,Pend,Auction.com,,16.11,5.26,Investor Sale,Yes,Priya Sharma,5859
5860,Cancelled,Pend,Bulk,,18.73,24.58,Downsizing,Yes,Jason Miller,5860
5861,Cancelled,Close,Internal,No,2.72,28.54,,No,Luis Garcia,5861
5862,Offered, Close ,M.L.S.,No,13.17,18.33,Job Transfer,Yes,Jessica Lin,5862
5863,Neww,Closed,M.L.S.,Yes,18.99,15.48,Investor Sale,No,Luis Garcia,5863
5864,Neww,Pend,Internal,No,18.94,20.59,Downsizing,,Luis Garcia,5864
5865,Offered,Pend,Internal,Yes,12.54,17.84,Investor Sale,,David Thompson,5865
5866, , ,Internal,No,19.93,7.08,Job Transfer,Yes,Amit Kumar,5866
5867,Accepted Offer,Always Kick,Bulk,,4.56,21.22,Downsizing,,Michael Chen,5867
5868,Closed,Close,Broker,Yes,4.81,7.73,,Yes,Amit Kumar,5868
5869, ,Closed,Opendoor,No,4.19,10.95,Downsizing,Yes,Jessica Lin,5869
5870, Closed,Cancel,Broker,No,7.88,23.08,Investor Sale,Yes,David Thompson,5870
5871,Reviewed,Closed,Bulk,No,12.3,12.99,Job Transfer,Yes,Amit Kumar,5871
5872,Neww,Pending,Bulk,,17.86,10.36,Downsizing,No,Amit Kumar,5872
5873,Cancelled,Cancelled,Opendoor,No,15.22,28.37,Job Transfer,,Jason Miller,5873
5874,Cancelled, Close ,Opendoor,No,14.95,26.35,Downsizing,,Emily Patel,5874
5875, Closed, , MLS,Yes,17.95,21.16,Downsizing,,Amit Kumar,5875
5876,Reviewed,Null,Opendoor,,9.07,18.78,Investor Sale,Yes,David Thompson,5876
5877,Cancelled,Kick,Internal,No,7.54,23.26,Downsizing,,David Thompson,5877
5878,Offered,Available,M L S,,9.51,13.12,,No,Michael Chen,5878
5879,New,Kick,Broker,No,15.98,15.39,Downsizing,Yes,Michael Chen,5879
5880,Reviewed,Close,Auction.com,No,9.7,14.54,Job Transfer,,Jason Miller,5880
5881,Cancelled,Kick,M L S,,2.65,22.66,,Yes,Michael Chen,5881
5882,Cancelled,Available, MLS,,19.7,12.73,Job Transfer,,Michael Chen,5882
5883,Offered,Cancel,M.L.S.,No,18.77,19.86,Downsizing,No,Sophia Williams,5883
5884,Accepted Offer,Always Kick,Broker,,9.7,11.21,Downsizing,No,David Thompson,5884
5885,Reviewed,Cancelled,Bulk,,2.11,20.56,,,Luis Garcia,5885
5886, ,Always Kick, MLS,,17.24,9.29,Job Transfer,,Amit Kumar,5886
5887,Offered,Closed,M.L.S.,,3.95,21.57,Job Transfer,Yes,Jason Miller,5887
5888,Cancelled,Closed,Bulk,No,19.37,21.52,Investor Sale,,Sophia Williams,5888
5889,Null,Cancelled,Broker,,4.23,20.62,Job Transfer,No,Jason Miller,5889
5890,New,Null,M L S,,13.1,8.71,Downsizing,No,Sophia Williams,5890
5891, Closed,Pend,Internal,Yes,2.26,10.18,Downsizing,Yes,Jason Miller,5891
5892,Offered,Available,Bulk,Yes,3.88,12.85,Investor Sale,No,Luis Garcia,5892
5893,Neww,Cancel,Auction.com,,2.71,26.36,Downsizing,No,Priya Sharma,5893
5894, , ,Opendoor,,17.06,9.24,Downsizing,,Sophia Williams,5894
5895,Cancelled,Kick,Auction.com,No,8.97,21.47,,Yes,Emily Patel,5895
5896,Accepted Offer,Cancel,Auction.com,,2.6,11.98,,Yes,Michael Chen,5896
5897,Cancelled,Cancelled,Internal,,13.34,15.96,,,Samantha Pierce,5897
5898,Neww,Cancel,Internal,,10.23,14.03,,Yes,Jason Miller,5898
5899,Closed,Null,Auction.com,No,4.68,19.11,Investor Sale,No,Luis Garcia,5899
5900,Accepted Offer, ,Broker,Yes,8.16,18.63,Investor Sale,No,Luis Garcia,5900
5901,Accepted Offer,Always Kick, MLS,No,2.61,25.84,Job Transfer,No,Michael Chen,5901
5902,Accepted Offer, , MLS,Yes,13.0,20.76,Job Transfer,Yes,Jason Miller,5902
5903,New, Close ,M L S,Yes,17.84,6.16,Investor Sale,Yes,Priya Sharma,5903
5904,New,Pend, MLS,Yes,12.77,27.35,Investor Sale,No,Luis Garcia,5904
5905,Offered, Close ,Broker,No,3.82,25.42,,No,Priya Sharma,5905
5906,New,Cancelled,Broker,Yes,4.0,23.02,Investor Sale,No,Michael Chen,5906
5907, ,Cancelled,M.L.S.,Yes,12.62,28.74,Investor Sale,Yes,Samantha Pierce,5907
5908,New, Close ,Internal,Yes,19.98,9.17,Downsizing,No,Michael Chen,5908
5909,New,Available,M L S,Yes,17.86,9.99,Job Transfer,Yes,Luis Garcia,5909
5910,Neww,Closed,Broker,Yes,8.75,13.16,Downsizing,No,Sophia Williams,5910
5911,Neww,Pending, MLS,Yes,2.8,13.64,Job Transfer,Yes,Jessica Lin,5911
5912,Closed,Null,Opendoor,Yes,15.76,29.28,,,Sophia Williams,5912
5913, ,Cancelled,M L S,Yes,11.14,19.26,Downsizing,No,Jessica Lin,5913
5914,Offered,Cancel,M L S,No,3.22,24.4,Investor Sale,No,David Thompson,5914
5915, Closed, ,Internal,,13.17,28.93,Investor Sale,Yes,David Thompson,5915
5916,Accepted Offer,Available,Internal,,13.9,9.39,,Yes,Jessica Lin,5916
5917,Reviewed,Cancel,Opendoor,Yes,6.61,6.14,Downsizing,,Jason Miller,5917
5918, ,Pend,M.L.S.,No,4.57,18.72,Investor Sale,Yes,Jason Miller,5918
5919, , ,Internal,,10.14,18.3,Job Transfer,Yes,Michael Chen,5919
5920,New,Cancelled, MLS,,13.42,27.22,,Yes,Luis Garcia,5920
5921,New,Null,Opendoor,No,19.68,18.8,Job Transfer,Yes,Priya Sharma,5921
5922,New,Close, MLS,No,16.36,19.14,,,Jason Miller,5922
5923,Cancelled,Pending,Opendoor,,2.27,14.53,,Yes,Jessica Lin,5923
5924,Reviewed,Null,Broker,No,4.98,12.91,Downsizing,No,David Thompson,5924
5925,Reviewed,Cancelled,Bulk,,15.42,27.72,Investor Sale,Yes,Amit Kumar,5925
5926,Accepted Offer,Cancelled,Bulk,Yes,6.59,27.34,,,Luis Garcia,5926
5927, ,Close,Auction.com,Yes,9.34,22.88,Downsizing,,David Thompson,5927
5928, Closed,Null,Opendoor,No,15.52,10.35,Job Transfer,,Michael Chen,5928
5929,Reviewed,Always Kick,M L S,,18.92,8.61,Job Transfer,Yes,Amit Kumar,5929
5930,Accepted Offer,Kick,Opendoor,,7.3,18.88,Downsizing,No,Luis Garcia,5930
5931,New, ,Opendoor,No,6.81,17.84,,,Priya Sharma,5931
5932,Accepted Offer,Closed,Internal,Yes,15.62,15.19,Job Transfer,,Jessica Lin,5932
5933,Reviewed,Available,Opendoor,Yes,12.74,19.53,,,Jessica Lin,5933
5934, Closed,Cancelled, MLS,,7.47,8.9,Downsizing,,Jessica Lin,5934
5935,Offered,Available,Opendoor,No,15.59,17.41,,Yes,Sophia Williams,5935
5936,Neww,Cancel,M.L.S.,Yes,18.48,16.95,Downsizing,,Samantha Pierce,5936
5937,Reviewed,Null,Bulk,Yes,11.5,11.16,Job Transfer,No,Jason Miller,5937
5938,Reviewed,Close,M.L.S.,Yes,2.46,22.81,Downsizing,No,David Thompson,5938
5939, , ,Opendoor,,8.08,25.36,Job Transfer,Yes,Sophia Williams,5939
5940,New,Close,Broker,No,13.34,24.05,Downsizing,Yes,Samantha Pierce,5940
5941,Neww,Kick,M.L.S.,,10.37,13.33,,No,Sophia Williams,5941
5942,Offered,Close,M L S,Yes,2.05,6.86,,,Jason Miller,5942
5943,Null,Pending,Broker,,11.68,12.5,Job Transfer,,Amit Kumar,5943
5944,Offered,Available,Bulk,Yes,7.26,24.77,Investor Sale,No,Priya Sharma,5944
5945,New,Null, MLS,,7.86,26.21,Downsizing,,Jessica Lin,5945
5946,Neww,Always Kick, MLS,,11.9,21.81,Investor Sale,Yes,Samantha Pierce,5946
5947,Neww,Null,Internal,,17.01,15.92,Job Transfer,,Jessica Lin,5947
5948,Null,Closed,Bulk,,16.75,15.95,Investor Sale,Yes,Michael Chen,5948
5949,Offered,Cancelled,M.L.S.,,7.37,19.2,Job Transfer,Yes,Amit Kumar,5949
5950,Cancelled,Cancelled, MLS,Yes,3.38,21.99,Job Transfer,Yes,David Thompson,5950
5951,Accepted Offer,Null,Auction.com,Yes,14.9,29.53,,Yes,Jessica Lin,5951
5952,Offered,Close,M.L.S.,Yes,18.95,24.78,Job Transfer,Yes,Sophia Williams,5952
5953,Accepted Offer,Kick,M L S,,8.55,25.98,,,Jessica Lin,5953
5954,Reviewed,Cancel,Auction.com,Yes,6.78,23.49,Downsizing,Yes,Emily Patel,5954
5955,Accepted Offer,Closed,Broker,No,10.87,26.23,Investor Sale,Yes,Sophia Williams,5955
5956,Accepted Offer,Close,Internal,,18.52,13.24,Downsizing,No,Luis Garcia,5956
5957, ,Cancel,Internal,,4.52,15.62,Downsizing,No,Luis Garcia,5957
5958,Null, Close ,Internal,,12.66,29.93,Investor Sale,,Amit Kumar,5958
5959,Neww,Close,Internal,No,15.58,19.47,Downsizing,No,Luis Garcia,5959
5960, Closed,Cancel,Broker,Yes,17.8,5.99,Investor Sale,No,Jason Miller,5960
5961, Closed,Kick,M L S,,11.8,11.4,,Yes,Michael Chen,5961
5962,Offered,Closed,Opendoor,,17.53,5.0,Downsizing,Yes,Luis Garcia,5962
5963,Offered,Close,Internal,Yes,12.07,14.61,Investor Sale,No,Samantha Pierce,5963
5964,Offered,Pending,M L S,,19.96,14.52,Job Transfer,No,Samantha Pierce,5964
5965,Reviewed, ,M L S,Yes,5.82,6.6,,Yes,Samantha Pierce,5965
5966,Closed,Available,Bulk,,12.81,28.13,,,Priya Sharma,5966
5967,Accepted Offer,Pending,Broker,Yes,19.16,8.12,Investor Sale,,Samantha Pierce,5967
5968,Cancelled,Cancelled,M.L.S.,Yes,12.62,13.77,,No,Jessica Lin,5968
5969, Closed,Close,M.L.S.,,18.2,24.23,Job Transfer,,Samantha Pierce,5969
5970,Neww,Null, MLS,,13.84,23.88,,Yes,Jason Miller,5970
5971,Neww, Close ,Bulk,No,16.29,7.84,Job Transfer,,Michael Chen,5971
5972,Cancelled,Cancelled,Auction.com,Yes,4.57,27.78,Downsizing,,Sophia Williams,5972
5973,Closed,Available,Bulk,,7.06,16.28,Downsizing,No,Samantha Pierce,5973
5974,Neww,Cancelled,Internal,Yes,6.7,6.03,Job Transfer,Yes,David Thompson,5974
5975,New,Cancelled,M.L.S.,Yes,9.5,13.46,Downsizing,No,Luis Garcia,5975
5976,Closed,Close,Opendoor,No,10.29,12.35,Investor Sale,No,Michael Chen,5976
5977,Closed,Pend,Auction.com,Yes,2.62,9.62,Job Transfer,,Priya Sharma,5977
5978, ,Null, MLS,Yes,17.25,10.73,Downsizing,No,Sophia Williams,5978
5979,Cancelled,Kick,Broker,Yes,10.08,25.25,Investor Sale,No,Jessica Lin,5979
5980,New,Available,Bulk,,8.11,9.04,Downsizing,No,Michael Chen,5980
5981,Neww, ,M.L.S.,Yes,14.69,21.92,Job Transfer,,Emily Patel,5981
5982,Offered,Cancel,Opendoor,No,2.24,24.95,,No,Priya Sharma,5982
5983,Null,Always Kick,Internal,Yes,16.02,26.24,Job Transfer,Yes,Samantha Pierce,5983
5984,New,Always Kick,Internal,,2.65,21.41,Downsizing,,Luis Garcia,5984
5985,Neww,Kick,M.L.S.,,5.81,11.76,,No,Emily Patel,5985
5986,Neww,Null, MLS,Yes,16.42,28.49,,,Amit Kumar,5986
5987,Neww,Always Kick,Opendoor,,12.09,11.0,Job Transfer,,Jason Miller,5987
5988,Offered,Cancelled,Broker,No,6.86,19.84,,Yes,Michael Chen,5988
5989, Closed,Pending,Opendoor,Yes,6.38,26.75,Downsizing,Yes,Jason Miller,5989
5990,Offered,Pend,M.L.S.,,13.32,17.46,Investor Sale,No,David Thompson,5990
5991,New, ,Broker,Yes,16.67,25.98,,,David Thompson,5991
5992, ,Closed,Broker,No,4.8,15.47,Downsizing,,Luis Garcia,5992
5993, , ,Auction.com,No,18.57,6.72,,Yes,Jason Miller,5993
5994,Cancelled,Kick,Auction.com,,12.28,16.56,Job Transfer,,Samantha Pierce,5994
5995,Cancelled,Closed,M L S,No,15.32,6.34,Job Transfer,,Sophia Williams,5995
5996,Reviewed,Always Kick,Bulk,,10.87,8.59,Downsizing,No,Priya Sharma,5996
5997,New,Closed,Internal,No,4.94,23.56,Investor Sale,Yes,Luis Garcia,5997
5998,Cancelled,Close,M.L.S.,No,10.42,15.85,Job Transfer,,David Thompson,5998
5999, Closed,Closed,Internal,No,12.02,6.77,Job Transfer,No,Priya Sharma,5999
6000,Neww,Available,Broker,No,15.09,8.89,Investor Sale,No,Sophia Williams,6000
6001,Cancelled,Cancel,M.L.S.,No,4.87,5.34,,No,David Thompson,6001
6002,New, Close ,Auction.com,,11.57,27.88,Job Transfer,No,Jessica Lin,6002
6003, Closed,Available,M.L.S.,Yes,10.64,26.9,Job Transfer,,Samantha Pierce,6003
6004,Closed,Always Kick,Broker,Yes,13.94,13.81,Job Transfer,No,Sophia Williams,6004
6005,Accepted Offer,Null,Bulk,,15.25,18.93,Job Transfer,Yes,Michael Chen,6005
6006, ,Cancel,Internal,,6.85,17.55,,No,Luis Garcia,6006
6007,Cancelled,Cancelled,M L S,Yes,9.19,26.2,Downsizing,,Amit Kumar,6007
6008,Reviewed,Available,Bulk,No,18.01,10.19,Job Transfer,No,Emily Patel,6008
6009,Reviewed,Always Kick,Opendoor,No,12.12,13.54,Investor Sale,No,Amit Kumar,6009
6010,Cancelled, ,Auction.com,Yes,8.68,29.23,,No,Jason Miller,6010
6011, ,Available,Auction.com,No,15.11,14.39,Investor Sale,Yes,Jessica Lin,6011
6012,Accepted Offer,Null,Internal,No,7.64,19.33,,Yes,Jason Miller,6012
6013,Closed,Kick,Bulk,Yes,3.86,12.62,Job Transfer,No,Priya Sharma,6013
6014, Closed,Close,M L S,,13.45,6.12,Job Transfer,,Emily Patel,6014
6015,New,Cancelled, MLS,,18.34,28.56,Investor Sale,No,Luis Garcia,6015
6016, ,Null,Opendoor,Yes,2.4,6.48,Downsizing,,Michael Chen,6016
6017, , Close , MLS,,15.62,20.77,,Yes,David Thompson,6017
6018,Neww,Closed,Internal,No,16.72,14.43,Investor Sale,,Samantha Pierce,6018
6019, ,Pending,Opendoor,Yes,12.91,23.19,Investor Sale,No,Priya Sharma,6019
6020, ,Close,Auction.com,Yes,4.32,6.13,Downsizing,No,David Thompson,6020
6021, Closed,Null,M L S,Yes,2.7,29.27,Investor Sale,,Priya Sharma,6021
6022,Neww,Close,Internal,No,19.01,12.04,,,Samantha Pierce,6022
6023,Reviewed,Null,Auction.com,Yes,2.79,20.09,Investor Sale,Yes,Jason Miller,6023
6024, Closed,Cancelled, MLS,No,12.08,15.47,Job Transfer,Yes,Michael Chen,6024
6025, ,Closed,M.L.S.,,5.75,8.45,Investor Sale,No,David Thompson,6025
6026,Null,Closed,Internal,,10.97,11.37,,No,Emily Patel,6026
6027, Closed,Pend,M.L.S.,Yes,17.38,12.06,Job Transfer,No,Amit Kumar,6027
6028,Accepted Offer,Available,Internal,,12.34,26.87,Investor Sale,,Emily Patel,6028
6029, ,Pend,Broker,Yes,10.89,10.07,Job Transfer,Yes,David Thompson,6029
6030,Closed,Cancelled, MLS,No,13.56,28.25,Investor Sale,,Luis Garcia,6030
6031,Cancelled,Cancelled,M.L.S.,,4.97,24.09,Job Transfer,,Sophia Williams,6031
6032,Reviewed, ,M.L.S.,,14.27,14.78,Downsizing,No,Priya Sharma,6032
6033,Accepted Offer,Always Kick,Opendoor,,16.0,7.82,Downsizing,No,Priya Sharma,6033
6034, Closed,Available,M L S,No,2.31,5.33,Downsizing,,Amit Kumar,6034
6035, , Close ,Auction.com,,14.16,23.24,Job Transfer,Yes,Jason Miller,6035
6036,Offered,Cancel,Broker,No,6.44,27.61,,Yes,Michael Chen,6036
6037,Accepted Offer,Pending,Broker,No,7.01,18.11,Downsizing,Yes,Jessica Lin,6037
6038,Null,Pend,Bulk,Yes,14.48,7.94,Job Transfer,,Sophia Williams,6038
6039,Neww,Kick,Bulk,No,13.35,25.89,,No,Amit Kumar,6039
6040,Offered, Close ,M L S,No,11.51,8.65,Investor Sale,Yes,Jason Miller,6040
6041,Closed,Close,Internal,No,12.6,15.75,,,Luis Garcia,6041
6042,Null,Available,M.L.S.,No,7.0,13.97,Downsizing,,David Thompson,6042
6043, Closed,Null,Auction.com,Yes,12.85,27.47,,Yes,Luis Garcia,6043
6044,Closed,Available,Auction.com,,2.51,11.67,Job Transfer,,Amit Kumar,6044
6045,Cancelled,Null,Internal,No,19.81,9.08,Investor Sale,Yes,Jason Miller,6045
6046,Offered,Close,Broker,No,18.86,14.96,Downsizing,No,Emily Patel,6046
6047,New,Cancel,Opendoor,,16.51,11.38,Job Transfer,Yes,Samantha Pierce,6047
6048,Cancelled,Cancel,M L S,,14.31,14.35,,No,Sophia Williams,6048
6049,Neww, ,Broker,,4.55,10.57,,Yes,David Thompson,6049
6050, Closed,Always Kick,Broker,Yes,16.92,25.14,Job Transfer,Yes,Emily Patel,6050
6051,Null,Cancel,M L S,,6.26,29.78,,Yes,Priya Sharma,6051
6052,Null,Available,M L S,,9.83,29.63,Job Transfer,Yes,Amit Kumar,6052
6053,Closed, ,Bulk,Yes,2.34,11.84,Downsizing,,Jessica Lin,6053
6054, , , MLS,Yes,18.37,22.39,,,Samantha Pierce,6054
6055,Accepted Offer,Available,Opendoor,,3.87,16.26,Downsizing,Yes,Michael Chen,6055
6056,Offered,Available, MLS,No,4.05,27.13,Job Transfer,Yes,Emily Patel,6056
6057,Accepted Offer,Pend, MLS,,6.29,28.72,Downsizing,No,Jessica Lin,6057
6058,Accepted Offer,Always Kick, MLS,Yes,4.7,20.41,Investor Sale,No,Samantha Pierce,6058
6059, ,Pend,Broker,Yes,7.57,11.34,Investor Sale,Yes,Luis Garcia,6059
6060,Offered, Close ,Broker,Yes,10.11,24.39,Investor Sale,Yes,Luis Garcia,6060
6061, Closed,Available,M L S,Yes,2.52,15.01,Investor Sale,,Sophia Williams,6061
6062,New,Cancelled,M.L.S.,,2.65,22.02,Downsizing,Yes,Samantha Pierce,6062
6063,Offered,Close,M.L.S.,No,11.85,16.47,Investor Sale,No,Emily Patel,6063
6064,Accepted Offer,Pend,Auction.com,Yes,6.93,24.29,,Yes,Luis Garcia,6064
6065,New,Close, MLS,Yes,6.78,29.22,Job Transfer,No,Amit Kumar,6065
6066,Cancelled,Pending,Opendoor,No,7.14,21.38,Downsizing,No,Jessica Lin,6066
6067,Cancelled,Closed,M.L.S.,No,10.01,10.15,Job Transfer,No,Jason Miller,6067
6068,New,Cancel, MLS,No,16.5,16.77,Investor Sale,No,Luis Garcia,6068
6069,Cancelled,Available,M.L.S.,,4.07,11.07,,,Luis Garcia,6069
6070,Offered,Cancelled,Broker,,15.14,18.64,Downsizing,No,Jason Miller,6070
6071,Reviewed,Close,Internal,No,16.78,25.84,Job Transfer,No,Samantha Pierce,6071
6072,Closed,Close,Auction.com,No,19.53,11.52,Job Transfer,Yes,David Thompson,6072
6073, Closed,Available,Auction.com,Yes,18.73,13.63,Downsizing,,Michael Chen,6073
6074,Neww,Closed,Bulk,Yes,18.33,27.57,Investor Sale,,Michael Chen,6074
6075,Closed,Available,M.L.S.,No,10.27,23.69,Downsizing,Yes,Jason Miller,6075
6076,Reviewed,Cancelled,Auction.com,,9.79,22.67,,Yes,Priya Sharma,6076
6077,New,Null,M.L.S.,Yes,14.85,8.63,Job Transfer,No,Luis Garcia,6077
6078,Neww,Available,M.L.S.,,17.99,20.23,Downsizing,Yes,Samantha Pierce,6078
6079, ,Closed,Bulk,Yes,12.43,13.56,Investor Sale,No,Jessica Lin,6079
6080,Offered,Closed,Broker,,14.03,8.08,,,Emily Patel,6080
6081,New,Null,Bulk,,17.63,25.49,Investor Sale,Yes,David Thompson,6081
6082,Neww,Cancelled,Broker,No,13.64,25.28,Investor Sale,No,David Thompson,6082
6083,Accepted Offer,Pend,M L S,No,13.86,10.12,Investor Sale,No,Jessica Lin,6083
6084, Closed,Available,M.L.S.,Yes,9.72,5.15,Investor Sale,,Samantha Pierce,6084
6085,Neww,Kick,Broker,No,3.15,29.83,Job Transfer,No,Emily Patel,6085
6086,Accepted Offer,Always Kick,Opendoor,No,14.74,12.35,Downsizing,,Sophia Williams,6086
6087,Accepted Offer,Pend,Broker,Yes,19.04,7.65,Downsizing,,Luis Garcia,6087
6088,Cancelled,Pend,Auction.com,Yes,18.11,17.33,Downsizing,No,Emily Patel,6088
6089,New, Close ,Broker,No,5.62,24.18,Job Transfer,Yes,Jason Miller,6089
6090,New,Pending,M L S,,14.32,21.02,Job Transfer,Yes,David Thompson,6090
6091,Accepted Offer,Close,Auction.com,,7.42,12.77,Downsizing,Yes,Jessica Lin,6091
6092,Null,Cancelled,M L S,No,9.61,20.03,Downsizing,,Amit Kumar,6092
6093,Null,Null,Opendoor,,5.07,14.13,Investor Sale,,Samantha Pierce,6093
6094,Null,Pend,M.L.S.,Yes,3.91,15.29,Job Transfer,Yes,Luis Garcia,6094
6095,Closed,Cancel, MLS,No,2.02,17.43,Downsizing,,Sophia Williams,6095
6096,Offered,Closed, MLS,,2.62,20.17,Investor Sale,,Jessica Lin,6096
6097,Closed,Close, MLS,No,19.93,8.48,Downsizing,Yes,Priya Sharma,6097
6098,New,Available, MLS,Yes,8.78,6.31,Job Transfer,Yes,Jason Miller,6098
6099,Neww,Closed,Internal,No,13.71,13.9,Investor Sale,Yes,Jason Miller,6099
6100,Cancelled,Kick,Bulk,,19.32,6.78,Downsizing,Yes,Luis Garcia,6100
6101,New,Null,Broker,No,4.02,22.28,Downsizing,No,Michael Chen,6101
6102,New,Pend, MLS,No,10.2,23.35,Job Transfer,,Amit Kumar,6102
6103,New,Pend,Bulk,,7.34,6.54,Job Transfer,No,Emily Patel,6103
6104,Cancelled,Always Kick,Internal,,16.89,12.6,Job Transfer,No,Amit Kumar,6104
6105,Reviewed,Close,Broker,No,2.93,29.34,Investor Sale,,Priya Sharma,6105
6106,Null,Close,Auction.com,,18.47,19.47,Job Transfer,,David Thompson,6106
6107, Closed,Cancel,Auction.com,No,6.62,18.32,Downsizing,No,Jason Miller,6107
6108, ,Cancelled, MLS,,15.78,19.46,Downsizing,No,Jason Miller,6108
6109,Cancelled,Always Kick,Auction.com,,7.28,26.53,,No,Samantha Pierce,6109
6110, Closed,Closed,Opendoor,Yes,11.32,21.7,Job Transfer,Yes,Luis Garcia,6110
6111, Closed, ,Internal,No,15.78,7.43,,Yes,Emily Patel,6111
6112,Closed, ,M.L.S.,Yes,10.11,10.42,,No,Luis Garcia,6112
6113,Closed,Null,Opendoor,,19.15,9.58,Job Transfer,,Jessica Lin,6113
6114,Null,Cancelled,Bulk,Yes,15.01,24.19,Investor Sale,,Jessica Lin,6114
6115, ,Always Kick,M.L.S.,,9.62,6.33,,Yes,Sophia Williams,6115
6116,Accepted Offer,Always Kick,M.L.S.,No,4.91,7.89,Investor Sale,,Sophia Williams,6116
6117, Closed,Closed,M.L.S.,,10.82,9.86,,,Emily Patel,6117
6118, Closed, Close ,M.L.S.,,2.52,28.68,Job Transfer,,Sophia Williams,6118
6119,Neww,Pend,Bulk,,15.89,27.13,Investor Sale,,Jason Miller,6119
6120,Cancelled, Close ,Opendoor,,13.97,8.53,Investor Sale,,Jason Miller,6120
6121,Offered,Closed,Broker,Yes,10.55,9.44,,No,Priya Sharma,6121
6122,Accepted Offer,Closed,Opendoor,Yes,4.49,29.29,Investor Sale,Yes,Sophia Williams,6122
6123,Offered, Close ,Bulk,No,5.84,26.32,Job Transfer,,Sophia Williams,6123
6124,Cancelled, ,Opendoor,,5.16,25.5,,Yes,Jessica Lin,6124
6125,Accepted Offer,Kick,Broker,Yes,7.51,27.36,Job Transfer,No,Sophia Williams,6125
6126,Closed,Cancel,M L S,Yes,15.93,7.53,Job Transfer,Yes,Emily Patel,6126
6127,New,Null,Auction.com,,8.14,13.76,Job Transfer,Yes,Jason Miller,6127
6128, Closed,Pend,Opendoor,No,7.41,21.78,Investor Sale,Yes,Priya Sharma,6128
6129, Closed,Available,Broker,,14.66,18.63,Job Transfer,Yes,Samantha Pierce,6129
6130,Null,Kick,Auction.com,,18.72,5.18,Job Transfer,Yes,Amit Kumar,6130
6131,Null, Close ,Bulk,Yes,2.52,22.06,Job Transfer,,David Thompson,6131
6132,Accepted Offer,Pending,M L S,,17.88,27.91,Downsizing,Yes,Sophia Williams,6132
6133,Neww,Pend,Internal,No,12.1,16.67,Investor Sale,Yes,Michael Chen,6133
6134,Accepted Offer,Available,M L S,No,13.36,16.22,Downsizing,,Michael Chen,6134
6135,Offered,Null,Internal,No,6.5,8.39,,,Luis Garcia,6135
6136, Closed,Available,M.L.S.,Yes,3.81,29.05,Job Transfer,,Priya Sharma,6136
6137,Closed,Cancelled,Broker,No,6.75,20.56,Investor Sale,Yes,Samantha Pierce,6137
6138,Cancelled, ,Bulk,Yes,14.82,15.79,Investor Sale,Yes,Amit Kumar,6138
6139,Closed,Cancel,Auction.com,,17.16,7.03,Job Transfer,Yes,Sophia Williams,6139
6140, Closed,Always Kick,Internal,No,2.72,20.61,Investor Sale,,Jessica Lin,6140
6141,Accepted Offer,Cancel,Opendoor,No,10.37,7.77,Job Transfer,No,Amit Kumar,6141
6142,Reviewed,Closed,M.L.S.,No,17.6,5.65,Investor Sale,No,Michael Chen,6142
6143,New,Always Kick,Broker,Yes,19.66,11.71,Job Transfer,No,Priya Sharma,6143
6144, ,Available,Broker,,13.7,19.68,,Yes,Amit Kumar,6144
6145,Accepted Offer, , MLS,,15.47,25.78,,Yes,Jason Miller,6145
6146,Closed,Null, MLS,,19.8,21.58,Job Transfer,,Priya Sharma,6146
6147,Reviewed,Pending,M.L.S.,No,15.03,26.45,Investor Sale,Yes,Samantha Pierce,6147
6148,Reviewed,Close,Opendoor,,10.31,24.44,Downsizing,No,Jessica Lin,6148
6149,Neww,Cancel,M.L.S.,,2.35,7.02,,No,Priya Sharma,6149
6150, ,Pend,Bulk,Yes,17.06,15.32,Downsizing,,Luis Garcia,6150
6151,Closed, ,M.L.S.,Yes,2.0,13.29,Downsizing,,Michael Chen,6151
6152,Closed,Available,Auction.com,Yes,16.26,21.99,Investor Sale,Yes,Sophia Williams,6152
6153, Closed,Cancelled,Bulk,No,9.45,24.07,Investor Sale,,Michael Chen,6153
6154,Accepted Offer,Always Kick,Auction.com,No,5.62,26.73,Job Transfer,No,Jessica Lin,6154
6155, Closed,Pending,M.L.S.,,4.0,19.36,Job Transfer,No,Samantha Pierce,6155
6156,Closed,Pending,Auction.com,No,6.62,11.46,Job Transfer,Yes,Samantha Pierce,6156
6157,Offered, Close ,Internal,Yes,14.93,7.57,Job Transfer,No,Michael Chen,6157
6158, Closed,Always Kick,Bulk,,6.02,9.56,,,Samantha Pierce,6158
6159,Null,Kick,Opendoor,Yes,7.39,11.11,Job Transfer,Yes,Sophia Williams,6159
6160,Closed,Pend,M L S,No,6.36,21.5,Downsizing,No,Sophia Williams,6160
6161, Closed,Always Kick,Auction.com,Yes,2.12,28.39,,No,Jason Miller,6161
6162,Cancelled,Always Kick,Opendoor,No,18.75,8.74,Downsizing,,David Thompson,6162
6163,Neww,Null,M L S,,2.32,9.83,Downsizing,Yes,Priya Sharma,6163
6164, Closed,Close,Internal,,14.73,17.93,Investor Sale,Yes,Amit Kumar,6164
6165,Neww,Pend,Broker,,4.86,11.55,Investor Sale,No,Amit Kumar,6165
6166,Offered,Close,Auction.com,No,9.75,8.55,Downsizing,Yes,Luis Garcia,6166
6167,Neww,Closed,Broker,No,12.93,29.39,Job Transfer,,Jessica Lin,6167
6168,Closed, Close ,Internal,,6.53,29.17,,,Jessica Lin,6168
6169,Null,Null,Auction.com,Yes,14.62,10.05,Job Transfer,Yes,Jessica Lin,6169
6170,Reviewed,Cancel,Opendoor,Yes,5.36,7.1,,,David Thompson,6170
6171,Null,Kick, MLS,,7.83,22.72,,No,Michael Chen,6171
6172,Offered,Cancelled,M L S,No,19.41,5.62,,Yes,Priya Sharma,6172
6173, , ,M L S,Yes,18.16,17.1,Investor Sale,No,David Thompson,6173
6174,Closed,Null,Internal,Yes,16.2,26.87,Investor Sale,No,Priya Sharma,6174
6175,Null,Close,Opendoor,Yes,16.26,12.8,,Yes,Jessica Lin,6175
6176,Closed, Close ,Internal,No,3.1,20.43,Job Transfer,,David Thompson,6176
6177, ,Kick,M L S,Yes,9.34,10.58,Job Transfer,No,Luis Garcia,6177
6178,Cancelled, ,Internal,No,7.15,22.94,Downsizing,No,Michael Chen,6178
6179,Offered,Cancelled,M L S,No,4.57,15.7,,No,Samantha Pierce,6179
6180,Closed,Closed,Opendoor,Yes,19.34,6.32,Investor Sale,No,Jason Miller,6180
6181,Reviewed,Pending,M L S,No,7.51,14.03,Investor Sale,,Luis Garcia,6181
6182,Reviewed,Kick, MLS,,15.46,5.73,Downsizing,Yes,Amit Kumar,6182
6183,New, Close ,Auction.com,No,9.83,10.85,Investor Sale,Yes,Priya Sharma,6183
6184,Offered,Kick,M.L.S.,,5.27,9.98,Downsizing,,Emily Patel,6184
6185,Reviewed,Close,M.L.S.,,14.42,18.44,Investor Sale,Yes,David Thompson,6185
6186,Accepted Offer,Closed, MLS,No,13.05,13.59,,Yes,Luis Garcia,6186
6187, Closed,Available,M L S,,18.28,17.91,Downsizing,,Amit Kumar,6187
6188,Reviewed,Cancelled,Auction.com,,7.35,12.94,Investor Sale,,Samantha Pierce,6188
6189,Null,Always Kick,Bulk,No,18.68,25.6,Downsizing,,Jason Miller,6189
6190,Reviewed,Available,Auction.com,Yes,17.31,11.03,Downsizing,,Emily Patel,6190
6191,Cancelled,Kick,Auction.com,,14.86,15.08,,Yes,Michael Chen,6191
6192,Closed,Cancel, MLS,No,9.35,29.23,,Yes,Priya Sharma,6192
6193,Closed,Null,M.L.S.,,9.41,10.66,Investor Sale,,Emily Patel,6193
6194,Neww,Null,M.L.S.,Yes,4.62,19.35,Downsizing,Yes,Jessica Lin,6194
6195,Closed,Closed,Bulk,Yes,8.29,23.91,Job Transfer,Yes,Samantha Pierce,6195
6196, ,Kick, MLS,,17.51,20.62,Investor Sale,Yes,Emily Patel,6196
6197,Cancelled,Pend,M.L.S.,No,13.62,21.47,Job Transfer,No,Michael Chen,6197
6198,Reviewed,Pending,Broker,Yes,11.29,7.71,Downsizing,,Amit Kumar,6198
6199,Closed,Kick, MLS,,6.63,25.52,,No,Jason Miller,6199
6200,Cancelled,Available, MLS,Yes,12.9,13.96,Job Transfer,No,Samantha Pierce,6200
6201,Neww,Closed,Broker,,17.68,9.98,,Yes,Priya Sharma,6201
6202,Offered,Always Kick,Bulk,,13.7,27.04,Investor Sale,,Sophia Williams,6202
6203,Null,Always Kick,M.L.S.,No,8.81,21.84,Downsizing,No,Samantha Pierce,6203
6204, Closed,Cancel,Broker,No,3.19,22.38,Investor Sale,No,Sophia Williams,6204
6205,Accepted Offer,Close,Bulk,No,4.85,16.35,,,Jason Miller,6205
6206, , ,M L S,,3.11,10.35,Investor Sale,,Priya Sharma,6206
6207,Cancelled,Close,Bulk,,8.25,9.78,Investor Sale,Yes,Amit Kumar,6207
6208,Null,Kick,Internal,No,19.97,29.9,,No,Priya Sharma,6208
6209,Accepted Offer,Cancel,Broker,No,7.7,5.72,Investor Sale,,Michael Chen,6209
6210,Null,Available,M.L.S.,No,2.86,25.68,,No,Emily Patel,6210
6211, Closed,Pend,Bulk,,19.01,25.73,Downsizing,Yes,Luis Garcia,6211
6212,Accepted Offer,Always Kick,M.L.S.,Yes,17.44,14.65,Investor Sale,,Priya Sharma,6212
6213,Neww,Always Kick,Opendoor,No,18.08,12.78,Downsizing,,Priya Sharma,6213
6214,Reviewed,Pend,Opendoor,,17.87,19.71,,No,Sophia Williams,6214
6215, ,Available,Auction.com,,10.36,12.94,,Yes,Luis Garcia,6215
6216,Reviewed, Close ,Broker,No,18.75,7.73,Investor Sale,Yes,Samantha Pierce,6216
6217,Neww,Cancel,Opendoor,Yes,15.22,25.27,Investor Sale,Yes,David Thompson,6217
6218,Reviewed,Kick,Broker,Yes,15.86,13.75,,No,Priya Sharma,6218
6219,Accepted Offer, ,M.L.S.,,8.32,12.31,Downsizing,,David Thompson,6219
6220,Neww,Pend,Opendoor,,6.73,26.8,,Yes,Luis Garcia,6220
6221,Neww, Close ,M.L.S.,,3.29,24.72,Job Transfer,Yes,Priya Sharma,6221
6222, ,Cancelled, MLS,Yes,7.03,12.93,,Yes,Jessica Lin,6222
6223,Null, ,Internal,No,16.4,29.91,Investor Sale,Yes,Michael Chen,6223
6224,Accepted Offer,Always Kick,Auction.com,Yes,17.19,22.77,Investor Sale,No,Priya Sharma,6224
6225,New,Cancelled, MLS,Yes,6.78,11.79,,,Priya Sharma,6225
6226,Closed,Pend,Opendoor,Yes,13.6,8.36,,No,Michael Chen,6226
6227,Neww, ,M L S,No,3.3,18.29,,,Luis Garcia,6227
6228,Closed,Close,Opendoor,No,7.43,11.69,Investor Sale,Yes,Emily Patel,6228
6229, ,Available, MLS,Yes,13.01,27.06,Downsizing,Yes,Emily Patel,6229
6230,Reviewed,Closed,M L S,Yes,14.43,28.58,Job Transfer,,Amit Kumar,6230
6231,Reviewed, ,M.L.S.,No,17.44,6.07,Job Transfer,,Sophia Williams,6231
6232, Closed,Null,Auction.com,Yes,2.77,28.14,Downsizing,No,David Thompson,6232
6233,Reviewed,Null, MLS,,2.02,14.95,Downsizing,,Amit Kumar,6233
6234,Offered,Pend,Broker,Yes,8.02,14.07,Investor Sale,Yes,Luis Garcia,6234
6235,Closed,Closed,Broker,No,7.67,14.51,Downsizing,,Priya Sharma,6235
6236,Neww,Closed, MLS,Yes,19.38,23.86,Job Transfer,,Emily Patel,6236
6237,Offered,Cancel,Broker,,7.02,10.44,,Yes,Jason Miller,6237
6238,Neww,Pend,Opendoor,,6.28,24.11,Job Transfer,Yes,Samantha Pierce,6238
6239,Neww,Always Kick,Opendoor,Yes,19.22,18.53,Job Transfer,No,Jason Miller,6239
6240,Accepted Offer,Pending,M L S,Yes,14.67,24.36,Downsizing,No,Amit Kumar,6240
6241,Accepted Offer,Always Kick,Bulk,Yes,18.86,24.3,Downsizing,No,Samantha Pierce,6241
6242,Reviewed,Kick,M L S,Yes,16.3,23.57,Downsizing,,Luis Garcia,6242
6243, Closed, ,Broker,Yes,5.67,9.51,Downsizing,,Samantha Pierce,6243
6244,Closed,Null,M.L.S.,,4.69,10.04,,,Sophia Williams,6244
6245,Closed,Kick,M L S,No,11.46,7.08,Job Transfer,No,Michael Chen,6245
6246,Reviewed, Close ,Broker,,18.71,25.21,,,David Thompson,6246
6247,Closed,Pend,Opendoor,No,3.15,12.15,,,Michael Chen,6247
6248,Neww,Cancel,Opendoor,,4.36,17.42,Job Transfer,,Luis Garcia,6248
6249,Accepted Offer,Null,M L S,Yes,15.16,16.44,Downsizing,Yes,Jessica Lin,6249
6250,Cancelled,Kick,M L S,No,8.51,25.89,,No,Jessica Lin,6250
6251,New, Close ,M L S,,17.76,21.12,Downsizing,,Jessica Lin,6251
6252, ,Always Kick,Broker,Yes,11.85,26.37,Downsizing,Yes,Amit Kumar,6252
6253,Closed,Null,Opendoor,No,15.29,11.31,Job Transfer,,Emily Patel,6253
6254, ,Cancelled,M.L.S.,No,7.64,12.21,Investor Sale,No,Luis Garcia,6254
6255,Reviewed,Pend,Internal,,15.91,14.07,,No,Luis Garcia,6255
6256, Closed,Pending,Auction.com,No,13.46,20.76,Job Transfer,No,Priya Sharma,6256
6257,New,Cancel, MLS,Yes,15.6,16.05,Downsizing,,Emily Patel,6257
6258,Cancelled,Pend,Opendoor,Yes,16.65,17.41,Downsizing,,Sophia Williams,6258
6259, ,Available,Bulk,Yes,18.05,22.05,,No,Jason Miller,6259
6260,Cancelled, Close ,M L S,,2.82,21.71,Investor Sale,Yes,Priya Sharma,6260
6261,Closed,Kick,Bulk,Yes,18.32,17.0,Job Transfer,Yes,Michael Chen,6261
6262, ,Pend,Opendoor,No,3.2,29.89,Investor Sale,No,David Thompson,6262
6263,Offered,Kick,Bulk,,19.78,13.84,Investor Sale,Yes,Jason Miller,6263
6264,New,Cancelled, MLS,,13.74,22.32,,Yes,Michael Chen,6264
6265,Neww,Close,Internal,,18.77,25.34,,No,Samantha Pierce,6265
6266,Accepted Offer,Available,Auction.com,Yes,3.55,7.07,,No,Samantha Pierce,6266
6267,New,Pend,Opendoor,No,17.34,13.59,,No,Priya Sharma,6267
6268, ,Available,Bulk,,19.71,29.7,Downsizing,,Samantha Pierce,6268
6269, Closed,Always Kick,Broker,,16.41,13.08,Investor Sale,No,Luis Garcia,6269
6270,New,Always Kick,Internal,,12.55,23.16,,,Emily Patel,6270
6271,Null,Cancelled,M L S,,6.69,10.79,Downsizing,Yes,Jason Miller,6271
6272,Accepted Offer,Closed,Opendoor,,5.18,18.48,Job Transfer,No,Michael Chen,6272
6273,New,Always Kick,Broker,Yes,7.22,28.18,Downsizing,,Samantha Pierce,6273
6274, ,Cancelled,Bulk,No,16.95,21.36,Downsizing,No,Jessica Lin,6274
6275,New,Closed,Broker,,2.48,21.98,Investor Sale,No,Jessica Lin,6275
6276,Reviewed,Kick,M.L.S.,,6.73,28.43,Job Transfer,Yes,Jason Miller,6276
6277,Neww,Cancel,M L S,No,9.14,21.08,Job Transfer,,Michael Chen,6277
6278,Accepted Offer,Kick,Broker,Yes,6.64,10.33,Job Transfer,Yes,Emily Patel,6278
6279,Closed,Kick,Broker,,18.32,6.65,Investor Sale,No,David Thompson,6279
6280,Accepted Offer,Close,Bulk,,6.06,13.22,Downsizing,Yes,Michael Chen,6280
6281,Neww,Close,Opendoor,,14.95,9.12,Investor Sale,Yes,Emily Patel,6281
6282,Null,Pend,Bulk,Yes,12.99,19.91,Downsizing,Yes,Michael Chen,6282
6283,New,Always Kick, MLS,No,16.07,12.67,,No,Jessica Lin,6283
6284,Cancelled,Null,Auction.com,No,3.66,7.94,Job Transfer,,Samantha Pierce,6284
6285,New, ,Opendoor,Yes,16.71,27.94,Job Transfer,Yes,Sophia Williams,6285
6286, ,Closed, MLS,,15.33,24.33,,No,Sophia Williams,6286
6287,Neww,Pending,Broker,Yes,2.01,11.4,Job Transfer,No,Michael Chen,6287
6288,Null,Always Kick,Opendoor,Yes,11.21,5.27,,,Samantha Pierce,6288
6289,Reviewed,Null,Auction.com,Yes,8.89,11.13,Job Transfer,Yes,Priya Sharma,6289
6290,Null,Cancel,Opendoor,No,19.7,17.07,Job Transfer,Yes,Jessica Lin,6290
6291, ,Cancel,M.L.S.,,5.97,19.32,Job Transfer,No,Jessica Lin,6291
6292,Neww,Cancel,Internal,Yes,10.23,20.82,,,Priya Sharma,6292
6293,New,Pending,M L S,Yes,12.93,13.21,Investor Sale,,Luis Garcia,6293
6294,Reviewed,Pend,Auction.com,Yes,5.88,27.16,,,Luis Garcia,6294
6295,Neww,Pending,Opendoor,,18.51,23.29,Downsizing,No,Emily Patel,6295
6296,Closed,Pending,Bulk,,12.33,22.83,Downsizing,No,Jason Miller,6296
6297,New,Cancel,Broker,No,2.8,12.75,Job Transfer,Yes,Priya Sharma,6297
6298, Closed,Pending,M.L.S.,Yes,8.29,9.0,Job Transfer,,Emily Patel,6298
6299,Offered, , MLS,Yes,17.74,12.16,Investor Sale,Yes,Priya Sharma,6299
6300,Null,Closed,Internal,,17.71,15.22,,No,Michael Chen,6300
6301,New,Kick,Opendoor,Yes,12.33,27.97,Job Transfer,Yes,Jessica Lin,6301
6302,Accepted Offer,Available,Broker,,10.57,20.95,Downsizing,Yes,David Thompson,6302
6303,Reviewed,Null,M L S,,9.57,23.96,Downsizing,Yes,Amit Kumar,6303
6304,New,Closed,Bulk,No,4.49,26.85,,Yes,Sophia Williams,6304
6305,Reviewed,Pend,Bulk,Yes,13.73,15.46,,No,Sophia Williams,6305
6306,New,Null,Broker,Yes,10.26,22.05,Investor Sale,,Michael Chen,6306
6307,Accepted Offer,Null,Broker,No,15.99,13.51,Downsizing,Yes,Jessica Lin,6307
6308,Null,Close,M.L.S.,Yes,17.47,18.1,,Yes,David Thompson,6308
6309, , Close ,Internal,No,2.55,17.36,Downsizing,Yes,Priya Sharma,6309
6310,Reviewed,Kick,Opendoor,,16.02,8.92,Investor Sale,,Emily Patel,6310
6311,Offered, Close , MLS,Yes,2.91,7.55,Job Transfer,,Michael Chen,6311
6312,Cancelled,Pending,Auction.com,No,16.09,12.08,Downsizing,,Luis Garcia,6312
6313,Cancelled,Closed,Bulk,Yes,17.48,24.36,,No,Michael Chen,6313
6314,Null,Pend, MLS,,8.6,19.32,Investor Sale,Yes,Jessica Lin,6314
6315, Closed, Close ,M L S,No,13.36,23.51,Downsizing,,Jason Miller,6315
6316,Accepted Offer,Available,M L S,,19.11,18.27,Job Transfer,,Luis Garcia,6316
6317,Null,Pend,Opendoor,Yes,5.31,22.02,,No,Priya Sharma,6317
6318, , ,Bulk,,2.82,23.91,,Yes,Amit Kumar,6318
6319,Accepted Offer,Pending, MLS,No,10.73,14.88,Downsizing,No,Luis Garcia,6319
6320,Closed,Always Kick,M.L.S.,Yes,19.35,11.32,Investor Sale,Yes,Jessica Lin,6320
6321, Closed,Cancel, MLS,No,19.38,23.56,Job Transfer,,David Thompson,6321
6322,Accepted Offer, ,M.L.S.,No,5.29,8.37,Investor Sale,Yes,Priya Sharma,6322
6323,Neww, , MLS,No,7.38,21.59,Downsizing,No,Amit Kumar,6323
6324, ,Available,Opendoor,Yes,9.09,22.13,Job Transfer,,Luis Garcia,6324
6325, Closed,Available,Auction.com,,19.47,6.06,Downsizing,,Luis Garcia,6325
6326,Null,Cancel, MLS,Yes,2.89,19.76,Downsizing,No,Sophia Williams,6326
6327,Null, ,Internal,No,16.45,9.78,Job Transfer,,Emily Patel,6327
6328,New,Always Kick, MLS,,3.91,26.06,,Yes,Amit Kumar,6328
6329, ,Always Kick,Opendoor,No,11.88,14.83,Job Transfer,No,Michael Chen,6329
6330,New,Pending,Internal,Yes,7.87,19.76,Investor Sale,No,Emily Patel,6330
6331,Cancelled,Available,Opendoor,Yes,7.88,22.61,Investor Sale,,Samantha Pierce,6331
6332,Accepted Offer,Pending,Auction.com,,5.09,15.26,Job Transfer,,Michael Chen,6332
6333,Neww,Closed, MLS,,5.72,18.63,Downsizing,,Amit Kumar,6333
6334, ,Pend,Broker,Yes,4.06,28.95,,Yes,Michael Chen,6334
6335,New,Null,Auction.com,,13.5,13.52,Investor Sale,,Michael Chen,6335
6336,Closed,Available,Opendoor,Yes,16.12,17.11,Investor Sale,Yes,Jessica Lin,6336
6337,Cancelled,Pend,Bulk,No,6.27,15.88,,,Samantha Pierce,6337
6338,Closed,Pend,M L S,Yes,6.18,18.39,Investor Sale,No,Sophia Williams,6338
6339,Reviewed,Always Kick, MLS,,6.98,26.03,Downsizing,,David Thompson,6339
6340,Cancelled,Pend,Opendoor,,16.71,7.44,Job Transfer,,Michael Chen,6340
6341, Closed,Kick,Opendoor,Yes,18.26,26.22,,,Samantha Pierce,6341
6342,New,Pending,Bulk,No,3.23,10.11,Investor Sale,,Sophia Williams,6342
6343,Neww,Close,M L S,Yes,12.71,22.46,Investor Sale,Yes,Sophia Williams,6343
6344,New,Pend, MLS,No,8.14,16.93,,,Emily Patel,6344
6345,Neww,Always Kick,Bulk,,11.36,21.08,,Yes,Luis Garcia,6345
6346,Null,Cancel,Auction.com,No,12.63,8.78,Job Transfer,No,Sophia Williams,6346
6347, Closed,Pending,Bulk,,8.2,12.2,Downsizing,No,David Thompson,6347
6348,New, Close ,Opendoor,No,5.92,12.87,,Yes,David Thompson,6348
6349, ,Cancelled,M L S,No,7.28,24.03,Job Transfer,No,Priya Sharma,6349
6350,Cancelled, Close ,M L S,No,7.6,12.78,,Yes,Jessica Lin,6350
6351,Offered,Close,M L S,Yes,8.73,14.27,Investor Sale,,Sophia Williams,6351
6352,Reviewed,Kick,Broker,No,10.66,27.01,Downsizing,Yes,Amit Kumar,6352
6353,Offered,Always Kick,M.L.S.,,18.79,12.81,,,Jessica Lin,6353
6354,Closed,Always Kick,M L S,No,14.59,23.53,Downsizing,Yes,Amit Kumar,6354
6355,Neww,Null,M L S,,12.78,27.6,Job Transfer,Yes,Luis Garcia,6355
6356,Null, Close , MLS,Yes,12.15,28.27,Investor Sale,Yes,Samantha Pierce,6356
6357,Cancelled,Cancelled, MLS,Yes,11.75,22.33,Investor Sale,No,Samantha Pierce,6357
6358,New,Available,Internal,No,11.68,15.44,Downsizing,Yes,Luis Garcia,6358
6359, ,Pend,Broker,Yes,17.93,13.62,Investor Sale,,Jessica Lin,6359
6360,Null,Null,Bulk,No,6.39,16.27,Downsizing,Yes,Sophia Williams,6360
6361, Closed, Close ,Opendoor,No,10.77,19.69,Job Transfer,,David Thompson,6361
6362,Null,Always Kick,M.L.S.,No,18.88,25.11,Job Transfer,No,Michael Chen,6362
6363,Neww,Closed,M L S,Yes,7.79,5.14,Downsizing,Yes,Luis Garcia,6363
6364,Offered,Cancel,Broker,No,15.43,26.68,Investor Sale,No,Jessica Lin,6364
6365,Neww,Kick,Internal,No,16.34,20.42,Downsizing,No,Samantha Pierce,6365
6366,Cancelled,Null,Internal,Yes,10.01,24.65,,No,Amit Kumar,6366
6367, Closed,Null,M L S,Yes,13.81,18.75,Downsizing,Yes,Jessica Lin,6367
6368,Accepted Offer,Available,Bulk,No,14.53,6.41,Investor Sale,No,Jason Miller,6368
6369,Cancelled,Always Kick,Bulk,Yes,12.02,29.03,,,Priya Sharma,6369
6370,Accepted Offer,Close,Auction.com,Yes,3.63,5.21,,Yes,Jason Miller,6370
6371,Cancelled,Available,Auction.com,,18.9,8.01,Downsizing,Yes,Sophia Williams,6371
6372,Closed,Pend,M.L.S.,No,16.53,15.09,,No,Emily Patel,6372
6373,Cancelled,Always Kick,Opendoor,Yes,11.51,13.96,,Yes,Michael Chen,6373
6374,Closed, Close ,Bulk,Yes,5.17,25.97,Downsizing,,Emily Patel,6374
6375,Cancelled,Cancel,Opendoor,Yes,14.56,8.68,Job Transfer,No,David Thompson,6375
6376,Reviewed,Available,Bulk,No,10.25,14.52,,,Samantha Pierce,6376
6377,Cancelled,Available,M L S,No,6.01,23.33,Investor Sale,,Priya Sharma,6377
6378, , ,Bulk,Yes,17.44,7.66,Investor Sale,Yes,Amit Kumar,6378
6379, , Close ,Auction.com,No,14.56,18.29,,Yes,Priya Sharma,6379
6380,Offered,Cancel,Bulk,,8.49,17.53,Downsizing,,Luis Garcia,6380
6381, Closed, ,M.L.S.,No,14.87,7.35,Job Transfer,,Samantha Pierce,6381
6382,Accepted Offer,Null,Internal,Yes,6.79,19.04,,Yes,David Thompson,6382
6383,New,Kick,M L S,,13.46,13.2,Investor Sale,Yes,Jessica Lin,6383
6384, ,Available, MLS,,15.92,12.73,,No,Amit Kumar,6384
6385,Reviewed,Kick,M L S,Yes,19.28,27.17,,Yes,Emily Patel,6385
6386,Accepted Offer,Pending,Internal,,5.19,20.79,,Yes,Samantha Pierce,6386
6387,New,Close,Auction.com,No,11.97,10.86,Downsizing,No,Sophia Williams,6387
6388,Closed,Pend,Internal,,12.74,28.38,Investor Sale,Yes,Samantha Pierce,6388
6389,Closed,Available, MLS,,12.49,29.72,,Yes,Priya Sharma,6389
6390,Offered,Cancelled,M L S,No,13.71,14.45,,No,Sophia Williams,6390
6391,Null,Kick,M.L.S.,,12.58,10.89,Investor Sale,Yes,Michael Chen,6391
6392,Null, Close , MLS,No,6.22,24.04,Investor Sale,Yes,Michael Chen,6392
6393,Neww,Null,Auction.com,,18.6,17.73,Investor Sale,Yes,Priya Sharma,6393
6394,Accepted Offer,Pending,Opendoor,No,5.48,7.15,Downsizing,Yes,Luis Garcia,6394
6395,New,Pend,Internal,No,14.13,9.56,Downsizing,No,David Thompson,6395
6396,Reviewed,Null,Auction.com,,2.32,16.42,Downsizing,Yes,Sophia Williams,6396
6397,Offered,Close,M.L.S.,No,11.68,18.49,Job Transfer,,Jason Miller,6397
6398, ,Null,Auction.com,Yes,5.63,28.05,Investor Sale,Yes,Michael Chen,6398
6399,Null,Always Kick,M.L.S.,No,11.73,19.48,,,Jason Miller,6399
6400, Closed,Null,Bulk,Yes,13.75,27.91,Job Transfer,No,David Thompson,6400
6401,Closed,Closed,Auction.com,Yes,16.2,19.69,,No,Michael Chen,6401
6402,Reviewed, Close , MLS,Yes,3.65,27.23,,Yes,Michael Chen,6402
6403, ,Pending,Bulk,Yes,19.68,20.58,,No,Emily Patel,6403
6404,Reviewed,Pending,Internal,No,2.27,8.48,Job Transfer,No,Sophia Williams,6404
6405,New,Kick,Bulk,Yes,11.19,14.56,Investor Sale,Yes,Jason Miller,6405
6406,Cancelled, Close , MLS,No,12.56,12.77,Downsizing,No,Sophia Williams,6406
6407,Offered,Closed,Broker,,4.88,6.68,Job Transfer,No,Jessica Lin,6407
6408,Offered,Available, MLS,,7.51,6.07,Job Transfer,,Luis Garcia,6408
6409,Closed,Close,Opendoor,,14.76,6.14,Downsizing,,Samantha Pierce,6409
6410,Cancelled,Null,M L S,No,12.19,25.69,,No,Jessica Lin,6410
6411, ,Null,Bulk,,13.66,9.78,,,Jessica Lin,6411
6412,Accepted Offer,Pend,M.L.S.,Yes,11.68,27.45,Job Transfer,No,Emily Patel,6412
6413, Closed, Close ,M.L.S.,Yes,17.89,9.14,,,Emily Patel,6413
6414,Reviewed,Pending, MLS,No,18.45,18.29,Job Transfer,Yes,Priya Sharma,6414
6415, ,Null,Auction.com,No,3.43,25.08,Downsizing,No,Jessica Lin,6415
6416, Closed,Cancelled, MLS,No,15.82,13.26,,Yes,Sophia Williams,6416
6417,Accepted Offer,Null,Opendoor,No,7.58,8.25,Downsizing,No,Jason Miller,6417
6418,Reviewed,Close,Auction.com,,15.25,9.0,Job Transfer,No,Jessica Lin,6418
6419,Closed,Kick,Bulk,,16.48,12.17,Downsizing,,Samantha Pierce,6419
6420,Neww,Closed,Broker,,18.83,22.23,Job Transfer,No,Luis Garcia,6420
6421, Closed,Always Kick,Auction.com,Yes,6.1,13.86,Job Transfer,No,Luis Garcia,6421
6422, ,Null,Broker,Yes,15.02,23.82,,Yes,Michael Chen,6422
6423,New,Pending, MLS,,6.88,20.5,,No,Luis Garcia,6423
6424,Closed,Kick,Internal,No,11.41,25.52,Job Transfer,Yes,Sophia Williams,6424
6425,Reviewed,Closed,Opendoor,No,11.95,22.55,Investor Sale,No,Sophia Williams,6425
6426,Offered,Pending,M L S,No,8.15,10.12,Investor Sale,,David Thompson,6426
6427, Closed,Available,Internal,No,6.44,7.86,,No,Emily Patel,6427
6428, ,Closed,Internal,,3.6,6.92,,,Amit Kumar,6428
6429,Neww,Closed,M L S,No,7.06,17.6,Downsizing,Yes,Emily Patel,6429
6430,New,Pend,Bulk,No,16.31,13.97,Investor Sale,Yes,Sophia Williams,6430
6431, Closed, ,M L S,Yes,4.46,6.18,Investor Sale,Yes,Jessica Lin,6431
6432, ,Null,Bulk,Yes,10.22,10.72,Investor Sale,No,Samantha Pierce,6432
6433,Null,Cancel,Broker,No,11.7,16.01,,,Sophia Williams,6433
6434,Accepted Offer, ,M L S,,17.21,17.57,,Yes,Emily Patel,6434
6435, ,Cancel,Broker,,3.05,9.51,,Yes,Emily Patel,6435
6436,Neww,Cancelled,M L S,,12.2,29.27,Job Transfer,,Jason Miller,6436
6437,New,Kick, MLS,No,11.09,14.95,Job Transfer,No,Jason Miller,6437
6438,Reviewed,Kick,M L S,Yes,6.87,24.69,,Yes,Jessica Lin,6438
6439,New,Cancelled, MLS,,14.71,25.9,,No,Emily Patel,6439
6440,Reviewed,Always Kick,Auction.com,No,15.65,8.93,Investor Sale,Yes,Jason Miller,6440
6441,Accepted Offer,Pending,Bulk,Yes,14.83,27.9,,No,Jessica Lin,6441
6442, Closed,Pend,Auction.com,Yes,19.1,18.04,,,Jessica Lin,6442
6443, ,Cancelled,Auction.com,Yes,16.71,14.81,Investor Sale,Yes,Jason Miller,6443
6444,Null,Kick,Opendoor,Yes,10.74,25.18,Downsizing,No,Priya Sharma,6444
6445,New,Pending,Opendoor,No,8.19,15.21,Downsizing,No,Amit Kumar,6445
6446,Closed,Cancelled,M L S,Yes,18.56,27.88,Investor Sale,No,Jason Miller,6446
6447,Cancelled, , MLS,Yes,2.45,6.76,Investor Sale,Yes,Jessica Lin,6447
6448,New,Pend,Bulk,Yes,8.53,13.06,Job Transfer,,Luis Garcia,6448
6449,Cancelled, ,Opendoor,No,8.96,27.26,Job Transfer,No,Michael Chen,6449
6450,Accepted Offer, ,M L S,,18.94,15.14,,,Emily Patel,6450
6451,Closed, ,M.L.S.,,14.94,17.23,Downsizing,Yes,Michael Chen,6451
6452,Reviewed, Close ,Internal,Yes,18.98,11.04,,Yes,Jessica Lin,6452
6453,New,Cancelled,Internal,No,10.02,23.84,,Yes,Samantha Pierce,6453
6454,Accepted Offer,Close,M L S,No,2.12,10.32,Job Transfer,No,Jessica Lin,6454
6455, ,Close,M.L.S.,No,15.37,26.88,,,Amit Kumar,6455
6456,Null,Pend,M L S,No,9.63,8.37,Investor Sale,Yes,Priya Sharma,6456
6457,Neww, , MLS,No,14.39,17.32,,,Jason Miller,6457
6458,Closed,Cancel,M.L.S.,,12.24,24.11,,,Amit Kumar,6458
6459, Closed,Close,M.L.S.,Yes,16.04,20.57,Investor Sale,Yes,Luis Garcia,6459
6460,Neww,Closed, MLS,No,7.71,29.95,,No,David Thompson,6460
6461,Closed, Close ,Opendoor,Yes,2.16,21.12,Job Transfer,,Jessica Lin,6461
6462, Closed,Close,M.L.S.,,7.55,18.95,,No,Michael Chen,6462
6463,Offered,Available,Opendoor,No,17.41,16.16,Job Transfer,,Luis Garcia,6463
6464,Cancelled, Close ,Opendoor,,9.9,27.14,Job Transfer,No,Michael Chen,6464
6465,New,Available,Internal,No,17.57,17.19,Investor Sale,No,Samantha Pierce,6465
6466,Accepted Offer,Cancel,Opendoor,No,15.92,25.23,Investor Sale,,David Thompson,6466
6467,Neww,Close,Opendoor,No,5.92,11.9,Downsizing,Yes,Luis Garcia,6467
6468,Accepted Offer,Close,M.L.S.,,8.73,27.74,Downsizing,No,David Thompson,6468
6469,Accepted Offer,Null,Bulk,Yes,13.09,29.34,Job Transfer,No,Jason Miller,6469
6470, Closed,Cancel,Bulk,,3.48,11.25,,,Michael Chen,6470
6471,Closed,Close,Bulk,Yes,14.37,26.07,Investor Sale,No,Sophia Williams,6471
6472,Neww,Null, MLS,,12.28,11.24,Downsizing,Yes,Luis Garcia,6472
6473,Null,Closed,Auction.com,No,17.24,14.03,Investor Sale,Yes,David Thompson,6473
6474,New, Close ,Broker,No,10.73,27.43,Job Transfer,No,Luis Garcia,6474
6475,Neww,Close,Broker,Yes,9.41,19.62,Downsizing,,Amit Kumar,6475
6476, Closed,Null, MLS,,14.65,8.36,Job Transfer,Yes,Sophia Williams,6476
6477,Neww,Kick, MLS,,18.34,16.25,Investor Sale,,Emily Patel,6477
6478,New,Always Kick,M.L.S.,No,18.47,8.07,Investor Sale,No,Jason Miller,6478
6479,Null, ,Internal,,10.38,13.43,Downsizing,Yes,Emily Patel,6479
6480,New,Null,Internal,No,13.1,18.0,Investor Sale,No,Priya Sharma,6480
6481,Accepted Offer,Pending,Bulk,Yes,5.55,28.89,,No,David Thompson,6481
6482, Closed,Kick,Broker,No,17.42,11.23,Investor Sale,Yes,Samantha Pierce,6482
6483,Offered,Close,Auction.com,,7.39,11.01,Investor Sale,No,Emily Patel,6483
6484,Accepted Offer,Closed,Opendoor,No,17.55,29.61,,Yes,Samantha Pierce,6484
6485,Reviewed,Kick,Opendoor,Yes,9.81,7.37,,,Michael Chen,6485
6486,New,Available,Broker,No,12.15,12.41,,Yes,Michael Chen,6486
6487, Closed, Close ,Internal,,9.89,22.87,Job Transfer,,Sophia Williams,6487
6488,Reviewed, , MLS,,3.44,13.61,,,Jessica Lin,6488
6489,Reviewed, Close ,Auction.com,No,10.94,14.61,Downsizing,Yes,Priya Sharma,6489
6490,Neww,Cancel,Bulk,,11.42,11.44,Downsizing,No,Samantha Pierce,6490
6491, ,Pend,Broker,,5.77,10.27,Downsizing,Yes,Michael Chen,6491
6492,Offered,Pend,M.L.S.,Yes,2.39,8.9,Investor Sale,,David Thompson,6492
6493, ,Cancel,Opendoor,,3.31,26.67,Downsizing,No,Amit Kumar,6493
6494,Closed,Available,Opendoor,No,18.14,9.22,Investor Sale,,David Thompson,6494
6495,Closed,Pend,Broker,No,4.49,10.95,Job Transfer,No,Emily Patel,6495
6496,Reviewed,Close,Broker,Yes,7.48,19.32,Investor Sale,No,Jason Miller,6496
6497,New,Cancelled,M.L.S.,Yes,9.35,26.24,,No,Emily Patel,6497
6498,Neww,Available,Internal,,7.86,16.05,,,Jason Miller,6498
6499, ,Pend,Internal,,17.36,20.69,Investor Sale,Yes,Sophia Williams,6499
6500,Null,Cancelled,M L S,,9.13,10.8,Downsizing,,Michael Chen,6500
6501,Closed,Closed,Internal,No,15.33,28.73,Job Transfer,No,Amit Kumar,6501
6502, ,Cancelled,Opendoor,Yes,7.35,15.27,,No,Samantha Pierce,6502
6503,Neww,Pending,Auction.com,Yes,15.45,10.12,Job Transfer,No,Jessica Lin,6503
6504,Null,Pend,Opendoor,Yes,19.85,14.01,Downsizing,,Michael Chen,6504
6505,Null,Cancelled,Opendoor,,6.83,15.69,Job Transfer,Yes,Sophia Williams,6505
6506,Reviewed,Close,Opendoor,Yes,8.85,29.94,,,Samantha Pierce,6506
6507, Closed,Pend,Internal,Yes,8.8,11.2,Job Transfer,,Samantha Pierce,6507
6508,Reviewed,Close,M.L.S.,Yes,8.57,9.39,Downsizing,No,Luis Garcia,6508
6509, Closed,Cancel,Auction.com,Yes,13.34,21.25,Downsizing,,Priya Sharma,6509
6510,New, ,Broker,Yes,10.86,17.13,Downsizing,Yes,David Thompson,6510
6511, Closed,Always Kick,Internal,No,17.92,14.51,Downsizing,No,Jessica Lin,6511
6512, Closed,Kick,M.L.S.,,18.8,19.47,Investor Sale,Yes,David Thompson,6512
6513,Cancelled,Close,M.L.S.,No,15.37,26.27,Job Transfer,No,Luis Garcia,6513
6514,Closed,Cancel,M.L.S.,,16.0,9.76,Job Transfer,No,Jessica Lin,6514
6515, ,Null,Broker,,7.75,18.01,Downsizing,No,Samantha Pierce,6515
6516,Accepted Offer,Close,Internal,Yes,9.07,24.79,Job Transfer,No,Jessica Lin,6516
6517,Reviewed,Cancelled,M L S,Yes,5.85,6.35,Job Transfer,,Michael Chen,6517
6518,Reviewed,Null, MLS,,5.57,17.88,Investor Sale,No,Priya Sharma,6518
6519, ,Pending,M L S,Yes,10.79,12.6,Job Transfer,,Priya Sharma,6519
6520, Closed,Pending,Bulk,Yes,6.17,24.14,Job Transfer,No,Luis Garcia,6520
6521,Cancelled,Closed,Internal,,3.94,29.6,Investor Sale,,Samantha Pierce,6521
6522,Closed, , MLS,No,5.58,10.17,,No,Priya Sharma,6522
6523, ,Kick,M L S,Yes,5.45,5.49,Job Transfer,Yes,Priya Sharma,6523
6524, ,Available,Opendoor,No,17.42,5.63,Investor Sale,,Priya Sharma,6524
6525,Accepted Offer,Null,M L S,,14.48,11.66,Job Transfer,No,Samantha Pierce,6525
6526, Closed,Null,Opendoor,,5.77,11.13,Investor Sale,,Michael Chen,6526
6527,Offered, Close ,Opendoor,No,9.41,18.42,,,Amit Kumar,6527
6528,Reviewed,Close,Bulk,No,17.39,12.16,Investor Sale,No,Luis Garcia,6528
6529,New,Cancelled,M L S,Yes,10.48,11.98,Investor Sale,No,Michael Chen,6529
6530,Neww,Cancel,Broker,No,4.66,13.35,Downsizing,No,Sophia Williams,6530
6531,Accepted Offer,Cancelled,M L S,,7.64,11.17,Investor Sale,,Samantha Pierce,6531
6532,Closed,Null, MLS,No,18.73,10.96,Downsizing,Yes,Luis Garcia,6532
6533,Offered,Cancel,M.L.S.,No,18.17,21.78,,No,Sophia Williams,6533
6534, ,Pending,Opendoor,Yes,12.98,11.67,Investor Sale,,Sophia Williams,6534
6535,Closed,Pending,Opendoor,No,17.2,22.72,Downsizing,Yes,Sophia Williams,6535
6536,New,Close,Auction.com,Yes,8.74,13.93,Job Transfer,Yes,Luis Garcia,6536
6537,Closed,Null,Bulk,Yes,18.74,20.43,Downsizing,,Sophia Williams,6537
6538,Offered,Kick,M L S,,6.61,24.87,,,Emily Patel,6538
6539,Accepted Offer,Pending, MLS,Yes,4.91,17.41,Investor Sale,No,Michael Chen,6539
6540,Cancelled,Null,Broker,No,5.15,13.03,Job Transfer,,Priya Sharma,6540
6541,Cancelled,Pend,Opendoor,No,9.6,11.35,,No,Jason Miller,6541
6542,Null, Close , MLS,No,9.42,9.05,Investor Sale,No,Samantha Pierce,6542
6543,Closed,Pend,Internal,No,12.9,6.06,Investor Sale,Yes,Michael Chen,6543
6544, Closed,Kick, MLS,Yes,5.87,17.63,Investor Sale,No,Emily Patel,6544
6545, ,Kick,Internal,No,5.67,15.94,,,Luis Garcia,6545
6546,Offered,Pend,Bulk,,18.75,14.69,Investor Sale,,Sophia Williams,6546
6547,Reviewed,Cancel,Broker,No,4.14,13.82,,,David Thompson,6547
6548,Reviewed,Pend,Auction.com,No,9.46,22.3,Job Transfer,No,Sophia Williams,6548
6549, ,Pending,Internal,No,15.53,16.25,Job Transfer,Yes,David Thompson,6549
6550,Accepted Offer,Pending,Internal,No,19.75,26.83,,,Jessica Lin,6550
6551,Closed,Cancelled,M.L.S.,,14.11,9.7,Downsizing,No,Amit Kumar,6551
6552,Reviewed,Null,M L S,,16.76,19.01,Job Transfer,,Sophia Williams,6552
6553,Reviewed,Pending,M L S,,9.36,23.38,Investor Sale,Yes,Luis Garcia,6553
6554, Closed,Kick, MLS,,6.35,24.53,Downsizing,,Sophia Williams,6554
6555,Cancelled,Pending,M.L.S.,,5.89,6.3,Investor Sale,Yes,Amit Kumar,6555
6556,Closed,Null,Bulk,,10.63,27.08,Job Transfer,No,Emily Patel,6556
6557, Closed,Cancelled,Bulk,,15.63,5.66,Job Transfer,,Priya Sharma,6557
6558, Closed,Close,Opendoor,,19.8,19.01,Downsizing,,Amit Kumar,6558
6559,Cancelled,Pend,Auction.com,Yes,6.61,7.08,Job Transfer,,Emily Patel,6559
6560,Null, ,Auction.com,Yes,19.49,25.21,,,Jessica Lin,6560
6561,Null,Null,Internal,Yes,11.91,26.27,,,Jessica Lin,6561
6562,Offered,Always Kick,Internal,Yes,6.57,16.25,,Yes,David Thompson,6562
6563,Offered,Closed,Opendoor,Yes,9.83,17.03,Downsizing,No,Sophia Williams,6563
6564,Cancelled,Pending,Bulk,No,13.44,19.11,Investor Sale,Yes,Sophia Williams,6564
6565,Offered,Cancel,M L S,No,3.03,17.6,,Yes,Priya Sharma,6565
6566,Closed,Always Kick,M L S,Yes,2.27,16.63,Investor Sale,,Luis Garcia,6566
6567,Reviewed,Pend,Bulk,No,11.1,13.91,Job Transfer,No,Priya Sharma,6567
6568, Closed,Cancelled,M L S,No,12.04,23.48,,No,David Thompson,6568
6569,Neww,Null,M L S,,4.11,7.7,Job Transfer,,Jessica Lin,6569
6570,Cancelled, ,Broker,,7.84,13.04,,Yes,Jessica Lin,6570
6571,Neww, ,M L S,No,11.42,14.84,Investor Sale,Yes,Amit Kumar,6571
6572,Cancelled,Null, MLS,Yes,4.41,9.18,,,Luis Garcia,6572
6573,New,Close,M L S,,4.94,11.64,Job Transfer,Yes,Amit Kumar,6573
6574,Reviewed,Kick, MLS,,15.41,7.7,Job Transfer,,Sophia Williams,6574
6575,Cancelled,Closed, MLS,Yes,3.0,7.31,Investor Sale,,Sophia Williams,6575
6576,Offered,Closed,Auction.com,Yes,17.32,24.28,,,Samantha Pierce,6576
6577,New, ,Opendoor,Yes,19.1,28.88,Investor Sale,Yes,Sophia Williams,6577
6578, , Close ,Auction.com,,5.35,17.76,Investor Sale,,Michael Chen,6578
6579,New,Cancel,M.L.S.,,16.47,17.78,Job Transfer,No,David Thompson,6579
6580,Cancelled,Pending,M.L.S.,No,8.56,23.55,,No,Luis Garcia,6580
6581,Neww,Pend,Bulk,No,12.1,19.96,Job Transfer,,Emily Patel,6581
6582,Offered,Cancel,Opendoor,No,7.39,28.32,Investor Sale,No,David Thompson,6582
6583,Reviewed,Null,Broker,No,15.93,23.51,,No,Michael Chen,6583
6584, ,Cancel, MLS,Yes,6.59,14.84,,No,Priya Sharma,6584
6585,Null,Null,Internal,No,6.49,17.62,Investor Sale,No,Emily Patel,6585
6586,Neww, ,M L S,No,14.81,10.99,Job Transfer,No,David Thompson,6586
6587,New,Null,Internal,,12.32,5.97,Investor Sale,No,Priya Sharma,6587
6588,Closed,Closed,Internal,Yes,17.6,27.87,Investor Sale,Yes,Jessica Lin,6588
6589,Null,Cancel,Bulk,,17.63,9.18,Job Transfer,No,Samantha Pierce,6589
6590,Closed,Pend,Broker,No,7.68,28.84,Downsizing,No,Sophia Williams,6590
6591, ,Pending, MLS,Yes,13.76,8.0,Investor Sale,Yes,Priya Sharma,6591
6592,Reviewed, Close ,M L S,Yes,6.31,13.53,Job Transfer,,Samantha Pierce,6592
6593, Closed,Closed,Bulk,No,18.64,23.4,Job Transfer,No,Priya Sharma,6593
6594,Offered,Cancelled,M L S,,12.1,20.01,Investor Sale,No,Amit Kumar,6594
6595,Accepted Offer,Null,M L S,Yes,8.87,16.1,Investor Sale,,Michael Chen,6595
6596,Offered,Always Kick,M.L.S.,,13.29,7.57,Investor Sale,,Priya Sharma,6596
6597,Null,Pend,M.L.S.,No,11.09,11.97,,,Jason Miller,6597
6598, Closed,Available,Auction.com,Yes,18.74,18.15,Investor Sale,No,Priya Sharma,6598
6599, Closed,Pending,Internal,,13.37,23.95,,,Amit Kumar,6599
6600,New,Cancel,M L S,No,12.19,22.4,Investor Sale,No,Emily Patel,6600
6601, Closed,Pending,M L S,Yes,8.53,15.07,Investor Sale,,Emily Patel,6601
6602,Reviewed,Available,Bulk,Yes,12.32,20.53,Job Transfer,Yes,Amit Kumar,6602
6603,Accepted Offer,Cancelled,Auction.com,,8.91,27.37,Downsizing,No,David Thompson,6603
6604,Offered,Cancelled,M.L.S.,Yes,18.29,12.0,Downsizing,Yes,Priya Sharma,6604
6605,Reviewed,Null, MLS,,16.98,5.15,Downsizing,Yes,Amit Kumar,6605
6606, ,Kick, MLS,No,11.25,19.32,,Yes,David Thompson,6606
6607,Accepted Offer, ,M L S,Yes,11.98,16.13,Investor Sale,Yes,Michael Chen,6607
6608,Accepted Offer,Always Kick,M.L.S.,,11.57,20.06,Downsizing,Yes,Samantha Pierce,6608
6609,Closed,Closed,M L S,No,18.87,27.41,Investor Sale,Yes,David Thompson,6609
6610,Accepted Offer,Cancelled,M.L.S.,,8.92,20.07,,No,Sophia Williams,6610
6611,Neww,Pend,Opendoor,No,15.97,8.75,,No,Emily Patel,6611
6612,Offered,Always Kick,Broker,,3.17,14.29,Investor Sale,,Sophia Williams,6612
6613, Closed, Close ,Broker,,3.11,11.17,Investor Sale,No,Priya Sharma,6613
6614,Reviewed,Null, MLS,,14.96,10.0,Job Transfer,No,Priya Sharma,6614
6615,Accepted Offer,Null,Internal,Yes,17.42,27.5,Investor Sale,No,Jessica Lin,6615
6616,Reviewed,Cancel, MLS,No,8.26,6.19,Downsizing,No,Priya Sharma,6616
6617, , ,M L S,No,17.28,6.43,Investor Sale,,Michael Chen,6617
6618,Cancelled,Cancelled, MLS,No,9.26,8.85,Downsizing,Yes,Michael Chen,6618
6619, , ,Internal,No,10.52,18.34,Investor Sale,No,Jason Miller,6619
6620,Accepted Offer, Close ,Auction.com,,4.75,11.84,Job Transfer,No,Jason Miller,6620
6621, ,Always Kick,Internal,No,3.36,22.99,Investor Sale,No,Samantha Pierce,6621
6622,Accepted Offer, Close ,Opendoor,Yes,10.4,8.31,,Yes,Amit Kumar,6622
6623,Null,Cancelled, MLS,,16.91,22.15,Investor Sale,Yes,David Thompson,6623
6624,Cancelled,Close,Broker,,13.88,6.43,,,Priya Sharma,6624
6625,Neww,Cancelled,Broker,No,16.38,27.54,Downsizing,,Sophia Williams,6625
6626,Null,Cancelled,M.L.S.,No,14.04,9.9,,,Priya Sharma,6626
6627,Reviewed,Pending,Opendoor,Yes,17.87,28.76,Investor Sale,Yes,Michael Chen,6627
6628, ,Null,M.L.S.,,10.83,29.63,,No,Priya Sharma,6628
6629, Closed,Null,Opendoor,No,18.36,21.75,Downsizing,Yes,Jason Miller,6629
6630,Offered, Close ,Auction.com,Yes,18.22,14.75,Downsizing,Yes,Jason Miller,6630
6631,Null,Available,Bulk,Yes,18.16,21.5,,Yes,Emily Patel,6631
6632,New,Cancel, MLS,Yes,9.41,24.5,Investor Sale,,David Thompson,6632
6633, Closed,Null,M.L.S.,No,15.0,25.26,Investor Sale,Yes,Emily Patel,6633
6634,Null, Close ,M L S,,18.81,11.0,Job Transfer,No,David Thompson,6634
6635,Accepted Offer,Available,M.L.S.,No,11.53,13.49,Downsizing,Yes,Priya Sharma,6635
6636,Neww, ,Opendoor,No,16.17,17.59,Downsizing,Yes,Jason Miller,6636
6637, ,Pend,Broker,,3.34,29.53,Downsizing,Yes,David Thompson,6637
6638,New,Null,M.L.S.,,17.09,23.04,Downsizing,No,Luis Garcia,6638
6639, ,Pending,Bulk,Yes,6.27,17.76,Investor Sale,No,Luis Garcia,6639
6640,New, ,M.L.S.,Yes,4.48,22.2,,,Luis Garcia,6640
6641,Null,Kick,M L S,Yes,9.67,16.46,Downsizing,,Luis Garcia,6641
6642,Cancelled,Kick,Bulk,,10.0,21.6,Downsizing,,Jason Miller,6642
6643,Closed,Always Kick,Broker,,14.07,13.31,Job Transfer,No,Jessica Lin,6643
6644,Reviewed,Available,M.L.S.,Yes,15.14,20.74,Downsizing,,Samantha Pierce,6644
6645,Closed,Cancelled, MLS,No,2.09,25.77,Job Transfer,,Jessica Lin,6645
6646,Closed, ,M L S,Yes,17.12,23.01,Investor Sale,Yes,Emily Patel,6646
6647,Accepted Offer, Close ,Auction.com,,8.36,21.56,Investor Sale,No,Jason Miller,6647
6648,Neww, Close ,Bulk,,6.4,5.71,Downsizing,,Michael Chen,6648
6649,Null,Null,M L S,No,19.64,14.84,Job Transfer,No,Samantha Pierce,6649
6650,Offered,Pending,Internal,Yes,10.08,25.34,Downsizing,Yes,Luis Garcia,6650
6651,Offered, ,M.L.S.,No,9.2,22.11,Job Transfer,,Samantha Pierce,6651
6652, , Close ,M.L.S.,No,13.89,25.22,Investor Sale,,David Thompson,6652
6653,Closed,Null,Internal,Yes,11.72,16.86,Job Transfer,Yes,Sophia Williams,6653
6654, Closed,Cancelled,Bulk,No,14.98,11.46,Downsizing,Yes,Jessica Lin,6654
6655,Neww,Closed,Auction.com,,5.99,19.81,Job Transfer,,David Thompson,6655
6656, Closed,Closed,Opendoor,Yes,5.07,17.82,Job Transfer,No,David Thompson,6656
6657,Null, Close ,M L S,,4.32,16.04,Investor Sale,No,David Thompson,6657
6658,New, ,Broker,No,10.58,25.16,Job Transfer,Yes,Michael Chen,6658
6659,Neww,Pending,M L S,,14.26,22.11,Investor Sale,,Jason Miller,6659
6660, , , MLS,,16.52,21.93,,Yes,Sophia Williams,6660
6661, ,Kick,Broker,Yes,12.59,9.59,Investor Sale,No,Priya Sharma,6661
6662,Null, ,Auction.com,No,2.15,23.47,,No,Amit Kumar,6662
6663,New,Pending,Auction.com,,8.46,27.19,Job Transfer,Yes,David Thompson,6663
6664,Closed,Kick,Opendoor,,4.6,8.76,Investor Sale,,Emily Patel,6664
6665,Accepted Offer,Null,M.L.S.,,5.42,13.39,Job Transfer,,Michael Chen,6665
6666,Closed,Close,Bulk,No,12.29,22.64,Job Transfer,No,Jason Miller,6666
6667,Reviewed,Cancel,M.L.S.,No,13.4,7.38,,No,Luis Garcia,6667
6668,Null,Pend,Bulk,Yes,9.34,24.1,,,Samantha Pierce,6668
6669, Closed,Null,M L S,,9.36,25.16,,Yes,Emily Patel,6669
6670,New,Closed,Bulk,,12.29,13.72,Job Transfer,No,Michael Chen,6670
6671,Reviewed,Pending,M L S,Yes,7.74,21.62,,Yes,Amit Kumar,6671
6672,Offered, Close ,Bulk,No,3.18,18.91,,Yes,Emily Patel,6672
6673,New,Available,Opendoor,Yes,16.67,6.44,Downsizing,,Amit Kumar,6673
6674,Neww,Null,Broker,Yes,15.05,8.35,Investor Sale,No,Amit Kumar,6674
6675,Offered, ,Auction.com,,10.21,17.78,Investor Sale,,David Thompson,6675
6676,Reviewed,Cancel,Broker,No,15.92,6.54,Investor Sale,,Priya Sharma,6676
6677,Accepted Offer,Closed,M.L.S.,No,12.06,28.99,,,Amit Kumar,6677
6678,Reviewed,Closed,Opendoor,Yes,16.21,11.19,Downsizing,No,Emily Patel,6678
6679,Reviewed,Kick,Opendoor,No,11.36,8.07,Downsizing,Yes,Emily Patel,6679
6680,Reviewed,Pend,Broker,No,10.45,13.71,Downsizing,Yes,Jason Miller,6680
6681,Accepted Offer, Close ,Bulk,,8.05,24.77,Investor Sale,,Emily Patel,6681
6682,New,Null, MLS,,5.05,17.72,Investor Sale,Yes,Michael Chen,6682
6683,Reviewed,Null,Bulk,,6.03,15.36,,Yes,Sophia Williams,6683
6684,Cancelled,Kick,M L S,,6.23,9.62,,No,Amit Kumar,6684
6685,Neww,Close,M L S,,6.39,11.04,Downsizing,,Jessica Lin,6685
6686,Offered,Available,Internal,,7.27,6.69,Investor Sale,,Amit Kumar,6686
6687, Closed,Close,Internal,No,6.22,8.76,,Yes,Sophia Williams,6687
6688,Neww,Cancel,Bulk,,19.13,10.25,,No,Jason Miller,6688
6689,Neww,Pend,Auction.com,Yes,15.29,6.81,Downsizing,Yes,Samantha Pierce,6689
6690,New,Pending,Broker,Yes,11.18,27.59,Investor Sale,No,Jason Miller,6690
6691,Neww,Closed,Broker,,8.59,26.48,Investor Sale,,Priya Sharma,6691
6692,Neww,Kick,Broker,,5.36,26.66,,No,Michael Chen,6692
6693,Null,Available,M.L.S.,Yes,6.52,19.86,Investor Sale,Yes,Priya Sharma,6693
6694,New,Closed, MLS,,13.11,28.21,Downsizing,Yes,Amit Kumar,6694
6695,Neww,Pending,Broker,,5.43,27.13,Investor Sale,Yes,Samantha Pierce,6695
6696,Null,Cancelled,M L S,Yes,12.13,7.06,Downsizing,No,Luis Garcia,6696
6697,Offered,Null,Auction.com,,18.42,12.62,Downsizing,Yes,Emily Patel,6697
6698, Closed,Null,Opendoor,No,7.75,17.53,Job Transfer,,Jason Miller,6698
6699,Neww, ,M L S,,6.17,6.53,Job Transfer,No,Michael Chen,6699
6700,Offered,Cancel,Broker,,5.44,16.48,Job Transfer,,Luis Garcia,6700
6701,Closed,Always Kick,Broker,No,4.84,15.27,Downsizing,,Sophia Williams,6701
6702,Offered,Cancel,Internal,No,11.73,23.49,,,Emily Patel,6702
6703, ,Closed,Broker,Yes,18.05,10.74,Investor Sale,Yes,Samantha Pierce,6703
6704, Closed, Close ,Opendoor,Yes,3.24,14.99,,,Jessica Lin,6704
6705,Null,Pending,Broker,,15.32,5.07,Investor Sale,Yes,Emily Patel,6705
6706,Reviewed,Available,Broker,,8.03,15.49,Investor Sale,,Jessica Lin,6706
6707,Neww,Null, MLS,,4.17,16.01,Investor Sale,Yes,Emily Patel,6707
6708, Closed, Close ,Internal,No,12.45,20.57,Downsizing,Yes,David Thompson,6708
6709,Accepted Offer,Cancelled,Internal,,13.09,17.47,,Yes,Priya Sharma,6709
6710,Closed,Cancelled,M.L.S.,,9.08,7.38,Investor Sale,No,Emily Patel,6710
6711,Closed, ,Internal,Yes,12.62,20.93,Job Transfer,No,Michael Chen,6711
6712,Null,Available,Opendoor,No,12.52,21.34,Investor Sale,,Samantha Pierce,6712
6713,Null,Pend,M.L.S.,Yes,19.72,24.0,,Yes,Amit Kumar,6713
6714,Offered,Pending,Bulk,Yes,15.2,8.29,Investor Sale,,Emily Patel,6714
6715,Accepted Offer,Null,Opendoor,Yes,9.58,10.5,Job Transfer,,David Thompson,6715
6716,Reviewed,Closed,Broker,No,16.08,15.91,Job Transfer,Yes,David Thompson,6716
6717, Closed,Cancel,Bulk,Yes,18.92,6.53,Investor Sale,,Amit Kumar,6717
6718,Accepted Offer,Pending,Auction.com,No,6.6,7.02,,No,Michael Chen,6718
6719,New, Close ,Bulk,No,16.21,26.44,Job Transfer,Yes,Michael Chen,6719
6720,Null,Always Kick, MLS,,19.43,7.12,,Yes,Jessica Lin,6720
6721,Neww,Cancel,M.L.S.,No,5.95,27.98,Job Transfer,,David Thompson,6721
6722, Closed,Available,Auction.com,No,11.61,9.38,Downsizing,No,Priya Sharma,6722
6723,Neww,Pending,M L S,No,14.13,25.69,,,Sophia Williams,6723
6724,Neww,Cancel,M.L.S.,,19.91,14.59,Investor Sale,Yes,Sophia Williams,6724
6725,Accepted Offer,Closed,Internal,No,13.15,10.77,Job Transfer,Yes,Emily Patel,6725
6726,New, ,M.L.S.,Yes,5.14,10.47,Job Transfer,No,Priya Sharma,6726
6727,Offered,Cancelled,Opendoor,Yes,13.59,14.4,Downsizing,,Emily Patel,6727
6728, , Close ,M.L.S.,,12.22,19.23,,,Jason Miller,6728
6729,Reviewed,Cancelled,Internal,No,7.91,16.42,Job Transfer,,Michael Chen,6729
6730,Null,Cancelled,M.L.S.,No,14.62,27.98,Downsizing,,Samantha Pierce,6730
6731,Reviewed,Kick,Opendoor,No,15.87,11.05,Job Transfer,No,Jessica Lin,6731
6732,New,Closed, MLS,Yes,10.13,17.09,,Yes,Michael Chen,6732
6733,Accepted Offer, ,Broker,Yes,10.56,29.57,Investor Sale,,Jason Miller,6733
6734, ,Pending,M L S,Yes,6.45,21.86,,No,Amit Kumar,6734
6735,Null, ,Broker,,4.02,18.44,Job Transfer,,Amit Kumar,6735
6736,Null,Closed,M.L.S.,No,4.72,21.97,Downsizing,,Priya Sharma,6736
6737,Offered,Cancelled,Auction.com,,4.42,7.55,,No,Emily Patel,6737
6738,Accepted Offer, Close ,Internal,Yes,16.38,14.14,,,Jason Miller,6738
6739,Closed,Available,Auction.com,Yes,10.96,8.42,Investor Sale,Yes,David Thompson,6739
6740,New,Cancel,Internal,,11.04,17.35,,No,Jason Miller,6740
6741, Closed,Closed,Broker,,7.16,19.99,Job Transfer,No,Jason Miller,6741
6742,Cancelled, Close ,Internal,,6.96,22.64,Downsizing,Yes,Sophia Williams,6742
6743,New,Cancel,Opendoor,Yes,17.66,18.98,Downsizing,No,Luis Garcia,6743
6744,Cancelled,Cancel,Broker,No,13.78,19.67,Job Transfer,No,Samantha Pierce,6744
6745, Closed,Always Kick,Broker,No,11.23,8.63,Job Transfer,Yes,Luis Garcia,6745
6746,Accepted Offer, ,Auction.com,,9.87,11.26,Downsizing,,David Thompson,6746
6747,Accepted Offer,Null, MLS,,9.57,20.16,Investor Sale,No,Jason Miller,6747
6748,Reviewed,Cancelled,Bulk,No,14.43,19.35,Downsizing,,Priya Sharma,6748
6749,New,Null,M.L.S.,,2.38,19.92,Investor Sale,,Luis Garcia,6749
6750,Closed,Always Kick,Internal,Yes,15.41,17.93,Downsizing,Yes,Emily Patel,6750
6751,Cancelled,Cancelled,Internal,Yes,18.64,5.55,Job Transfer,,Amit Kumar,6751
6752,Closed, Close ,Internal,Yes,12.02,11.14,,Yes,Amit Kumar,6752
6753,Cancelled,Closed,Opendoor,No,3.32,28.49,Job Transfer,,Sophia Williams,6753
6754,Neww,Closed,M.L.S.,No,14.33,17.29,,No,Priya Sharma,6754
6755, Closed,Cancel,M.L.S.,,15.84,25.22,Investor Sale,No,Jason Miller,6755
6756,New,Cancelled,M L S,,9.73,19.72,Investor Sale,No,Emily Patel,6756
6757,Cancelled,Pending,Broker,,6.97,18.77,Investor Sale,Yes,Jason Miller,6757
6758,Offered,Cancelled, MLS,Yes,17.3,22.76,Downsizing,,Priya Sharma,6758
6759,Accepted Offer,Always Kick,Opendoor,,11.8,26.46,Job Transfer,Yes,Emily Patel,6759
6760,New, Close ,Auction.com,,8.87,21.62,Investor Sale,Yes,Luis Garcia,6760
6761, Closed,Always Kick,M L S,,2.33,5.38,Downsizing,No,David Thompson,6761
6762, , Close ,M L S,No,19.38,17.59,Job Transfer,No,Luis Garcia,6762
6763, ,Always Kick,Bulk,No,11.94,18.02,Job Transfer,No,Priya Sharma,6763
6764,Reviewed, ,M.L.S.,No,12.89,13.17,Downsizing,Yes,Amit Kumar,6764
6765,Reviewed, ,M.L.S.,,5.34,19.37,Job Transfer,Yes,Jessica Lin,6765
6766,Offered, ,Auction.com,,6.61,6.64,,,Amit Kumar,6766
6767,Reviewed,Close,M.L.S.,Yes,8.02,28.14,,,Michael Chen,6767
6768,Reviewed, ,Bulk,,3.64,15.83,,No,Samantha Pierce,6768
6769,Closed,Kick,Bulk,,9.29,23.54,,,Luis Garcia,6769
6770, ,Close,M.L.S.,No,6.08,13.06,Job Transfer,Yes,Priya Sharma,6770
6771,Closed,Always Kick, MLS,,4.47,6.14,Downsizing,,Jason Miller,6771
6772,Offered,Pend,Auction.com,No,5.58,15.68,Downsizing,No,Sophia Williams,6772
6773,Null,Pend,M L S,Yes,13.93,17.29,Job Transfer,No,Emily Patel,6773
6774, ,Closed,Broker,No,5.8,11.45,Downsizing,Yes,Jason Miller,6774
6775, Closed,Closed,Opendoor,No,10.49,15.53,Downsizing,No,Emily Patel,6775
6776,New, Close ,Opendoor,Yes,7.25,27.23,Job Transfer,,Emily Patel,6776
6777,Neww,Kick,Auction.com,,12.21,7.39,Downsizing,Yes,Michael Chen,6777
6778, Closed,Cancelled, MLS,No,12.05,11.43,Job Transfer,,Luis Garcia,6778
6779, ,Available,Internal,No,14.3,26.06,Job Transfer,No,Priya Sharma,6779
6780, Closed,Closed,Broker,No,12.66,18.7,Investor Sale,Yes,Amit Kumar,6780
6781,Offered,Always Kick,Opendoor,Yes,18.7,25.92,,,Samantha Pierce,6781
6782,Offered,Close,Bulk,Yes,10.86,19.03,Investor Sale,Yes,Amit Kumar,6782
6783,Offered,Always Kick, MLS,No,8.65,9.95,Job Transfer,Yes,Emily Patel,6783
6784, Closed,Always Kick,Internal,,5.72,16.62,Investor Sale,No,Michael Chen,6784
6785, ,Kick,Internal,Yes,5.04,20.96,,,David Thompson,6785
6786,New,Cancel, MLS,Yes,13.29,11.94,Downsizing,No,Samantha Pierce,6786
6787,Null,Available,Bulk,No,18.97,17.44,Investor Sale,Yes,Samantha Pierce,6787
6788,Offered,Cancel,M L S,Yes,3.76,18.07,Job Transfer,No,Sophia Williams,6788
6789,Cancelled,Null,Opendoor,Yes,16.58,21.45,,No,Jason Miller,6789
6790,Reviewed,Closed, MLS,,3.46,16.21,Investor Sale,,Emily Patel,6790
6791,Null, Close ,Bulk,,15.86,19.98,Job Transfer,No,David Thompson,6791
6792,Accepted Offer,Always Kick,Auction.com,No,16.64,28.29,,Yes,Luis Garcia,6792
6793,Offered,Pend,Bulk,No,13.9,20.94,Job Transfer,,Jason Miller,6793
6794, , ,Broker,,15.69,18.95,Downsizing,No,Priya Sharma,6794
6795, Closed,Pend,Broker,No,18.13,14.79,Investor Sale,No,Jessica Lin,6795
6796,Reviewed,Pending,M L S,Yes,13.25,21.79,Job Transfer,No,Michael Chen,6796
6797,Cancelled,Null,M.L.S.,No,5.59,29.81,,No,Priya Sharma,6797
6798,Neww,Close,Bulk,No,6.13,11.83,Downsizing,,Jessica Lin,6798
6799,Neww,Pending, MLS,Yes,17.36,9.71,,Yes,Samantha Pierce,6799
6800,Reviewed,Available,Bulk,No,5.05,9.23,Investor Sale,,Sophia Williams,6800
6801,Null,Available,M L S,No,3.56,14.39,Job Transfer,No,Priya Sharma,6801
6802,Neww,Available,Opendoor,Yes,13.69,24.7,Investor Sale,No,Amit Kumar,6802
6803, ,Always Kick,M L S,,14.36,28.0,Investor Sale,Yes,Samantha Pierce,6803
6804,New,Always Kick, MLS,,14.75,26.17,,No,Luis Garcia,6804
6805,Offered,Always Kick, MLS,Yes,3.0,7.65,,No,David Thompson,6805
6806,Closed,Available,Internal,Yes,14.26,9.95,,No,Amit Kumar,6806
6807,Null,Pend,Auction.com,No,5.53,24.03,Job Transfer,No,David Thompson,6807
6808,Reviewed,Cancel,Auction.com,Yes,16.93,26.64,,Yes,Jason Miller,6808
6809,Accepted Offer,Pending,Broker,,15.74,10.81,Investor Sale,,Priya Sharma,6809
6810,Cancelled,Close,Broker,Yes,5.23,24.72,Downsizing,No,Samantha Pierce,6810
6811,Null,Cancel,Bulk,,18.52,28.21,,,Sophia Williams,6811
6812,Offered,Available, MLS,,16.91,11.3,Job Transfer,Yes,Sophia Williams,6812
6813,Cancelled,Cancel,Opendoor,,11.42,7.89,,,Jessica Lin,6813
6814,Offered,Closed,Opendoor,Yes,2.7,24.49,Investor Sale,,Priya Sharma,6814
6815,New,Kick,M L S,,17.97,13.39,Downsizing,,Jessica Lin,6815
6816,Reviewed,Cancelled,Broker,,17.51,26.07,Job Transfer,Yes,David Thompson,6816
6817,Closed, ,Internal,Yes,7.65,10.25,Job Transfer,,Sophia Williams,6817
6818,New,Closed,Auction.com,,15.16,14.12,Job Transfer,No,Priya Sharma,6818
6819,Reviewed,Kick,Opendoor,,12.09,8.84,,Yes,Samantha Pierce,6819
6820,Offered,Close,M L S,,3.42,28.64,Downsizing,,Luis Garcia,6820
6821, , Close ,Auction.com,,7.38,26.71,,No,Amit Kumar,6821
6822,Offered,Cancel,Bulk,No,4.15,10.54,Investor Sale,,Sophia Williams,6822
6823,Cancelled,Cancelled,Bulk,No,4.93,10.01,Downsizing,,Luis Garcia,6823
6824,Neww,Always Kick,Internal,,10.31,21.01,Downsizing,No,Michael Chen,6824
6825, Closed,Cancel,M.L.S.,No,15.95,5.38,Downsizing,,Michael Chen,6825
6826,Null,Always Kick,Broker,No,18.78,21.61,Investor Sale,Yes,David Thompson,6826
6827,Offered,Pending,Internal,,6.56,28.79,Downsizing,No,Luis Garcia,6827
6828, ,Cancelled, MLS,Yes,8.53,23.94,Job Transfer,Yes,Samantha Pierce,6828
6829,Neww,Cancelled,Bulk,,14.83,27.46,Investor Sale,No,Michael Chen,6829
6830,New, Close ,Bulk,,17.92,10.94,Downsizing,,Priya Sharma,6830
6831,Neww,Pending,Broker,Yes,3.4,17.19,Job Transfer,,Priya Sharma,6831
6832,Closed,Pending,Internal,Yes,10.14,14.54,,No,Sophia Williams,6832
6833,Reviewed,Pending,Broker,,9.91,13.41,,Yes,Emily Patel,6833
6834,Cancelled, Close ,M L S,No,17.36,28.39,Downsizing,Yes,Emily Patel,6834
6835,Closed,Pend, MLS,Yes,9.55,7.31,Downsizing,Yes,Luis Garcia,6835
6836, Closed,Null,Internal,Yes,7.07,24.81,Investor Sale,No,Michael Chen,6836
6837,Closed,Closed,Opendoor,No,13.14,15.69,Investor Sale,Yes,Amit Kumar,6837
6838,Neww,Pending,M L S,No,14.13,22.58,Job Transfer,,Emily Patel,6838
6839,Cancelled,Cancelled,Bulk,,6.66,23.64,,,Samantha Pierce,6839
6840,Offered,Always Kick,Broker,,4.11,8.55,Investor Sale,,Sophia Williams,6840
6841,Null,Closed,Internal,Yes,5.46,29.92,Job Transfer,No,Jessica Lin,6841
6842,Offered,Available,Auction.com,Yes,3.57,8.04,Downsizing,No,David Thompson,6842
6843,Reviewed,Cancel,Opendoor,Yes,9.91,22.19,Investor Sale,No,Luis Garcia,6843
6844,Offered,Close,Broker,No,16.84,19.73,,No,Jason Miller,6844
6845,Null,Close,M.L.S.,Yes,14.19,17.76,Investor Sale,No,David Thompson,6845
6846,Cancelled,Close,Bulk,No,16.24,17.48,,No,Jason Miller,6846
6847,New,Null,Bulk,Yes,13.83,23.85,,No,David Thompson,6847
6848,New,Null,Bulk,No,13.14,21.81,,No,David Thompson,6848
6849,Cancelled,Pend,M L S,Yes,8.52,17.88,Downsizing,,Michael Chen,6849
6850,Closed,Available,M L S,,11.75,21.93,Downsizing,,Jason Miller,6850
6851,Neww,Close,M L S,No,14.71,21.95,Downsizing,No,Sophia Williams,6851
6852,Null,Closed,Opendoor,No,6.87,8.58,,Yes,Samantha Pierce,6852
6853, Closed,Kick,Opendoor,Yes,11.18,19.55,Investor Sale,Yes,Jason Miller,6853
6854,Cancelled,Pend,M L S,No,5.76,15.53,Downsizing,Yes,Sophia Williams,6854
6855,Reviewed,Kick,M.L.S.,,9.0,25.97,Job Transfer,No,Michael Chen,6855
6856,Neww,Closed,Broker,No,8.95,25.17,,No,Priya Sharma,6856
6857,Neww,Available,M.L.S.,No,11.81,24.13,Downsizing,Yes,Emily Patel,6857
6858,Closed,Cancel,Opendoor,,9.18,9.14,Downsizing,No,David Thompson,6858
6859,Offered,Available,Broker,Yes,15.55,17.0,Investor Sale,Yes,Jason Miller,6859
6860,Offered,Cancel,Bulk,No,16.96,23.35,Job Transfer,Yes,Sophia Williams,6860
6861, Closed, Close ,M.L.S.,,9.39,28.53,Downsizing,Yes,Samantha Pierce,6861
6862,New,Available,Opendoor,No,6.49,7.51,Investor Sale,,Jessica Lin,6862
6863,Offered,Cancel,Internal,,15.2,16.09,,No,Jessica Lin,6863
6864,Offered,Pend, MLS,Yes,11.61,20.1,Job Transfer,,Michael Chen,6864
6865,Null,Kick, MLS,No,13.24,5.06,Investor Sale,Yes,Emily Patel,6865
6866,Closed, Close ,Broker,Yes,5.23,21.27,,No,Samantha Pierce,6866
6867,Reviewed,Cancel,Auction.com,No,6.34,6.49,Downsizing,No,Jason Miller,6867
6868,Accepted Offer,Null,Bulk,No,18.76,28.59,,No,Jessica Lin,6868
6869,Null,Null,M L S,No,8.62,23.16,Investor Sale,Yes,David Thompson,6869
6870,New,Pending,Opendoor,Yes,9.77,12.61,,No,Luis Garcia,6870
6871,Neww, ,Auction.com,Yes,3.18,9.74,Downsizing,,Jessica Lin,6871
6872,Cancelled, ,Internal,No,3.63,28.42,Downsizing,Yes,Amit Kumar,6872
6873,Closed,Null,Opendoor,Yes,17.43,29.83,Downsizing,Yes,Jason Miller,6873
6874,Cancelled,Pending,M.L.S.,Yes,17.98,17.38,Downsizing,,Emily Patel,6874
6875,Neww,Null,Opendoor,Yes,17.75,16.36,Job Transfer,No,Emily Patel,6875
6876,Accepted Offer,Cancel,Bulk,,17.47,20.23,Investor Sale,No,Jessica Lin,6876
6877, Closed,Closed,Broker,,17.29,5.45,Investor Sale,No,David Thompson,6877
6878,Closed,Close,Internal,Yes,8.72,23.71,Investor Sale,Yes,Samantha Pierce,6878
6879, Closed,Null,M.L.S.,Yes,9.23,12.73,Investor Sale,No,Priya Sharma,6879
6880, ,Null,M.L.S.,No,17.4,25.6,,No,Samantha Pierce,6880
6881, Closed,Pending,M L S,No,18.71,21.0,Job Transfer,,David Thompson,6881
6882,Cancelled,Null,Opendoor,,8.64,7.33,Investor Sale,No,Sophia Williams,6882
6883, ,Pend,Broker,Yes,17.03,26.36,Investor Sale,No,Priya Sharma,6883
6884,Reviewed,Cancel, MLS,,14.45,28.19,,No,Jason Miller,6884
6885,New,Available,Internal,No,18.62,23.05,Investor Sale,,Samantha Pierce,6885
6886,Neww,Kick,Broker,Yes,9.09,25.93,Downsizing,No,Sophia Williams,6886
6887,Reviewed,Available,Internal,,13.43,23.76,Investor Sale,,Priya Sharma,6887
6888,Accepted Offer, , MLS,,15.92,27.13,Investor Sale,,Sophia Williams,6888
6889,Closed,Pending,Internal,Yes,3.4,18.43,Investor Sale,No,Emily Patel,6889
6890,Accepted Offer,Null,M L S,No,9.69,27.83,,Yes,Michael Chen,6890
6891, Closed,Pending,Bulk,Yes,10.97,28.56,Job Transfer,No,Emily Patel,6891
6892,Neww,Available,Broker,,14.87,14.52,Downsizing,Yes,Luis Garcia,6892
6893,Accepted Offer,Always Kick,M.L.S.,,14.09,17.71,Downsizing,No,Jessica Lin,6893
6894,Reviewed,Closed,Bulk,,19.73,20.63,Downsizing,,Amit Kumar,6894
6895,Closed,Cancelled,Opendoor,,4.99,29.76,,Yes,Emily Patel,6895
6896,Closed,Null,Auction.com,,12.64,12.7,Job Transfer,No,Amit Kumar,6896
6897,Cancelled, Close ,M L S,Yes,13.72,25.01,Downsizing,Yes,Sophia Williams,6897
6898,Offered,Pend,Internal,No,6.86,7.18,Job Transfer,Yes,Priya Sharma,6898
6899,Neww,Pending,M L S,,7.54,19.1,,No,Amit Kumar,6899
6900,Neww,Always Kick,Opendoor,No,19.95,19.74,Downsizing,Yes,Michael Chen,6900
6901, ,Close,M L S,No,18.13,14.13,Downsizing,Yes,Jessica Lin,6901
6902, Closed,Pend,Opendoor,No,9.63,20.66,,,Sophia Williams,6902
6903,New,Always Kick,Bulk,,4.59,18.11,Downsizing,,Samantha Pierce,6903
6904, Closed,Closed,M L S,Yes,9.85,23.8,,No,Luis Garcia,6904
6905, Closed,Available,Internal,No,17.65,5.59,Job Transfer,Yes,Michael Chen,6905
6906, Closed,Close,Auction.com,Yes,6.88,27.81,Investor Sale,Yes,Priya Sharma,6906
6907, Closed,Cancel,M.L.S.,Yes,9.22,5.22,Job Transfer,,David Thompson,6907
6908, Closed, Close ,M L S,,17.18,25.69,Investor Sale,Yes,Priya Sharma,6908
6909,Reviewed,Kick, MLS,No,12.3,14.32,Investor Sale,No,Emily Patel,6909
6910, ,Available,Internal,,3.12,7.15,Job Transfer,,Luis Garcia,6910
6911,Accepted Offer,Available,Opendoor,Yes,13.31,7.01,Downsizing,Yes,Sophia Williams,6911
6912,New, ,Internal,Yes,6.8,27.1,Downsizing,No,Michael Chen,6912
6913,Neww,Null,Opendoor,No,15.39,8.73,Job Transfer,Yes,Emily Patel,6913
6914,Reviewed,Pending,Broker,No,14.34,6.68,Job Transfer,No,Samantha Pierce,6914
6915, Closed,Null,M L S,Yes,12.21,29.34,Investor Sale,No,Luis Garcia,6915
6916,Closed,Cancel,Opendoor,Yes,13.81,15.98,,No,Luis Garcia,6916
6917, Closed,Null,Internal,Yes,5.5,9.42,Downsizing,No,Sophia Williams,6917
6918,Neww, Close ,M L S,No,7.71,17.0,Investor Sale,,Amit Kumar,6918
6919,Cancelled,Pend, MLS,,11.13,16.27,Downsizing,,Emily Patel,6919
6920,New,Pend,Opendoor,Yes,4.81,7.23,Downsizing,No,Jessica Lin,6920
6921,Reviewed,Pending,M.L.S.,Yes,5.04,29.79,Investor Sale,No,Michael Chen,6921
6922,Neww,Cancel,M L S,No,8.28,12.67,Investor Sale,Yes,Jason Miller,6922
6923,Accepted Offer,Close,Auction.com,Yes,10.1,8.6,,,Jason Miller,6923
6924,Closed,Null,Bulk,Yes,16.84,17.11,Investor Sale,,Michael Chen,6924
6925,New,Close,M.L.S.,Yes,14.21,5.32,,,Jason Miller,6925
6926,Accepted Offer,Always Kick,Opendoor,,13.48,27.78,Downsizing,Yes,Jason Miller,6926
6927, Closed, Close ,Auction.com,Yes,10.11,17.98,Investor Sale,Yes,Michael Chen,6927
6928,Closed, Close ,Bulk,Yes,4.56,16.99,,Yes,Samantha Pierce,6928
6929,Offered,Cancel, MLS,Yes,19.93,5.28,Investor Sale,Yes,Samantha Pierce,6929
6930,New,Closed,Broker,No,9.26,13.19,Job Transfer,,Jessica Lin,6930
6931,New, Close ,Broker,Yes,9.54,18.56,Investor Sale,,Emily Patel,6931
6932,Cancelled,Always Kick, MLS,No,13.64,25.22,,,Emily Patel,6932
6933,Closed,Pending,M.L.S.,,6.19,13.56,,,Jason Miller,6933
6934,Neww,Pending,M.L.S.,No,5.49,26.81,Downsizing,No,Samantha Pierce,6934
6935,Offered,Always Kick,Auction.com,No,3.81,22.28,Downsizing,,Amit Kumar,6935
6936,Reviewed,Null, MLS,,16.99,25.92,Investor Sale,Yes,Emily Patel,6936
6937,Null,Closed,M.L.S.,No,6.92,6.06,Downsizing,Yes,Sophia Williams,6937
6938,Accepted Offer,Close,Internal,Yes,17.93,7.87,Job Transfer,No,Jason Miller,6938
6939, ,Pend,Bulk,Yes,9.49,20.84,Job Transfer,No,Priya Sharma,6939
6940, Closed,Available,Bulk,,10.58,24.07,Downsizing,No,Amit Kumar,6940
6941,Neww,Kick,M L S,,4.4,13.91,Job Transfer,,Jason Miller,6941
6942, ,Always Kick,Opendoor,Yes,17.08,25.79,Job Transfer,Yes,Luis Garcia,6942
6943,Offered,Pend,Auction.com,No,3.87,17.74,Job Transfer,No,Emily Patel,6943
6944,Null,Available, MLS,Yes,19.37,29.05,Downsizing,,Jason Miller,6944
6945,Reviewed,Pending,Bulk,Yes,17.46,29.51,Downsizing,,Emily Patel,6945
6946,Reviewed,Close,Auction.com,No,16.82,14.49,Downsizing,,Jessica Lin,6946
6947,Reviewed,Pending,Opendoor,Yes,7.69,19.63,,No,Michael Chen,6947
6948,Neww,Null, MLS,Yes,4.5,11.68,Job Transfer,No,David Thompson,6948
6949,Offered,Closed,M L S,No,12.85,6.37,Investor Sale,Yes,Amit Kumar,6949
6950, , Close ,Auction.com,,5.21,27.54,Downsizing,,Priya Sharma,6950
6951,Closed, Close ,Broker,Yes,2.33,12.67,,No,Michael Chen,6951
6952,Closed,Always Kick,Bulk,Yes,18.74,19.99,,No,Amit Kumar,6952
6953,Neww,Pending, MLS,,17.31,27.61,Downsizing,,David Thompson,6953
6954,Reviewed,Close,Bulk,No,2.11,16.32,Job Transfer,No,Priya Sharma,6954
6955,Closed,Available,M L S,,12.77,15.76,Downsizing,No,Amit Kumar,6955
6956, ,Cancel,M.L.S.,No,12.79,8.03,,Yes,Sophia Williams,6956
6957, Closed, Close ,Opendoor,Yes,7.37,12.48,,No,Sophia Williams,6957
6958, ,Null,Opendoor,Yes,12.25,9.02,Investor Sale,No,Luis Garcia,6958
6959,Closed,Pend,Internal,,4.92,21.63,Downsizing,Yes,David Thompson,6959
6960,Reviewed,Null,Opendoor,Yes,17.75,15.99,,,Emily Patel,6960
6961,New,Pending,Auction.com,,18.94,27.45,Investor Sale,Yes,Jason Miller,6961
6962,Accepted Offer,Kick,Internal,No,14.5,13.94,Investor Sale,No,Samantha Pierce,6962
6963,Null,Available, MLS,,18.97,11.0,Job Transfer,,Jason Miller,6963
6964,Accepted Offer,Cancel,Bulk,Yes,12.42,15.59,Downsizing,,Jason Miller,6964
6965,Closed,Available,M.L.S.,Yes,14.93,6.81,,,Jason Miller,6965
6966,New,Available,Auction.com,No,10.56,21.03,Job Transfer,No,Priya Sharma,6966
6967, ,Available,Bulk,No,9.36,24.41,Downsizing,,Luis Garcia,6967
6968,Offered,Closed, MLS,,9.74,20.69,,No,Luis Garcia,6968
6969,Closed,Close, MLS,Yes,17.9,14.56,,No,Samantha Pierce,6969
6970,Closed,Kick,Broker,,19.55,17.19,Job Transfer,Yes,David Thompson,6970
6971, Closed,Pend,Opendoor,No,11.01,16.41,Investor Sale,Yes,Sophia Williams,6971
6972,Closed,Null,Auction.com,Yes,19.83,29.07,Investor Sale,No,David Thompson,6972
6973, Closed,Closed, MLS,,17.26,21.49,Job Transfer,,David Thompson,6973
6974,Closed,Cancelled,Opendoor,,7.87,12.14,,,Amit Kumar,6974
6975,Neww, , MLS,,8.62,29.28,Investor Sale,,Samantha Pierce,6975
6976, ,Cancel,Auction.com,,11.54,26.96,,,Sophia Williams,6976
6977,Closed,Cancelled,Bulk,,9.07,13.42,Investor Sale,,Michael Chen,6977
6978, ,Closed,M.L.S.,Yes,3.71,14.16,Downsizing,Yes,Amit Kumar,6978
6979,Null, ,Opendoor,,9.3,17.28,Job Transfer,No,Luis Garcia,6979
6980, ,Cancelled, MLS,,13.98,18.04,,,Sophia Williams,6980
6981,Cancelled, Close ,Broker,No,7.93,17.45,Job Transfer,Yes,Emily Patel,6981
6982,New,Cancelled,M L S,,14.67,16.24,Job Transfer,,Amit Kumar,6982
6983, ,Kick,Broker,No,12.12,8.92,Investor Sale,Yes,David Thompson,6983
6984,Closed,Pend,Broker,,2.38,20.18,,No,Michael Chen,6984
6985,Null, Close ,M L S,No,14.68,24.73,Downsizing,,Priya Sharma,6985
6986,Neww,Cancel,Broker,No,18.39,15.49,Downsizing,,Jessica Lin,6986
6987,Accepted Offer,Close,M L S,,6.26,16.11,Investor Sale,Yes,Amit Kumar,6987
6988,Closed,Pend,Bulk,Yes,11.34,25.18,Investor Sale,No,Emily Patel,6988
6989,Closed,Cancelled,M L S,,18.27,9.81,Downsizing,Yes,Samantha Pierce,6989
6990,New,Close, MLS,Yes,18.92,25.0,Job Transfer,,Emily Patel,6990
6991,Neww, Close ,Internal,,12.79,5.55,Investor Sale,,Emily Patel,6991
6992,Cancelled, ,Auction.com,No,11.04,6.88,Job Transfer,Yes,David Thompson,6992
6993,Neww,Close,Internal,,5.77,22.47,,,Priya Sharma,6993
6994,Reviewed, , MLS,Yes,19.94,21.43,Downsizing,,Amit Kumar,6994
6995,Offered,Cancelled, MLS,,5.52,26.77,Job Transfer,No,Amit Kumar,6995
6996, Closed,Cancel,Auction.com,,4.04,14.27,Downsizing,No,Emily Patel,6996
6997,Neww,Closed,Internal,No,9.82,13.41,Downsizing,,Samantha Pierce,6997
6998,New,Pending,M.L.S.,Yes,6.13,14.97,Investor Sale,Yes,Amit Kumar,6998
6999,Offered,Pending,Auction.com,No,11.28,13.17,Investor Sale,Yes,Amit Kumar,6999
7000,Null,Cancelled, MLS,Yes,15.33,18.2,,Yes,Jessica Lin,7000
7001,Reviewed,Available,Auction.com,No,13.91,25.12,Downsizing,No,Amit Kumar,7001
7002,New, ,Opendoor,,12.61,27.33,,Yes,Michael Chen,7002
7003,Reviewed,Pending,Internal,Yes,15.48,27.98,Downsizing,No,David Thompson,7003
7004,Null,Close,Opendoor,No,5.4,23.88,Job Transfer,,Luis Garcia,7004
7005,Cancelled, Close , MLS,Yes,9.75,22.66,Job Transfer,,Priya Sharma,7005
7006,Offered,Pend,M.L.S.,,17.63,11.14,Downsizing,,Amit Kumar,7006
7007, ,Closed,Opendoor,No,3.79,23.8,Investor Sale,No,Sophia Williams,7007
7008,Neww,Pend, MLS,,16.86,26.49,Investor Sale,,Jason Miller,7008
7009,New,Close,Auction.com,Yes,9.18,25.7,,,Michael Chen,7009
7010,New,Closed,Broker,Yes,10.9,22.76,Downsizing,No,David Thompson,7010
7011, , , MLS,Yes,18.54,25.18,Job Transfer,Yes,Jason Miller,7011
7012,Null,Pend,M L S,Yes,3.94,29.11,Investor Sale,Yes,Jason Miller,7012
7013,Cancelled,Close,M L S,No,2.56,6.37,Investor Sale,No,Michael Chen,7013
7014, Closed,Always Kick,Opendoor,Yes,12.32,20.9,,,Jason Miller,7014
7015,Closed,Pending,M.L.S.,,8.05,17.38,,No,Jessica Lin,7015
7016, Closed,Null,Broker,,15.03,16.99,,No,Priya Sharma,7016
7017,New,Pending,M.L.S.,,9.48,12.47,,No,David Thompson,7017
7018, Closed,Closed, MLS,No,9.14,24.91,,Yes,Sophia Williams,7018
7019, ,Close, MLS,,16.42,28.32,,,Priya Sharma,7019
7020,Accepted Offer, Close ,M L S,No,3.69,14.7,,Yes,Priya Sharma,7020
7021,Reviewed,Close, MLS,No,10.39,25.87,Downsizing,Yes,Emily Patel,7021
7022,Neww,Close, MLS,,7.78,28.86,Investor Sale,Yes,Sophia Williams,7022
7023, ,Cancelled,Opendoor,No,12.18,11.97,Job Transfer,,David Thompson,7023
7024,Cancelled,Cancel,Internal,Yes,11.5,20.46,Downsizing,No,David Thompson,7024
7025,Reviewed,Cancel,Bulk,Yes,18.82,5.71,,No,Luis Garcia,7025
7026, Closed, Close ,Broker,,16.55,12.04,Downsizing,Yes,Sophia Williams,7026
7027,Reviewed,Close, MLS,,13.99,12.98,Downsizing,Yes,Priya Sharma,7027
7028,Null,Cancel,M L S,Yes,9.01,7.44,Job Transfer,,Emily Patel,7028
7029, , Close ,Internal,No,14.04,19.57,Downsizing,No,Michael Chen,7029
7030,Closed,Pend,Internal,Yes,19.61,11.42,Downsizing,,Emily Patel,7030
7031, ,Cancelled,Bulk,Yes,10.74,8.86,Job Transfer,,Samantha Pierce,7031
7032,Neww,Pend, MLS,,10.87,17.27,Downsizing,No,Samantha Pierce,7032
7033, Closed,Close,Auction.com,,16.43,20.54,Downsizing,,Michael Chen,7033
7034,Accepted Offer,Cancel,M L S,Yes,13.44,13.46,Downsizing,,Emily Patel,7034
7035,Closed,Cancel,Internal,,16.82,28.66,Downsizing,No,Michael Chen,7035
7036,Accepted Offer, Close ,M L S,,13.38,7.52,,,Sophia Williams,7036
7037,Closed,Null,Bulk,,13.67,21.24,,Yes,Sophia Williams,7037
7038,Closed,Close,M L S,No,15.49,10.2,Job Transfer,,Sophia Williams,7038
7039,Cancelled,Pend,Internal,Yes,2.6,8.07,Downsizing,No,David Thompson,7039
7040, Closed, Close ,Internal,No,14.37,17.75,Downsizing,,Emily Patel,7040
7041,Reviewed,Pending,Bulk,Yes,3.6,19.07,,Yes,Michael Chen,7041
7042,Neww,Available,Internal,No,19.83,5.05,Job Transfer,No,Sophia Williams,7042
7043,Neww,Closed,Bulk,,5.72,27.06,Job Transfer,,Priya Sharma,7043
7044, Closed,Null,Auction.com,No,10.99,12.28,Job Transfer,,Luis Garcia,7044
7045, ,Close, MLS,No,7.53,28.69,Job Transfer,Yes,Luis Garcia,7045
7046, Closed,Pending,M.L.S.,Yes,19.21,23.7,,,Jessica Lin,7046
7047,Null,Pending,Opendoor,Yes,18.15,9.73,Investor Sale,Yes,Emily Patel,7047
7048, Closed,Always Kick,Opendoor,Yes,5.57,21.93,,No,Michael Chen,7048
7049,Closed,Kick,Internal,,9.57,21.46,Downsizing,,Priya Sharma,7049
7050,Null,Always Kick,Broker,Yes,12.78,19.9,Downsizing,,Emily Patel,7050
7051,New,Closed,Auction.com,No,15.45,16.94,,,Luis Garcia,7051
7052, , Close ,Auction.com,No,12.13,15.87,Investor Sale,,Michael Chen,7052
7053,Cancelled,Close,Internal,,3.88,28.04,Investor Sale,,Jason Miller,7053
7054,Offered, ,Broker,No,9.46,21.66,Downsizing,No,Priya Sharma,7054
7055,Accepted Offer,Available,Broker,No,12.19,26.36,Investor Sale,,Emily Patel,7055
7056,New,Kick, MLS,,11.53,14.94,Investor Sale,,Michael Chen,7056
7057, Closed, ,Auction.com,No,6.97,20.01,Investor Sale,,Priya Sharma,7057
7058,Offered,Closed,M L S,No,11.63,5.24,Job Transfer,,Luis Garcia,7058
7059,Cancelled,Pend,M.L.S.,,17.97,13.63,Job Transfer,,Samantha Pierce,7059
7060,Neww,Closed,Internal,No,19.44,25.52,Job Transfer,No,Luis Garcia,7060
7061, ,Always Kick,Bulk,,2.48,6.81,,No,David Thompson,7061
7062,New,Pending,Bulk,Yes,4.94,22.5,Downsizing,,David Thompson,7062
7063,Reviewed,Available,Broker,,11.9,7.75,Downsizing,,Jason Miller,7063
7064,Neww,Cancel,M L S,,2.64,8.22,,,Michael Chen,7064
7065,Reviewed,Null,Bulk,Yes,14.47,10.17,Downsizing,Yes,Samantha Pierce,7065
7066,Cancelled,Null,Auction.com,No,3.46,23.77,Downsizing,No,Michael Chen,7066
7067,Cancelled,Null, MLS,No,4.49,27.09,Investor Sale,,Michael Chen,7067
7068, ,Always Kick,Opendoor,Yes,16.32,5.56,Investor Sale,No,Amit Kumar,7068
7069,Accepted Offer,Cancelled,Auction.com,Yes,7.34,14.56,,,Jessica Lin,7069
7070,Null,Available,M L S,No,14.35,14.77,,No,Jason Miller,7070
7071, Closed,Kick, MLS,Yes,6.1,18.56,Investor Sale,Yes,Priya Sharma,7071
7072,Offered, Close , MLS,No,17.12,25.1,Downsizing,,David Thompson,7072
7073,Offered,Closed,M.L.S.,No,12.13,20.54,Investor Sale,No,Samantha Pierce,7073
7074,Offered,Cancel,Bulk,Yes,2.86,16.25,Job Transfer,Yes,Jason Miller,7074
7075,Accepted Offer,Pend,Auction.com,Yes,15.69,9.96,,No,Michael Chen,7075
7076,Offered,Pend,M L S,Yes,4.82,22.47,Job Transfer,,Jason Miller,7076
7077,Accepted Offer,Close,Internal,No,13.18,16.43,Investor Sale,Yes,Samantha Pierce,7077
7078, ,Cancel,M L S,Yes,12.71,14.65,Investor Sale,No,Sophia Williams,7078
7079,Accepted Offer,Cancel,Bulk,Yes,18.25,29.28,Downsizing,Yes,Sophia Williams,7079
7080,New,Closed,Internal,,5.03,10.71,Downsizing,Yes,Jessica Lin,7080
7081,Null,Closed,Internal,No,16.54,15.29,Investor Sale,,Samantha Pierce,7081
7082,Cancelled,Pending,Auction.com,Yes,13.19,16.19,Investor Sale,,Amit Kumar,7082
7083,Reviewed,Close,Auction.com,Yes,15.34,23.18,Downsizing,Yes,Michael Chen,7083
7084,Closed,Cancelled,Broker,No,9.41,13.44,Downsizing,Yes,Jessica Lin,7084
7085,Accepted Offer,Cancel, MLS,No,13.08,14.56,Job Transfer,No,Sophia Williams,7085
7086,Neww, Close , MLS,No,12.13,24.47,Investor Sale,,Amit Kumar,7086
7087,Cancelled,Cancel,M.L.S.,No,13.07,16.82,Downsizing,Yes,Jason Miller,7087
7088,Offered,Null,Auction.com,No,12.13,15.92,Job Transfer,Yes,Amit Kumar,7088
7089,Reviewed,Available,Auction.com,No,5.72,16.73,,,Michael Chen,7089
7090,Null,Pending,Internal,No,17.35,6.52,,,Samantha Pierce,7090
7091,Neww, Close , MLS,Yes,18.21,8.16,Investor Sale,Yes,David Thompson,7091
7092,Closed,Always Kick,Auction.com,Yes,2.47,11.95,Job Transfer,,Amit Kumar,7092
7093,Neww,Pend,M.L.S.,No,7.92,6.19,,No,Emily Patel,7093
7094,New,Cancelled,M.L.S.,No,4.89,23.78,Investor Sale,No,Jason Miller,7094
7095,Offered,Always Kick, MLS,,12.59,24.85,Job Transfer,Yes,Luis Garcia,7095
7096, ,Available,Broker,,19.09,21.26,Job Transfer,No,Emily Patel,7096
7097,Accepted Offer,Cancel,M.L.S.,Yes,14.28,8.72,,Yes,David Thompson,7097
7098, ,Pend,Bulk,No,3.39,11.22,Investor Sale,,Samantha Pierce,7098
7099,Offered,Available,Auction.com,No,11.41,21.83,,,Jason Miller,7099
7100,Null,Pend, MLS,,4.39,16.13,Investor Sale,,Jessica Lin,7100
7101,Null,Null,Internal,Yes,10.1,15.85,Downsizing,Yes,David Thompson,7101
7102,Closed,Always Kick,M L S,No,9.57,21.43,Downsizing,,Sophia Williams,7102
7103, ,Pending,M.L.S.,,11.8,6.01,Job Transfer,Yes,Jason Miller,7103
7104, Closed,Pending,M L S,Yes,6.89,7.99,Downsizing,,Sophia Williams,7104
7105,Accepted Offer,Pending,Bulk,No,10.05,22.57,Downsizing,,Priya Sharma,7105
7106,Offered,Pending,Auction.com,No,10.97,20.65,Investor Sale,No,Amit Kumar,7106
7107,Reviewed,Cancelled,Internal,Yes,10.45,6.02,Downsizing,Yes,Luis Garcia,7107
7108,New,Null,Auction.com,,16.0,12.07,Downsizing,No,Sophia Williams,7108
7109,Offered,Available,Auction.com,,7.77,25.49,Downsizing,No,Sophia Williams,7109
7110,Null,Pend, MLS,No,9.63,29.21,Downsizing,No,Sophia Williams,7110
7111,New,Pend,Broker,No,14.43,11.06,Job Transfer,No,Michael Chen,7111
7112,New,Cancelled,Bulk,No,9.25,21.96,,No,Luis Garcia,7112
7113, Closed,Available,Auction.com,No,9.74,9.15,Investor Sale,Yes,David Thompson,7113
7114,New,Closed,Auction.com,Yes,5.07,24.06,Job Transfer,,Samantha Pierce,7114
7115,Offered, ,Auction.com,Yes,4.97,26.77,Job Transfer,Yes,Sophia Williams,7115
7116,Offered,Pending,Broker,,9.36,7.74,Downsizing,,Luis Garcia,7116
7117,New, ,Auction.com,Yes,7.33,12.78,Job Transfer,,Samantha Pierce,7117
7118,Null,Cancelled,M L S,No,4.94,9.72,,,David Thompson,7118
7119,Cancelled,Close,M.L.S.,Yes,8.65,19.99,Job Transfer,Yes,David Thompson,7119
7120,Neww, Close ,Internal,Yes,17.2,15.9,Investor Sale,,Priya Sharma,7120
7121,Closed,Pend,Bulk,Yes,7.83,11.02,Investor Sale,,Priya Sharma,7121
7122, ,Cancel,Broker,,8.73,16.16,Investor Sale,Yes,Jason Miller,7122
7123,Reviewed,Null,Auction.com,,10.69,10.48,Job Transfer,,Amit Kumar,7123
7124,Neww,Cancel,Bulk,Yes,13.37,29.55,Investor Sale,,Samantha Pierce,7124
7125,Accepted Offer,Kick,Auction.com,,15.8,19.07,Downsizing,Yes,Amit Kumar,7125
7126,Reviewed,Close,Bulk,Yes,14.85,8.63,,,Samantha Pierce,7126
7127, Closed, , MLS,,9.5,8.18,Investor Sale,Yes,Sophia Williams,7127
7128,Accepted Offer,Pend,Opendoor,,18.73,13.72,,Yes,Emily Patel,7128
7129,Closed,Closed, MLS,,3.9,11.81,Investor Sale,No,Priya Sharma,7129
7130,Offered,Kick,Opendoor,Yes,13.93,6.8,Investor Sale,,Jessica Lin,7130
7131,Reviewed,Always Kick, MLS,,4.3,27.39,Investor Sale,No,Amit Kumar,7131
7132,Reviewed, ,Bulk,Yes,15.66,20.53,Job Transfer,No,David Thompson,7132
7133,Closed, Close ,M.L.S.,Yes,8.92,25.78,Downsizing,,David Thompson,7133
7134,Null,Cancelled,Internal,Yes,12.6,13.64,,Yes,Jessica Lin,7134
7135,Offered,Close,Internal,No,5.51,24.21,Investor Sale,Yes,Luis Garcia,7135
7136,Accepted Offer,Cancelled,Broker,No,9.43,23.78,Job Transfer,No,Jessica Lin,7136
7137, ,Available,Bulk,No,5.4,12.22,Downsizing,Yes,Michael Chen,7137
7138, Closed,Pend,Opendoor,,7.99,8.59,,,Michael Chen,7138
7139,Null,Always Kick,Opendoor,,4.9,18.98,,,Amit Kumar,7139
7140,Offered,Always Kick,Opendoor,No,6.45,16.63,Investor Sale,,Sophia Williams,7140
7141,Null,Pend,Internal,,6.79,5.1,,Yes,Jason Miller,7141
7142,Closed,Close,Internal,No,18.47,8.49,Job Transfer,,Samantha Pierce,7142
7143,Cancelled,Pending,M.L.S.,Yes,12.91,14.82,,,Luis Garcia,7143
7144,Neww, Close ,Opendoor,,16.37,9.32,,,David Thompson,7144
7145,Offered,Pending,Opendoor,Yes,17.53,25.48,Downsizing,,Emily Patel,7145
7146,Closed,Cancel,Internal,,11.61,23.33,Investor Sale,Yes,Luis Garcia,7146
7147, Closed,Cancelled,M L S,,12.8,8.93,Investor Sale,No,Luis Garcia,7147
7148,Neww,Kick, MLS,,9.73,16.79,Job Transfer,Yes,Priya Sharma,7148
7149,Cancelled,Always Kick,Bulk,Yes,2.83,16.67,,,Jason Miller,7149
7150,Offered,Pending,Opendoor,No,10.14,26.89,Downsizing,Yes,Emily Patel,7150
7151, ,Pend,Broker,,18.31,19.67,Job Transfer,,David Thompson,7151
7152, ,Pend,Auction.com,Yes,8.6,21.0,Downsizing,Yes,Amit Kumar,7152
7153,Neww,Close,Broker,Yes,18.27,14.86,Job Transfer,,David Thompson,7153
7154, ,Close,M.L.S.,Yes,16.04,19.02,Job Transfer,No,Amit Kumar,7154
7155,Cancelled, ,Internal,Yes,19.4,6.18,,No,Samantha Pierce,7155
7156,Offered,Closed, MLS,No,15.14,10.66,Downsizing,No,Michael Chen,7156
7157, Closed,Available,Opendoor,,5.1,7.77,Investor Sale,,Amit Kumar,7157
7158,Accepted Offer,Closed,Bulk,Yes,12.19,22.67,Downsizing,,David Thompson,7158
7159,Null, Close ,Opendoor,Yes,16.74,29.96,,,Jason Miller,7159
7160, Closed,Available,Opendoor,Yes,16.55,9.53,Downsizing,Yes,Michael Chen,7160
7161,New, Close ,M.L.S.,Yes,3.79,27.07,,Yes,Amit Kumar,7161
7162,Null,Close, MLS,No,13.26,17.81,,Yes,Luis Garcia,7162
7163, ,Close,Internal,No,2.06,21.74,Downsizing,,Jessica Lin,7163
7164,Offered,Null,M L S,No,8.21,15.1,Downsizing,No,Michael Chen,7164
7165,New,Pend,Bulk,,13.09,17.35,Job Transfer,Yes,Samantha Pierce,7165
7166,Offered,Available,Opendoor,Yes,16.58,29.38,,No,Samantha Pierce,7166
7167,Cancelled,Available,M.L.S.,,17.35,27.23,Investor Sale,No,Emily Patel,7167
7168,Reviewed, ,M.L.S.,,17.03,25.17,,,Amit Kumar,7168
7169,Neww,Available, MLS,No,6.05,9.59,Downsizing,No,Jessica Lin,7169
7170, Closed,Null, MLS,Yes,18.17,16.75,,No,Samantha Pierce,7170
7171, ,Cancel,M L S,,3.89,16.12,Investor Sale,,Jason Miller,7171
7172,Neww,Cancel,Broker,,18.6,25.65,Downsizing,,Amit Kumar,7172
7173, Closed,Null,Broker,Yes,13.73,21.77,Investor Sale,,Amit Kumar,7173
7174,Neww,Close,Opendoor,Yes,19.63,29.01,Job Transfer,Yes,Jessica Lin,7174
7175,Cancelled,Null,M L S,,15.55,20.86,Downsizing,Yes,Jessica Lin,7175
7176,Null,Null,Internal,Yes,15.99,13.8,,No,Sophia Williams,7176
7177,Cancelled,Available,Bulk,,10.22,26.58,Investor Sale,,Samantha Pierce,7177
7178, Closed,Closed,Bulk,No,6.89,16.65,Investor Sale,No,Amit Kumar,7178
7179,Offered,Always Kick,Broker,,18.15,9.93,Downsizing,Yes,Sophia Williams,7179
7180,Closed,Null, MLS,,10.66,23.96,Investor Sale,No,Emily Patel,7180
7181,Offered,Available,M L S,No,14.11,20.14,Job Transfer,No,Michael Chen,7181
7182, Closed, ,Internal,Yes,4.35,16.12,Investor Sale,,Samantha Pierce,7182
7183, ,Pend,Broker,No,15.28,11.95,Investor Sale,No,Jessica Lin,7183
7184,Closed,Always Kick, MLS,No,15.21,19.55,Investor Sale,Yes,David Thompson,7184
7185,Accepted Offer, Close ,Broker,No,2.69,13.15,Downsizing,Yes,Jason Miller,7185
7186, Closed,Cancel,Auction.com,,18.5,6.07,,No,David Thompson,7186
7187, Closed, ,Broker,No,18.11,15.27,Investor Sale,,Samantha Pierce,7187
7188, Closed,Null,Bulk,No,10.09,6.64,Job Transfer,Yes,Priya Sharma,7188
7189,Reviewed,Always Kick,Bulk,No,13.85,19.34,,,Luis Garcia,7189
7190,Closed, ,Bulk,No,15.06,11.44,Job Transfer,No,David Thompson,7190
7191,Accepted Offer,Kick, MLS,,10.02,20.44,Job Transfer,,David Thompson,7191
7192, Closed, ,Internal,Yes,2.63,12.31,Investor Sale,Yes,Priya Sharma,7192
7193, Closed,Cancelled,Broker,No,8.85,11.5,Investor Sale,Yes,Jason Miller,7193
7194,New,Cancelled,Broker,Yes,5.06,5.8,Investor Sale,No,Sophia Williams,7194
7195,Null,Kick,Opendoor,Yes,16.75,24.88,Job Transfer,No,Priya Sharma,7195
7196,Offered,Kick,Opendoor,Yes,6.43,18.91,Downsizing,No,Emily Patel,7196
7197,Offered,Pend,M.L.S.,No,2.78,11.78,Downsizing,,Priya Sharma,7197
7198, Closed, Close ,M L S,,11.23,27.79,Job Transfer,Yes,Emily Patel,7198
7199,Accepted Offer,Kick,Broker,No,6.83,13.52,Job Transfer,,Jason Miller,7199
7200,Neww,Cancel,Auction.com,Yes,5.68,23.94,Downsizing,Yes,Sophia Williams,7200
7201,Reviewed,Pending,Internal,Yes,16.69,15.38,,No,Luis Garcia,7201
7202,Neww,Pending,Internal,,3.03,27.43,Job Transfer,No,Luis Garcia,7202
7203,Reviewed,Close,Broker,,10.04,6.47,Downsizing,No,Luis Garcia,7203
7204, Closed, ,Internal,No,12.24,17.3,Job Transfer,Yes,Sophia Williams,7204
7205,Closed,Pending,M L S,Yes,12.01,16.27,Investor Sale,Yes,David Thompson,7205
7206,Closed,Kick,Opendoor,Yes,18.34,21.43,Investor Sale,Yes,Sophia Williams,7206
7207,Accepted Offer,Closed,Bulk,,14.3,20.41,Downsizing,No,David Thompson,7207
7208,Closed,Closed,Broker,,14.04,26.61,Downsizing,,David Thompson,7208
7209,Reviewed,Cancel,Auction.com,No,10.42,19.78,Downsizing,Yes,Priya Sharma,7209
7210,Neww,Close,Auction.com,,13.94,13.23,Job Transfer,No,Emily Patel,7210
7211,Closed, Close ,Opendoor,No,3.52,21.16,,No,Jason Miller,7211
7212,Cancelled, Close ,Opendoor,Yes,8.61,27.63,,,Samantha Pierce,7212
7213,New,Pending,Internal,,6.26,6.58,Investor Sale,Yes,Michael Chen,7213
7214,New,Kick,M L S,Yes,12.76,11.64,,Yes,Michael Chen,7214
7215, ,Null,Broker,No,13.59,23.28,Investor Sale,No,Luis Garcia,7215
7216,Cancelled,Available,M.L.S.,No,6.29,12.26,Investor Sale,No,Jessica Lin,7216
7217,Reviewed,Cancel,Auction.com,No,9.47,28.69,,,Jason Miller,7217
7218,Null,Kick,M.L.S.,Yes,16.6,23.6,Investor Sale,Yes,Michael Chen,7218
7219,Cancelled,Always Kick,Auction.com,Yes,9.89,21.8,Investor Sale,No,Samantha Pierce,7219
7220,Offered,Kick,Internal,Yes,19.15,18.7,Investor Sale,Yes,Jason Miller,7220
7221,Null,Cancel,Auction.com,Yes,12.0,21.66,,,Luis Garcia,7221
7222,Closed,Cancelled,Opendoor,Yes,4.79,21.93,Investor Sale,,Sophia Williams,7222
7223,Accepted Offer,Pending,Opendoor,Yes,5.15,22.53,Job Transfer,Yes,Luis Garcia,7223
7224,Neww,Cancel,M.L.S.,,9.99,23.9,Investor Sale,,Emily Patel,7224
7225,Reviewed, Close ,M.L.S.,No,16.31,11.29,Downsizing,No,Amit Kumar,7225
7226,Closed,Cancel,Opendoor,No,2.11,27.07,Investor Sale,,Sophia Williams,7226
7227,Reviewed,Cancel,M.L.S.,Yes,9.0,25.29,Investor Sale,,Michael Chen,7227
7228,Closed, ,Internal,,16.65,28.13,,Yes,Michael Chen,7228
7229, ,Available,Auction.com,,3.38,5.67,,Yes,Sophia Williams,7229
7230,Offered,Cancelled,M L S,,5.95,10.76,,Yes,Luis Garcia,7230
7231,Offered,Pend,M.L.S.,Yes,6.79,16.57,Investor Sale,Yes,Priya Sharma,7231
7232,Neww,Cancelled,Auction.com,No,13.47,19.78,,,Jessica Lin,7232
7233, ,Pending,Bulk,No,9.8,20.54,Investor Sale,Yes,Samantha Pierce,7233
7234,Accepted Offer,Pending,Bulk,No,16.3,21.82,Job Transfer,,Luis Garcia,7234
7235,Neww,Null,Broker,No,14.41,14.19,Investor Sale,,David Thompson,7235
7236,Neww,Available,Bulk,,5.13,14.6,Job Transfer,No,Amit Kumar,7236
7237,Accepted Offer,Pending,Internal,No,4.53,27.61,Downsizing,No,David Thompson,7237
7238, Closed,Kick,Bulk,,8.3,13.69,Downsizing,No,Priya Sharma,7238
7239,Accepted Offer, Close ,Broker,Yes,18.49,9.13,,No,Sophia Williams,7239
7240,Closed,Kick,M L S,No,15.12,7.26,Downsizing,Yes,David Thompson,7240
7241,New, Close , MLS,,17.68,26.36,Downsizing,,Jason Miller,7241
7242,Cancelled,Pending,Bulk,No,15.41,18.36,Investor Sale,No,Luis Garcia,7242
7243,New,Close,Opendoor,No,19.59,11.31,Downsizing,No,Jessica Lin,7243
7244,Accepted Offer,Close,M L S,Yes,11.84,14.69,Investor Sale,,Samantha Pierce,7244
7245,Cancelled, Close ,Opendoor,No,4.03,17.24,,Yes,Jessica Lin,7245
7246,Cancelled,Available, MLS,Yes,13.19,12.46,Investor Sale,No,Jessica Lin,7246
7247,Null,Always Kick,Internal,No,9.49,6.27,Investor Sale,,Jason Miller,7247
7248,Reviewed, Close ,Broker,Yes,13.03,10.88,Investor Sale,Yes,Sophia Williams,7248
7249,Offered,Cancel,Auction.com,No,16.15,23.93,Investor Sale,No,Samantha Pierce,7249
7250,Null,Null,Opendoor,,14.05,11.04,Job Transfer,No,Luis Garcia,7250
7251, ,Pending,M L S,Yes,18.6,9.13,Investor Sale,,Priya Sharma,7251
7252,New, Close ,M L S,,11.89,22.58,,,Michael Chen,7252
7253,New,Available,M L S,No,5.36,26.31,Investor Sale,No,Priya Sharma,7253
7254,Neww,Closed,Internal,Yes,16.93,11.39,,,Jessica Lin,7254
7255,Offered,Close, MLS,No,16.31,25.14,Job Transfer,No,Sophia Williams,7255
7256,Reviewed,Always Kick,Bulk,,17.33,28.56,Job Transfer,Yes,Amit Kumar,7256
7257,Offered,Available,Opendoor,Yes,19.66,25.68,Job Transfer,No,Jessica Lin,7257
7258,Neww,Null,M L S,Yes,19.07,14.78,Investor Sale,No,Samantha Pierce,7258
7259,Neww, Close ,Bulk,Yes,19.45,10.19,Investor Sale,Yes,Sophia Williams,7259
7260,Reviewed, Close ,Auction.com,,5.68,20.26,,Yes,Priya Sharma,7260
7261,Reviewed,Pend,Opendoor,,17.53,21.74,,Yes,Michael Chen,7261
7262,Accepted Offer,Cancelled,M L S,,8.85,16.68,Job Transfer,No,Jason Miller,7262
7263,Neww, Close ,Opendoor,Yes,7.13,25.76,Investor Sale,,Jason Miller,7263
7264,Cancelled, Close ,Internal,,7.83,8.31,Investor Sale,Yes,Michael Chen,7264
7265,New,Null,Internal,,5.85,7.33,,No,Samantha Pierce,7265
7266,Cancelled,Close,Internal,,12.06,17.89,Investor Sale,,Luis Garcia,7266
7267,Reviewed,Kick,Bulk,No,5.65,24.14,Investor Sale,No,Jessica Lin,7267
7268,Accepted Offer,Cancel,Broker,No,16.61,13.45,,No,Luis Garcia,7268
7269,Null,Closed,Broker,Yes,10.27,16.23,Downsizing,,Priya Sharma,7269
7270,Null,Available,Internal,,11.9,17.15,,No,Samantha Pierce,7270
7271,Cancelled,Pending,Auction.com,Yes,7.15,5.24,Investor Sale,No,Emily Patel,7271
7272,Cancelled, Close ,M.L.S.,,4.1,9.01,,,Jason Miller,7272
7273,Null,Pend,M L S,Yes,2.91,20.95,Investor Sale,,Michael Chen,7273
7274,Cancelled,Cancelled,Auction.com,No,13.23,8.01,Downsizing,Yes,Jessica Lin,7274
7275,Neww,Always Kick,Broker,Yes,7.78,11.11,Downsizing,Yes,Amit Kumar,7275
7276,Cancelled,Always Kick,M L S,No,11.71,23.61,Investor Sale,No,Amit Kumar,7276
7277,New,Null,Auction.com,,18.53,25.05,Downsizing,Yes,Luis Garcia,7277
7278, ,Pend,M.L.S.,No,17.0,25.35,Investor Sale,,Emily Patel,7278
7279,New, , MLS,Yes,13.43,17.14,Investor Sale,No,David Thompson,7279
7280, Closed,Pending,Internal,,16.96,6.47,Job Transfer,,Priya Sharma,7280
7281,New,Closed,Auction.com,Yes,17.87,28.67,,No,Sophia Williams,7281
7282,Neww, Close ,M.L.S.,Yes,12.15,23.05,Job Transfer,,Samantha Pierce,7282
7283, ,Null,Internal,Yes,6.57,15.83,Downsizing,Yes,Sophia Williams,7283
7284,New,Cancelled,Opendoor,Yes,5.11,20.43,Investor Sale,No,Sophia Williams,7284
7285, ,Cancel,M.L.S.,No,6.94,18.6,Downsizing,,Sophia Williams,7285
7286, ,Always Kick,Internal,No,5.16,22.76,,Yes,Jason Miller,7286
7287,Offered,Cancel,M.L.S.,Yes,2.55,18.09,Job Transfer,No,Samantha Pierce,7287
7288,Null,Pending,M L S,,4.11,18.04,,Yes,Emily Patel,7288
7289,Reviewed,Kick,Opendoor,Yes,12.08,29.18,Investor Sale,,Jessica Lin,7289
7290, Closed,Available,M.L.S.,Yes,11.2,29.58,Job Transfer,No,Jessica Lin,7290
7291,New,Pending,Opendoor,Yes,12.24,18.52,Job Transfer,Yes,Priya Sharma,7291
7292,Offered,Pending,Broker,No,12.01,26.31,,,Samantha Pierce,7292
7293,New,Closed,M.L.S.,Yes,15.73,8.78,,Yes,Samantha Pierce,7293
7294,Cancelled,Cancel, MLS,,17.14,10.4,Investor Sale,No,Amit Kumar,7294
7295,Reviewed,Pend,Opendoor,No,18.91,9.36,Investor Sale,No,Sophia Williams,7295
7296,Reviewed,Pend,M.L.S.,,9.31,11.56,,Yes,Jason Miller,7296
7297,Neww,Null,Bulk,No,17.92,15.87,Downsizing,,Jason Miller,7297
7298,Cancelled,Kick,Internal,Yes,6.34,26.46,Investor Sale,No,Michael Chen,7298
7299,New,Kick,M L S,,3.74,19.78,Investor Sale,,Sophia Williams,7299
7300,Cancelled,Null,M.L.S.,Yes,11.91,19.35,Downsizing,No,Jason Miller,7300
7301, Closed,Kick,Broker,,4.65,8.25,,,Jessica Lin,7301
7302,Accepted Offer, Close , MLS,No,11.64,28.12,Investor Sale,,Priya Sharma,7302
7303, Closed,Available, MLS,Yes,19.99,11.3,Investor Sale,Yes,Amit Kumar,7303
7304,Cancelled,Pending,Broker,,19.72,18.78,Job Transfer,,David Thompson,7304
7305, Closed,Pending,M.L.S.,Yes,8.05,22.75,,No,Luis Garcia,7305
7306,Offered,Close,Auction.com,,19.75,18.04,Job Transfer,,Sophia Williams,7306
7307,Null, ,Auction.com,Yes,17.13,13.43,Downsizing,Yes,Jason Miller,7307
7308,Reviewed, Close , MLS,No,7.51,25.05,Job Transfer,No,Priya Sharma,7308
7309,Closed,Pend,Opendoor,Yes,6.39,25.7,Investor Sale,,Sophia Williams,7309
7310, Closed, ,M L S,,6.75,6.85,Downsizing,Yes,Amit Kumar,7310
7311,Cancelled,Cancel,Broker,Yes,12.25,21.98,Downsizing,Yes,Priya Sharma,7311
7312,Closed,Pend,Auction.com,No,5.91,29.16,Downsizing,Yes,David Thompson,7312
7313, Closed,Cancelled,M.L.S.,Yes,18.89,14.18,Downsizing,Yes,Jessica Lin,7313
7314,New,Pending,Auction.com,No,2.97,27.43,,No,Jason Miller,7314
7315,Null,Always Kick,M L S,Yes,2.52,19.52,Investor Sale,No,Sophia Williams,7315
7316,Accepted Offer,Null, MLS,Yes,6.11,20.19,,No,Luis Garcia,7316
7317,New, ,Opendoor,Yes,4.83,28.31,Job Transfer,,Emily Patel,7317
7318,Offered,Cancelled,M L S,Yes,7.28,25.0,Downsizing,,Priya Sharma,7318
7319, ,Close,Bulk,No,18.89,20.33,,,Samantha Pierce,7319
7320, Closed,Cancel,Opendoor,,11.77,22.05,,,Michael Chen,7320
7321,Accepted Offer,Closed,Opendoor,Yes,16.25,15.37,Job Transfer,,Luis Garcia,7321
7322,Neww,Cancel,M L S,Yes,14.28,11.22,Job Transfer,,Jessica Lin,7322
7323,Neww, Close ,Opendoor,Yes,3.87,14.38,,No,Sophia Williams,7323
7324,Neww,Always Kick,Auction.com,No,14.77,15.14,Downsizing,,Samantha Pierce,7324
7325,New, ,Broker,Yes,7.69,23.7,Downsizing,Yes,David Thompson,7325
7326,Offered,Kick,Auction.com,No,2.38,10.17,Downsizing,Yes,Jessica Lin,7326
7327,Reviewed,Close,Bulk,Yes,9.3,22.45,Investor Sale,Yes,Sophia Williams,7327
7328,Closed,Close,M.L.S.,,9.52,7.42,Job Transfer,,Amit Kumar,7328
7329,Null,Close, MLS,,16.95,6.26,,,Samantha Pierce,7329
7330, ,Close, MLS,No,5.06,22.92,Investor Sale,,Luis Garcia,7330
7331,Reviewed, Close ,M L S,No,13.9,11.16,Investor Sale,,Michael Chen,7331
7332,Reviewed,Cancel,Bulk,No,7.46,17.91,Investor Sale,Yes,Sophia Williams,7332
7333,Cancelled,Closed,Bulk,,4.92,18.03,Investor Sale,,Priya Sharma,7333
7334,Null,Cancel, MLS,Yes,7.91,29.44,Downsizing,No,Samantha Pierce,7334
7335,Offered,Cancelled,M.L.S.,Yes,6.76,13.4,Downsizing,No,Emily Patel,7335
7336,Neww, , MLS,No,5.4,21.59,Job Transfer,Yes,Sophia Williams,7336
7337,Null, Close ,Bulk,,2.92,17.04,Downsizing,No,Michael Chen,7337
7338, Closed,Close, MLS,,2.55,5.11,Downsizing,,Samantha Pierce,7338
7339,Neww,Pend,M.L.S.,No,6.97,7.1,Investor Sale,No,David Thompson,7339
7340,Cancelled,Always Kick,M L S,Yes,9.76,7.33,,,Sophia Williams,7340
7341, , ,Auction.com,,9.28,16.31,Job Transfer,Yes,Michael Chen,7341
7342,Null, Close , MLS,No,9.36,10.18,Downsizing,,Luis Garcia,7342
7343,Null,Cancelled, MLS,,7.37,13.24,Job Transfer,No,Sophia Williams,7343
7344,Null,Kick,Internal,Yes,3.15,27.06,Investor Sale,No,Sophia Williams,7344
7345,Reviewed, ,M L S,,9.72,13.76,Downsizing,,Amit Kumar,7345
7346,New,Available,Auction.com,Yes,3.71,28.24,,No,Luis Garcia,7346
7347,Closed, ,M.L.S.,,3.42,27.13,Downsizing,Yes,Sophia Williams,7347
7348,Cancelled,Kick,Broker,,16.02,10.45,Investor Sale,No,Emily Patel,7348
7349,Offered,Cancelled,M.L.S.,No,6.47,28.29,Investor Sale,No,Sophia Williams,7349
7350,Neww,Kick,Opendoor,,9.3,13.6,Investor Sale,No,Priya Sharma,7350
7351, Closed, ,Auction.com,Yes,3.19,9.9,Investor Sale,Yes,Jessica Lin,7351
7352,New,Available,Broker,No,19.45,21.72,Job Transfer,Yes,Priya Sharma,7352
7353,Null,Always Kick,Broker,No,15.31,16.44,Investor Sale,Yes,Jessica Lin,7353
7354, Closed,Pending,Auction.com,No,7.23,28.14,Job Transfer,No,Samantha Pierce,7354
7355, ,Closed,Auction.com,,3.69,9.36,Downsizing,,Luis Garcia,7355
7356,Neww,Available,Opendoor,,6.19,17.79,Job Transfer,Yes,Luis Garcia,7356
7357,New,Cancelled, MLS,,9.23,18.66,Downsizing,Yes,Emily Patel,7357
7358,Cancelled,Cancel,M L S,No,3.78,22.41,Downsizing,No,David Thompson,7358
7359, Closed,Close,Internal,Yes,15.93,29.81,Investor Sale,No,Michael Chen,7359
7360,Offered,Kick,Auction.com,Yes,16.09,8.81,Downsizing,No,David Thompson,7360
7361,New, ,Opendoor,No,13.13,13.08,Job Transfer,,Luis Garcia,7361
7362,Closed,Null,M L S,,13.53,22.48,,,Michael Chen,7362
7363,Neww,Kick,Opendoor,No,14.16,20.88,Downsizing,No,Michael Chen,7363
7364,Offered,Null,M L S,,5.09,7.42,Downsizing,No,Amit Kumar,7364
7365,Null,Pending,Opendoor,Yes,3.56,27.28,,,Priya Sharma,7365
7366,Closed, Close ,M L S,No,19.85,13.02,Downsizing,Yes,Michael Chen,7366
7367, ,Pending,M.L.S.,,7.97,10.5,,,Jason Miller,7367
7368,Offered,Available,Opendoor,No,14.47,16.52,,,Amit Kumar,7368
7369,Offered,Available,Opendoor,No,12.27,28.05,Job Transfer,Yes,Michael Chen,7369
7370,Offered,Kick, MLS,No,17.31,5.99,Job Transfer,No,Priya Sharma,7370
7371,Null,Closed,M.L.S.,No,3.79,16.08,Downsizing,No,Jessica Lin,7371
7372,Reviewed,Pending,M L S,No,16.12,8.98,Downsizing,No,Emily Patel,7372
7373,Accepted Offer,Cancel,Internal,Yes,9.55,5.94,,Yes,David Thompson,7373
7374,Neww,Cancelled,M L S,,2.84,25.29,Job Transfer,No,Amit Kumar,7374
7375,New,Available,M.L.S.,No,6.38,9.89,,,Emily Patel,7375
7376, , Close ,Auction.com,Yes,3.58,5.45,Job Transfer,,Sophia Williams,7376
7377,Offered,Close,M L S,,14.34,23.9,Investor Sale,No,Michael Chen,7377
7378,Neww,Null,Bulk,,17.34,24.61,,Yes,Michael Chen,7378
7379,Offered,Cancelled,Bulk,Yes,14.87,23.69,Job Transfer,Yes,Amit Kumar,7379
7380,Offered,Cancel,Opendoor,Yes,11.06,5.32,,No,Priya Sharma,7380
7381,Closed,Cancelled,M L S,,9.63,21.32,Investor Sale,,Jessica Lin,7381
7382,New,Cancel,M L S,,9.02,14.72,,No,Sophia Williams,7382
7383,Reviewed,Cancelled,Bulk,No,9.49,17.78,Job Transfer,,Priya Sharma,7383
7384,Reviewed,Kick,M.L.S.,,12.98,15.2,,No,Emily Patel,7384
7385,Null,Kick,M L S,No,19.49,5.47,Job Transfer,No,Priya Sharma,7385
7386,Accepted Offer,Pend,M L S,Yes,15.42,23.37,,Yes,Jessica Lin,7386
7387,Null,Kick,Bulk,,2.99,9.95,,,Luis Garcia,7387
7388,Reviewed,Kick,Bulk,Yes,8.53,25.01,Downsizing,No,Priya Sharma,7388
7389,Closed,Pend,Bulk,No,14.9,16.18,Investor Sale,No,Emily Patel,7389
7390,Neww, ,Opendoor,No,17.79,11.59,,Yes,Jason Miller,7390
7391, Closed,Closed,Opendoor,,14.37,7.63,Investor Sale,No,Priya Sharma,7391
7392,Accepted Offer, ,M.L.S.,,11.37,15.55,,Yes,David Thompson,7392
7393,Cancelled,Kick,Opendoor,No,11.78,14.87,Job Transfer,,Emily Patel,7393
7394, Closed,Always Kick, MLS,,4.6,25.19,Downsizing,No,Amit Kumar,7394
7395,Closed,Pending,Internal,No,8.26,16.36,Downsizing,,Michael Chen,7395
7396,New,Pend,Auction.com,Yes,17.69,19.75,Downsizing,No,Samantha Pierce,7396
7397,Closed,Kick,Internal,,11.94,23.32,Job Transfer,No,Emily Patel,7397
7398,Null,Cancelled,Auction.com,No,8.84,25.9,,,Emily Patel,7398
7399,Null,Close,Bulk,,10.17,28.18,Investor Sale,No,Samantha Pierce,7399
7400,Cancelled,Pend, MLS,,18.58,6.59,,No,Jessica Lin,7400
7401,Closed,Close,M L S,Yes,14.1,22.7,Downsizing,Yes,Amit Kumar,7401
7402,Accepted Offer,Kick, MLS,,15.68,15.84,Job Transfer,No,David Thompson,7402
7403,Null,Close,Opendoor,No,13.34,9.89,Downsizing,,Jason Miller,7403
7404,Reviewed,Pend,Auction.com,,17.43,18.83,Downsizing,No,Emily Patel,7404
7405, ,Always Kick,Broker,Yes,17.91,18.26,Job Transfer,No,Jason Miller,7405
7406,Offered,Closed,Internal,,8.71,10.1,Investor Sale,,David Thompson,7406
7407,Reviewed, ,Broker,,2.05,7.76,Job Transfer,Yes,Sophia Williams,7407
7408,New,Cancel,Bulk,,9.5,27.14,,,Amit Kumar,7408
7409,Offered,Available,M L S,No,3.01,15.78,Investor Sale,,Jason Miller,7409
7410,Closed,Cancelled,Internal,Yes,9.42,23.94,Job Transfer,,Amit Kumar,7410
7411,Closed,Always Kick,Opendoor,No,18.57,7.16,Downsizing,No,David Thompson,7411
7412,Accepted Offer,Available,Opendoor,Yes,12.05,15.0,,,Jason Miller,7412
7413,Null,Null,Internal,,19.71,8.03,Job Transfer,No,Priya Sharma,7413
7414,Neww,Pend,M L S,No,11.88,20.32,,No,David Thompson,7414
7415,Cancelled,Null,Internal,,11.95,15.02,,Yes,Michael Chen,7415
7416,Neww,Pend,Bulk,Yes,18.7,14.3,Investor Sale,,Priya Sharma,7416
7417, ,Pending,Internal,Yes,14.87,12.34,Job Transfer,,Jessica Lin,7417
7418,Closed,Pending,Opendoor,Yes,4.22,28.7,,,Samantha Pierce,7418
7419,New,Cancel,Broker,,4.12,19.48,Downsizing,,Luis Garcia,7419
7420,Offered,Pending,M.L.S.,,3.91,16.27,Investor Sale,No,Luis Garcia,7420
7421,Reviewed,Pending,M L S,Yes,15.95,6.71,Downsizing,No,Priya Sharma,7421
7422,Neww,Pend,Internal,,17.93,21.08,Downsizing,Yes,Luis Garcia,7422
7423,Null,Available,Bulk,,8.31,19.51,Job Transfer,,Amit Kumar,7423
7424,Reviewed,Cancel,Broker,,2.89,10.28,Downsizing,,David Thompson,7424
7425,Offered,Kick,Broker,No,9.96,21.89,Downsizing,No,Sophia Williams,7425
7426,Offered,Cancel, MLS,,17.6,25.92,Downsizing,Yes,Sophia Williams,7426
7427,Reviewed, ,Bulk,No,10.5,26.3,,No,Jessica Lin,7427
7428,Offered,Null,Internal,,19.85,24.19,Downsizing,Yes,Emily Patel,7428
7429,Offered,Kick,Bulk,No,15.34,21.59,Job Transfer,Yes,Priya Sharma,7429
7430,Null,Kick,Opendoor,Yes,10.51,24.95,Investor Sale,,David Thompson,7430
7431, ,Always Kick, MLS,,7.31,24.21,Investor Sale,,Sophia Williams,7431
7432,Cancelled,Pending,Opendoor,,9.7,22.79,Downsizing,Yes,Priya Sharma,7432
7433,Neww,Null, MLS,,17.57,9.58,Investor Sale,No,Amit Kumar,7433
7434,Neww,Kick,Internal,,14.57,22.48,Job Transfer,,Priya Sharma,7434
7435,Null,Always Kick,M.L.S.,No,12.95,9.28,Investor Sale,Yes,Luis Garcia,7435
7436, Closed,Closed,M L S,,8.19,12.29,Downsizing,Yes,David Thompson,7436
7437, Closed,Kick,Internal,No,7.66,15.77,,No,Michael Chen,7437
7438,Closed,Null,M L S,,13.85,24.72,,Yes,Jason Miller,7438
7439,New,Available,Auction.com,,5.84,19.17,Job Transfer,,Priya Sharma,7439
7440,Cancelled,Close,M L S,No,3.59,9.29,Downsizing,Yes,Michael Chen,7440
7441,Cancelled,Null,Broker,Yes,6.04,6.3,Downsizing,,Luis Garcia,7441
7442, ,Pend,M L S,,2.71,21.25,Investor Sale,No,Luis Garcia,7442
7443,Neww,Close,M L S,No,4.2,5.16,Investor Sale,,Samantha Pierce,7443
7444,Null,Pend,M.L.S.,Yes,18.59,18.49,Downsizing,Yes,Sophia Williams,7444
7445,Accepted Offer,Cancelled,Broker,No,3.99,27.43,Job Transfer,Yes,Michael Chen,7445
7446,Closed,Null,Internal,,19.35,11.31,Job Transfer,,Jessica Lin,7446
7447, Closed,Cancel,Internal,Yes,10.96,24.04,Investor Sale,Yes,Michael Chen,7447
7448, Closed,Kick,Broker,No,9.57,24.81,Job Transfer,Yes,Samantha Pierce,7448
7449, ,Null,M L S,,12.7,25.85,Investor Sale,Yes,Amit Kumar,7449
7450,Cancelled,Kick,Bulk,,12.08,7.12,Downsizing,Yes,Sophia Williams,7450
7451,Cancelled,Pend,Opendoor,,5.15,25.44,Job Transfer,,Luis Garcia,7451
7452,Closed,Always Kick,Auction.com,No,2.24,28.81,Job Transfer,,Amit Kumar,7452
7453,Accepted Offer,Pending,Auction.com,Yes,15.79,23.99,Downsizing,No,Emily Patel,7453
7454,Reviewed,Closed,M.L.S.,,15.18,7.96,Investor Sale,Yes,Sophia Williams,7454
7455,Closed,Cancelled, MLS,No,13.99,12.91,Downsizing,,Emily Patel,7455
7456, Closed,Null,M.L.S.,No,11.11,20.28,,No,David Thompson,7456
7457,New,Kick,M.L.S.,Yes,15.55,11.34,Job Transfer,,Priya Sharma,7457
7458,Closed, ,Auction.com,No,11.99,29.8,Investor Sale,Yes,Jessica Lin,7458
7459,Neww,Close,Broker,No,2.73,26.1,Investor Sale,Yes,Sophia Williams,7459
7460, ,Always Kick,M L S,,14.54,29.6,Downsizing,No,Priya Sharma,7460
7461,Neww,Null,Opendoor,Yes,12.25,27.58,Job Transfer,No,Amit Kumar,7461
7462,Closed,Cancelled,Bulk,Yes,3.38,12.22,Job Transfer,,Emily Patel,7462
7463,New,Cancelled,Opendoor,No,6.37,19.61,Job Transfer,Yes,David Thompson,7463
7464,Accepted Offer,Pending,Bulk,,18.36,26.82,,,Priya Sharma,7464
7465,New, ,Bulk,No,8.05,8.5,Job Transfer,,David Thompson,7465
7466, ,Null, MLS,Yes,17.12,19.53,,Yes,David Thompson,7466
7467,Cancelled,Cancelled,Auction.com,Yes,15.01,21.46,Downsizing,Yes,Amit Kumar,7467
7468, Closed, Close ,M.L.S.,Yes,18.03,17.33,Investor Sale,Yes,Jason Miller,7468
7469,Null,Kick, MLS,,8.43,13.74,Investor Sale,Yes,Samantha Pierce,7469
7470, Closed,Null,M L S,,11.09,25.67,,,Jason Miller,7470
7471,Neww,Close,Opendoor,,18.6,16.01,Job Transfer,,Priya Sharma,7471
7472,Null,Cancel,Bulk,Yes,15.61,27.11,,,Luis Garcia,7472
7473,Neww,Closed,Internal,,10.48,29.16,,Yes,Luis Garcia,7473
7474,Null,Kick,Opendoor,Yes,5.33,22.35,Downsizing,Yes,Michael Chen,7474
7475,Neww,Close,Auction.com,No,8.8,14.39,Job Transfer,Yes,Jessica Lin,7475
7476,New, Close ,Broker,,10.28,23.58,Downsizing,,Priya Sharma,7476
7477,Offered,Always Kick, MLS,No,14.24,25.07,,No,Samantha Pierce,7477
7478,Offered,Always Kick, MLS,,17.51,9.19,,,David Thompson,7478
7479,Reviewed,Cancel, MLS,No,14.95,10.37,Investor Sale,No,Luis Garcia,7479
7480,Null, ,M L S,,12.53,12.49,Job Transfer,No,Amit Kumar,7480
7481, Closed,Kick,Bulk,Yes,11.14,25.08,Job Transfer,No,Jessica Lin,7481
7482,Offered,Null,Auction.com,No,10.04,27.64,Downsizing,No,Jason Miller,7482
7483, ,Always Kick,Bulk,Yes,9.4,7.39,,No,Sophia Williams,7483
7484,New,Cancel,M L S,,9.22,24.11,Downsizing,No,Emily Patel,7484
7485,Null,Closed,M L S,,15.38,14.53,Downsizing,No,David Thompson,7485
7486,Offered,Cancel,Bulk,Yes,13.84,26.93,Investor Sale,,Jessica Lin,7486
7487,Cancelled,Null,Opendoor,,14.99,29.86,Investor Sale,Yes,Priya Sharma,7487
7488,Cancelled,Pend,Internal,Yes,4.26,9.55,Investor Sale,Yes,Jessica Lin,7488
7489,New,Always Kick, MLS,Yes,11.8,16.61,,,Priya Sharma,7489
7490,Closed,Pending,M L S,,3.05,23.15,Job Transfer,No,Emily Patel,7490
7491,Reviewed,Null,Auction.com,Yes,11.97,15.3,Investor Sale,,Sophia Williams,7491
7492,Neww,Null,M L S,No,15.2,5.11,Investor Sale,No,David Thompson,7492
7493,New,Null, MLS,Yes,16.2,9.62,Downsizing,No,Emily Patel,7493
7494,Accepted Offer,Kick,Opendoor,,7.68,17.5,Investor Sale,,Amit Kumar,7494
7495,Accepted Offer,Null,Opendoor,No,5.68,24.98,,,Amit Kumar,7495
7496,Reviewed,Null, MLS,No,8.68,22.89,Investor Sale,,David Thompson,7496
7497,Null,Cancelled,Opendoor,,13.25,29.8,,,Emily Patel,7497
7498,New,Pend,Broker,,18.81,12.97,,,Michael Chen,7498
7499,Cancelled, ,M L S,No,10.8,13.16,Job Transfer,Yes,Priya Sharma,7499
7500,New,Cancelled,Auction.com,,4.29,7.92,,Yes,Amit Kumar,7500
7501,Neww,Closed,M.L.S.,Yes,2.78,24.8,,No,Michael Chen,7501
7502, Closed,Kick,Bulk,No,15.2,10.62,Downsizing,Yes,Priya Sharma,7502
7503,Accepted Offer,Pend,Bulk,Yes,6.65,6.28,Investor Sale,No,Priya Sharma,7503
7504,New,Null,Opendoor,,12.59,22.73,,,Michael Chen,7504
7505,Neww,Cancelled,M L S,No,7.89,13.42,Job Transfer,Yes,Priya Sharma,7505
7506,Reviewed,Always Kick,Bulk,No,17.64,6.92,Downsizing,,Amit Kumar,7506
7507,Neww,Pending, MLS,Yes,3.43,14.06,Downsizing,No,Michael Chen,7507
7508,New,Kick,Bulk,No,9.68,26.58,Investor Sale,No,Priya Sharma,7508
7509,Reviewed, Close ,Bulk,No,8.86,7.65,Downsizing,Yes,Jason Miller,7509
7510, , , MLS,,14.55,24.66,,Yes,Amit Kumar,7510
7511, ,Cancel,Broker,Yes,8.43,24.18,Job Transfer,Yes,Michael Chen,7511
7512, Closed,Cancel,Bulk,,8.89,22.54,,,Priya Sharma,7512
7513,Reviewed,Kick,Bulk,,11.9,19.09,Investor Sale,,Jason Miller,7513
7514,Reviewed,Closed,Auction.com,Yes,18.56,12.14,Job Transfer,No,Sophia Williams,7514
7515,Accepted Offer,Pending,M.L.S.,Yes,16.35,12.57,Downsizing,No,Michael Chen,7515
7516,Reviewed,Cancel,Internal,,9.33,13.73,,,David Thompson,7516
7517,Reviewed,Closed,Internal,No,11.7,23.9,Job Transfer,,Luis Garcia,7517
7518, Closed,Cancelled,Auction.com,Yes,16.46,25.26,Investor Sale,Yes,Luis Garcia,7518
7519,Accepted Offer,Available,Opendoor,No,5.66,10.64,Job Transfer,,David Thompson,7519
7520,Cancelled,Close,M.L.S.,,14.92,8.61,Downsizing,,Jason Miller,7520
7521,Neww,Pend,M.L.S.,,2.38,20.59,Job Transfer,Yes,Emily Patel,7521
7522,Accepted Offer,Kick,Auction.com,,8.68,28.15,Downsizing,,Samantha Pierce,7522
7523,Null,Pend,Broker,No,11.86,23.68,Job Transfer,,David Thompson,7523
7524,Accepted Offer,Cancel,Auction.com,No,4.25,27.79,,,Michael Chen,7524
7525, ,Closed,Auction.com,Yes,17.39,15.09,Downsizing,,Luis Garcia,7525
7526,Closed, ,Auction.com,Yes,8.31,5.7,Downsizing,,Luis Garcia,7526
7527, Closed,Pending,Internal,Yes,5.92,22.78,Job Transfer,No,David Thompson,7527
7528,Offered,Cancelled, MLS,Yes,18.27,13.93,,,Michael Chen,7528
7529, ,Always Kick,Auction.com,Yes,17.29,23.75,,Yes,Emily Patel,7529
7530,Neww,Cancelled,Bulk,No,4.4,28.25,,Yes,David Thompson,7530
7531,Null,Pending,M.L.S.,,2.43,24.2,,No,Priya Sharma,7531
7532,Neww,Cancel,Broker,No,19.68,7.86,Investor Sale,,Amit Kumar,7532
7533,Accepted Offer,Kick,Broker,,18.75,12.06,Job Transfer,No,Luis Garcia,7533
7534,Offered,Always Kick,Opendoor,No,15.61,12.81,Downsizing,Yes,Emily Patel,7534
7535,Neww,Close,Internal,No,14.53,29.6,Downsizing,No,Amit Kumar,7535
7536,Closed,Kick,Auction.com,Yes,4.74,29.93,Investor Sale,No,Luis Garcia,7536
7537,Null,Pending,M.L.S.,,14.59,27.07,Investor Sale,No,Priya Sharma,7537
7538,Neww,Available,M L S,,5.52,19.9,Downsizing,,Michael Chen,7538
7539,Cancelled, ,Broker,Yes,2.41,16.3,,Yes,Jessica Lin,7539
7540,Reviewed,Always Kick,Bulk,,18.71,15.13,Job Transfer,No,Michael Chen,7540
7541,New,Closed,M L S,,6.23,11.48,Downsizing,,Priya Sharma,7541
7542,Null,Pending,Opendoor,Yes,18.78,29.63,Job Transfer,Yes,Sophia Williams,7542
7543,New,Available,Broker,No,19.89,22.53,Downsizing,No,Samantha Pierce,7543
7544, ,Kick, MLS,Yes,5.39,15.24,Downsizing,Yes,David Thompson,7544
7545, ,Always Kick,M.L.S.,,16.98,18.71,Investor Sale,No,Luis Garcia,7545
7546,Offered,Cancel,Internal,Yes,5.32,16.62,Downsizing,No,Priya Sharma,7546
7547,Accepted Offer,Closed,M L S,No,17.1,16.47,Investor Sale,No,Michael Chen,7547
7548,Accepted Offer, ,Internal,Yes,8.53,5.18,Investor Sale,Yes,Jason Miller,7548
7549,Reviewed,Pending,Internal,No,17.17,10.74,Job Transfer,No,Sophia Williams,7549
7550,Offered,Null,Auction.com,,8.21,6.69,,,Sophia Williams,7550
7551,Cancelled,Close,Auction.com,No,5.17,6.67,Downsizing,No,Jessica Lin,7551
7552,Reviewed, , MLS,,8.81,23.24,Job Transfer,Yes,Jason Miller,7552
7553,Neww, ,Internal,Yes,10.4,5.09,,Yes,David Thompson,7553
7554,Null, ,M L S,No,17.05,5.97,,Yes,Jessica Lin,7554
7555, ,Kick,M.L.S.,Yes,17.84,25.9,Investor Sale,Yes,David Thompson,7555
7556,Null, Close ,M L S,,6.97,10.03,Investor Sale,,Sophia Williams,7556
7557,Reviewed,Null,Bulk,,15.38,7.24,Job Transfer,,Sophia Williams,7557
7558,Accepted Offer,Pend,M.L.S.,Yes,4.37,21.26,Investor Sale,No,Emily Patel,7558
7559,Cancelled,Pending,Auction.com,No,4.83,15.15,Job Transfer,,Emily Patel,7559
7560,New,Null,Broker,Yes,6.24,25.02,,No,Sophia Williams,7560
7561,Null, Close ,Bulk,No,19.09,15.35,,No,Michael Chen,7561
7562,Accepted Offer,Pending,M.L.S.,,6.44,19.24,Investor Sale,,Samantha Pierce,7562
7563, ,Available,M L S,Yes,13.5,27.59,Investor Sale,Yes,Sophia Williams,7563
7564,Offered,Cancelled,Internal,,10.83,22.34,Job Transfer,Yes,Samantha Pierce,7564
7565,Reviewed,Close,Opendoor,No,2.22,15.47,Investor Sale,,Samantha Pierce,7565
7566,Accepted Offer,Always Kick,M L S,,16.75,20.17,,No,Samantha Pierce,7566
7567,New, Close , MLS,Yes,18.87,28.57,Job Transfer,Yes,Samantha Pierce,7567
7568,Closed,Pend,Opendoor,No,5.19,7.35,Downsizing,Yes,Priya Sharma,7568
7569,Closed,Closed,Auction.com,,16.36,12.59,Investor Sale,No,Priya Sharma,7569
7570,Closed,Close,Internal,Yes,11.56,5.06,,No,Luis Garcia,7570
7571,Cancelled, ,Bulk,,14.2,9.73,,Yes,Emily Patel,7571
7572,Offered,Cancelled, MLS,,2.61,26.8,Job Transfer,No,Luis Garcia,7572
7573, Closed,Closed,Opendoor,Yes,8.4,19.55,Downsizing,Yes,David Thompson,7573
7574,Accepted Offer,Available, MLS,Yes,3.01,9.33,Investor Sale,Yes,Michael Chen,7574
7575,Cancelled,Always Kick, MLS,Yes,10.36,11.76,,No,Sophia Williams,7575
7576,Reviewed,Close,Internal,,16.55,29.53,,,Samantha Pierce,7576
7577,Offered,Kick,Broker,Yes,6.4,22.02,Job Transfer,Yes,Jason Miller,7577
7578,Neww,Null,Bulk,No,17.58,11.14,Downsizing,Yes,Luis Garcia,7578
7579,Cancelled, ,Auction.com,Yes,17.9,6.02,Downsizing,No,Michael Chen,7579
7580,Cancelled,Null, MLS,No,9.11,5.94,Downsizing,No,Jessica Lin,7580
7581,Accepted Offer,Close,Internal,,4.59,16.49,Downsizing,Yes,Amit Kumar,7581
7582,Cancelled,Cancel,Broker,No,6.56,23.29,,,Sophia Williams,7582
7583,New,Cancelled,Internal,No,4.81,5.75,,,Emily Patel,7583
7584, ,Close,M.L.S.,No,6.46,20.11,,,Samantha Pierce,7584
7585,New,Available,Bulk,Yes,8.59,24.74,Investor Sale,No,Sophia Williams,7585
7586, Closed,Cancel,M.L.S.,Yes,8.4,25.89,Downsizing,,Michael Chen,7586
7587,Closed,Pend,Opendoor,No,19.9,29.83,Job Transfer,No,Priya Sharma,7587
7588,Offered, ,Opendoor,,11.51,8.08,Investor Sale,Yes,David Thompson,7588
7589, ,Pending,M.L.S.,No,14.75,17.32,Job Transfer,,David Thompson,7589
7590,New,Null,M L S,No,15.34,16.49,Investor Sale,No,Jason Miller,7590
7591,Cancelled,Available,M.L.S.,,18.93,21.37,,,Samantha Pierce,7591
7592,Reviewed, ,Auction.com,Yes,17.35,20.86,Downsizing,Yes,Jason Miller,7592
7593,Null,Close,Bulk,,16.16,27.58,Job Transfer,Yes,David Thompson,7593
7594,Neww,Pending,Auction.com,,5.68,28.3,Job Transfer,,Jason Miller,7594
7595,Reviewed,Null,M.L.S.,,11.55,18.84,Downsizing,No,Priya Sharma,7595
7596,Cancelled,Close,Auction.com,No,14.15,22.83,Job Transfer,,Jessica Lin,7596
7597,Neww,Closed,M L S,,7.67,18.18,Investor Sale,No,David Thompson,7597
7598,Cancelled, Close ,Opendoor,No,18.3,6.47,Investor Sale,,Emily Patel,7598
7599,Reviewed,Pend,M.L.S.,Yes,2.45,6.15,,No,Michael Chen,7599
7600,Reviewed, Close ,M L S,Yes,12.53,22.82,,No,Luis Garcia,7600
7601,Accepted Offer, ,M.L.S.,,5.4,9.04,Investor Sale,No,David Thompson,7601
7602,Cancelled,Pend,Auction.com,No,11.82,19.81,Investor Sale,No,Jessica Lin,7602
7603,Accepted Offer,Null,Internal,Yes,3.91,19.11,,Yes,Amit Kumar,7603
7604,Offered,Always Kick,M.L.S.,Yes,18.97,7.96,Job Transfer,,Jason Miller,7604
7605,New,Always Kick,Bulk,No,2.43,25.34,Downsizing,No,Amit Kumar,7605
7606,Accepted Offer,Close,Broker,Yes,18.12,27.0,Downsizing,,Emily Patel,7606
7607,Accepted Offer,Kick,M.L.S.,Yes,5.77,18.8,Investor Sale,No,Samantha Pierce,7607
7608,Closed,Always Kick,Bulk,,17.09,7.7,Investor Sale,Yes,Jessica Lin,7608
7609,Accepted Offer,Always Kick,Internal,No,2.22,11.57,Downsizing,Yes,Emily Patel,7609
7610,Offered,Always Kick,Opendoor,No,19.41,29.77,,No,Luis Garcia,7610
7611,New,Pend,Internal,No,14.4,7.05,,,Priya Sharma,7611
7612, Closed,Closed,Auction.com,Yes,2.79,14.26,,Yes,Luis Garcia,7612
7613,Offered,Cancel,Bulk,No,6.53,23.27,Downsizing,Yes,Jessica Lin,7613
7614, Closed,Cancelled,Bulk,Yes,13.65,15.81,Job Transfer,Yes,Jessica Lin,7614
7615,Null, Close ,Broker,,13.05,23.77,Downsizing,,Samantha Pierce,7615
7616, ,Cancel,Auction.com,Yes,8.85,28.8,Downsizing,,Michael Chen,7616
7617,Null,Null,Broker,No,13.41,24.86,Investor Sale,,Priya Sharma,7617
7618, ,Null,Broker,,11.33,7.93,Investor Sale,No,Sophia Williams,7618
7619, Closed,Cancel,Auction.com,Yes,5.02,13.85,Downsizing,No,David Thompson,7619
7620,Neww,Cancel,Bulk,No,14.92,14.4,,No,Samantha Pierce,7620
7621,Cancelled, Close , MLS,,14.78,10.49,Downsizing,No,Michael Chen,7621
7622,New,Kick,Bulk,Yes,6.84,18.6,Job Transfer,Yes,Michael Chen,7622
7623,Neww,Pend,Auction.com,Yes,11.47,9.86,Job Transfer,No,Samantha Pierce,7623
7624,New,Cancel,Auction.com,Yes,16.17,19.98,,Yes,Amit Kumar,7624
7625,Offered,Available, MLS,Yes,16.55,28.81,Investor Sale,No,Michael Chen,7625
7626,Cancelled,Pending,M L S,No,8.47,26.39,,Yes,Luis Garcia,7626
7627,Neww,Always Kick,M L S,No,9.95,15.19,Job Transfer,Yes,Luis Garcia,7627
7628, ,Cancelled,Bulk,No,16.78,19.4,,Yes,Jason Miller,7628
7629,Reviewed,Pending,Opendoor,No,12.06,25.82,Downsizing,,Michael Chen,7629
7630,Cancelled,Pending,Bulk,Yes,2.41,10.0,Investor Sale,No,Jason Miller,7630
7631,Reviewed, Close ,Opendoor,Yes,13.26,21.52,,Yes,Michael Chen,7631
7632,Accepted Offer, Close ,Internal,No,6.81,17.73,Downsizing,No,Priya Sharma,7632
7633,Offered,Null,Opendoor,,5.49,20.22,Downsizing,Yes,Priya Sharma,7633
7634,Accepted Offer,Available,Internal,,3.74,25.03,,,Samantha Pierce,7634
7635,Accepted Offer,Cancelled,M.L.S.,Yes,5.27,11.21,,,Michael Chen,7635
7636,Cancelled,Pend,Bulk,No,6.54,9.36,,,Amit Kumar,7636
7637, Closed,Null,M.L.S.,No,10.21,27.12,Job Transfer,No,Jessica Lin,7637
7638, Closed,Close,Auction.com,No,8.02,14.21,Downsizing,No,Amit Kumar,7638
7639,Accepted Offer, ,Opendoor,Yes,13.24,27.48,Investor Sale,No,Jason Miller,7639
7640,Neww,Close,Auction.com,,2.84,21.69,Job Transfer,,Luis Garcia,7640
7641, ,Available,Internal,Yes,19.48,23.26,,Yes,Emily Patel,7641
7642,Neww,Pending,Auction.com,,12.81,26.6,,No,Samantha Pierce,7642
7643, ,Cancelled,Bulk,Yes,5.64,12.87,Job Transfer,Yes,Sophia Williams,7643
7644,New, Close ,Opendoor,Yes,10.09,15.97,Downsizing,No,Priya Sharma,7644
7645,Neww, Close , MLS,,19.26,10.41,Job Transfer,Yes,Jessica Lin,7645
7646,Null,Pending,M L S,Yes,6.73,13.97,Job Transfer,Yes,Samantha Pierce,7646
7647,Reviewed,Close,Auction.com,No,14.7,22.46,,,David Thompson,7647
7648,Offered,Cancel,Bulk,,16.7,18.63,Investor Sale,No,Michael Chen,7648
7649,New,Cancelled,M L S,Yes,19.85,9.72,Investor Sale,No,Samantha Pierce,7649
7650,Null, ,Bulk,,7.55,18.93,Job Transfer,Yes,Jason Miller,7650
7651, Closed,Closed,Opendoor,No,4.71,24.68,Investor Sale,,Michael Chen,7651
7652,Neww,Kick,M L S,No,11.36,21.94,Job Transfer,Yes,Luis Garcia,7652
7653, Closed,Closed,Auction.com,No,2.73,12.23,Downsizing,,Amit Kumar,7653
7654,Closed,Pend,M.L.S.,,11.63,28.76,,No,David Thompson,7654
7655,Null, ,Bulk,,6.98,9.12,,Yes,Sophia Williams,7655
7656,Accepted Offer,Always Kick,Opendoor,Yes,18.92,27.6,Investor Sale,,Jessica Lin,7656
7657, ,Cancel,M.L.S.,Yes,15.99,8.11,,Yes,Jason Miller,7657
7658,Offered, Close ,Broker,No,10.63,5.42,Downsizing,Yes,Jessica Lin,7658
7659,Neww, ,M L S,Yes,7.57,25.7,Job Transfer,,Priya Sharma,7659
7660,Closed,Kick,Internal,,18.68,15.71,Downsizing,,Samantha Pierce,7660
7661,Accepted Offer,Pending,Opendoor,,6.32,6.7,Downsizing,Yes,Priya Sharma,7661
7662,Neww,Available,Bulk,No,11.76,16.27,Investor Sale,,Emily Patel,7662
7663,Neww,Kick,Opendoor,,17.16,9.81,Job Transfer,No,Sophia Williams,7663
7664, ,Kick,M L S,,2.36,18.15,Investor Sale,No,Michael Chen,7664
7665,Offered,Pend, MLS,Yes,16.06,8.63,Downsizing,Yes,Amit Kumar,7665
7666,Closed, ,Auction.com,,10.59,27.36,Investor Sale,,David Thompson,7666
7667,Null,Cancel,Broker,,18.61,5.4,Downsizing,No,David Thompson,7667
7668,New,Available,Bulk,No,14.91,8.92,,Yes,Samantha Pierce,7668
7669,Cancelled,Cancel, MLS,No,5.36,12.2,Investor Sale,,Jessica Lin,7669
7670,Accepted Offer,Cancelled,Auction.com,Yes,10.01,6.84,Investor Sale,No,Jessica Lin,7670
7671, Closed,Available, MLS,Yes,7.97,6.17,,,Priya Sharma,7671
7672, ,Cancelled,M L S,,2.35,23.63,Job Transfer,No,Luis Garcia,7672
7673,Closed,Pend,M.L.S.,,9.6,21.08,Investor Sale,Yes,Priya Sharma,7673
7674,Reviewed,Available,Opendoor,,8.35,23.89,Investor Sale,No,Samantha Pierce,7674
7675, Closed,Pending,M L S,No,14.56,7.17,Job Transfer,No,Priya Sharma,7675
7676,Offered,Pending,Auction.com,Yes,5.09,13.68,Investor Sale,No,Samantha Pierce,7676
7677,Offered,Close,Internal,Yes,14.87,12.15,,No,David Thompson,7677
7678, ,Kick,M L S,No,7.09,29.12,Investor Sale,,David Thompson,7678
7679,Neww,Cancel,Internal,No,10.57,6.43,,Yes,Jessica Lin,7679
7680, ,Closed,Broker,,17.94,14.82,Downsizing,Yes,Luis Garcia,7680
7681,Offered,Pend, MLS,,5.38,25.43,Investor Sale,Yes,Amit Kumar,7681
7682,Neww,Closed,M.L.S.,No,10.38,8.55,,No,Amit Kumar,7682
7683, , Close ,Opendoor,Yes,5.75,23.58,Job Transfer,No,David Thompson,7683
7684,Offered,Close,Internal,Yes,11.37,7.75,Downsizing,No,Michael Chen,7684
7685, Closed, Close ,Internal,,10.07,10.54,,Yes,Sophia Williams,7685
7686, ,Always Kick,M.L.S.,Yes,7.39,16.75,Job Transfer,No,David Thompson,7686
7687,Cancelled,Cancelled,Broker,Yes,17.62,15.83,Investor Sale,Yes,Michael Chen,7687
7688, Closed, Close ,Bulk,Yes,18.1,19.13,,No,Michael Chen,7688
7689,Null,Close,M L S,,2.27,6.93,Downsizing,Yes,David Thompson,7689
7690,New,Kick,Opendoor,Yes,12.28,20.67,,No,Luis Garcia,7690
7691,Cancelled,Always Kick,M L S,No,17.52,13.52,,,Sophia Williams,7691
7692,Null, ,Opendoor,,9.85,5.42,Job Transfer,Yes,David Thompson,7692
7693,Null,Null,Broker,No,2.2,18.52,,,Sophia Williams,7693
7694,Offered,Null,Internal,No,8.74,21.45,Investor Sale,Yes,Sophia Williams,7694
7695,Accepted Offer,Pending,M.L.S.,,2.33,13.9,Downsizing,,Emily Patel,7695
7696, ,Available,Opendoor,No,17.21,27.09,Investor Sale,No,Jason Miller,7696
7697,New, Close ,Bulk,No,2.9,17.27,,Yes,Jason Miller,7697
7698,Accepted Offer,Close,Bulk,No,7.49,17.56,Investor Sale,No,Emily Patel,7698
7699,Reviewed, ,Broker,,10.19,24.29,Downsizing,Yes,Michael Chen,7699
7700,Null,Available,M.L.S.,Yes,12.41,13.15,Downsizing,No,David Thompson,7700
7701,Offered,Null,Broker,Yes,19.76,8.76,,,Michael Chen,7701
7702,New,Kick, MLS,No,7.31,5.67,,,Michael Chen,7702
7703,Offered,Pending,M L S,No,13.44,25.62,Investor Sale,,Samantha Pierce,7703
7704,Closed,Always Kick,M.L.S.,Yes,10.15,7.95,Job Transfer,,Samantha Pierce,7704
7705,Closed,Closed,Internal,,6.11,24.94,Job Transfer,,Priya Sharma,7705
7706, ,Pending,Auction.com,,4.7,18.49,,No,Michael Chen,7706
7707, ,Null,Broker,Yes,12.33,16.87,Job Transfer,,Jessica Lin,7707
7708, Closed,Pend,Broker,Yes,6.15,24.12,,,Emily Patel,7708
7709,Cancelled, Close , MLS,,2.08,9.19,,Yes,Michael Chen,7709
7710, ,Available, MLS,Yes,7.32,7.47,Investor Sale,No,Luis Garcia,7710
7711,Neww,Always Kick,M.L.S.,,15.25,22.25,,,Jessica Lin,7711
7712, ,Pending, MLS,No,13.89,22.53,Downsizing,No,David Thompson,7712
7713,Cancelled,Kick,Bulk,No,11.1,21.36,Downsizing,,Jessica Lin,7713
7714,Reviewed, Close ,Opendoor,Yes,10.93,10.11,Job Transfer,Yes,Emily Patel,7714
7715,Null,Available,Bulk,,7.68,18.53,,,David Thompson,7715
7716,New,Null,Auction.com,No,19.37,22.47,,Yes,Jason Miller,7716
7717,Cancelled,Closed,Opendoor,Yes,13.82,11.03,,Yes,Jason Miller,7717
7718,Accepted Offer,Closed,Internal,Yes,17.99,27.56,Job Transfer,Yes,Luis Garcia,7718
7719,Offered, ,Auction.com,Yes,10.31,26.65,Job Transfer,No,Luis Garcia,7719
7720,Null,Kick,M.L.S.,,15.24,10.42,Downsizing,Yes,Sophia Williams,7720
7721,Accepted Offer, Close ,Opendoor,No,7.98,6.19,Downsizing,,Sophia Williams,7721
7722, , Close ,Auction.com,No,5.1,17.0,Downsizing,,Jason Miller,7722
7723,Null,Cancelled,Opendoor,No,7.42,20.39,Investor Sale,Yes,Amit Kumar,7723
7724, , ,Opendoor,No,18.27,17.98,Investor Sale,No,Jessica Lin,7724
7725,Closed,Pend,Bulk,,9.04,18.72,Investor Sale,No,Luis Garcia,7725
7726,Reviewed, ,Auction.com,Yes,3.29,28.25,Job Transfer,,Emily Patel,7726
7727, ,Cancel, MLS,,8.59,7.33,,No,Samantha Pierce,7727
7728,Closed,Cancelled,Auction.com,No,15.33,5.76,,,Jessica Lin,7728
7729, Closed, ,M L S,,8.43,13.78,,No,David Thompson,7729
7730,Null,Kick,Broker,Yes,9.3,23.31,Investor Sale,Yes,David Thompson,7730
7731,New,Closed,M.L.S.,Yes,18.91,26.15,Downsizing,No,Jason Miller,7731
7732,Reviewed,Kick,Internal,Yes,14.13,6.73,Job Transfer,,David Thompson,7732
7733,Neww,Kick,M.L.S.,,12.51,17.72,Job Transfer,Yes,Jessica Lin,7733
7734,Null,Null,Auction.com,,17.14,27.18,Investor Sale,No,Luis Garcia,7734
7735,New, ,Bulk,,3.74,23.47,Job Transfer,Yes,Michael Chen,7735
7736, ,Cancelled,Opendoor,,16.91,17.61,,Yes,Jason Miller,7736
7737,Neww,Cancel,M L S,,8.56,15.58,,No,David Thompson,7737
7738,Neww,Always Kick,Opendoor,Yes,15.64,12.37,Job Transfer,No,Emily Patel,7738
7739,Null,Kick,Internal,Yes,3.49,20.33,Investor Sale,,Jason Miller,7739
7740,Cancelled,Pend,Opendoor,,3.63,7.68,Investor Sale,Yes,Priya Sharma,7740
7741, Closed,Cancelled,Bulk,,4.17,9.53,Investor Sale,Yes,Emily Patel,7741
7742,Offered,Closed, MLS,No,5.58,16.08,Job Transfer,No,Sophia Williams,7742
7743,Offered,Pending,Bulk,No,18.61,27.45,,,Samantha Pierce,7743
7744, , Close ,Bulk,No,6.87,5.14,Downsizing,,Emily Patel,7744
7745,Null,Pending, MLS,No,2.08,19.08,Job Transfer,No,Priya Sharma,7745
7746,Neww,Pend,Broker,No,2.14,19.52,Job Transfer,,Jessica Lin,7746
7747,Accepted Offer,Pending,M.L.S.,,3.7,24.62,Job Transfer,No,Samantha Pierce,7747
7748, Closed,Null,Bulk,,16.44,18.21,Downsizing,Yes,Sophia Williams,7748
7749,New,Cancelled,Broker,Yes,9.57,12.56,,No,Samantha Pierce,7749
7750,Reviewed,Available,Auction.com,,17.27,24.81,,,Amit Kumar,7750
7751,Offered,Cancelled,Internal,No,6.37,19.16,Investor Sale,,Jessica Lin,7751
7752,New,Always Kick,Broker,No,15.73,11.02,Investor Sale,,Luis Garcia,7752
7753, Closed,Pend,M L S,,5.05,12.23,Downsizing,No,Jessica Lin,7753
7754,New,Always Kick,Opendoor,No,10.27,19.49,,,David Thompson,7754
7755,Accepted Offer,Kick, MLS,,6.32,8.49,Investor Sale,No,Luis Garcia,7755
7756,Neww,Pend, MLS,,8.96,8.47,Job Transfer,,Priya Sharma,7756
7757,Reviewed, Close ,Bulk,No,14.01,17.81,,No,Michael Chen,7757
7758, , Close ,Auction.com,No,6.56,20.87,Investor Sale,Yes,Emily Patel,7758
7759,Offered, Close ,Internal,Yes,8.74,6.84,Downsizing,,David Thompson,7759
7760,Reviewed, Close ,Opendoor,Yes,4.02,9.03,,,Amit Kumar,7760
7761,Offered,Cancel,M L S,No,7.52,27.38,Downsizing,Yes,David Thompson,7761
7762,Null, Close ,M L S,,8.13,12.44,,,David Thompson,7762
7763,Closed, Close ,Bulk,No,14.7,20.54,Job Transfer,No,Michael Chen,7763
7764, ,Cancelled, MLS,,13.8,11.66,Downsizing,No,Sophia Williams,7764
7765,New,Cancelled,Bulk,Yes,12.21,12.06,Investor Sale,Yes,Jason Miller,7765
7766,New,Null,M.L.S.,,3.48,11.07,,,Priya Sharma,7766
7767,Neww,Cancel,M L S,No,16.41,19.68,Job Transfer,Yes,Emily Patel,7767
7768,New, ,Opendoor,Yes,16.7,23.77,Downsizing,,Luis Garcia,7768
7769,Null,Null,Broker,No,11.74,27.76,Downsizing,No,David Thompson,7769
7770, , Close ,M L S,,2.01,9.29,,Yes,Luis Garcia,7770
7771,Accepted Offer,Cancel,M.L.S.,,4.64,26.28,Job Transfer,,Jessica Lin,7771
7772,Null,Kick, MLS,Yes,17.62,9.01,Investor Sale,No,Emily Patel,7772
7773,Accepted Offer,Kick,Internal,,18.39,5.89,Downsizing,No,Emily Patel,7773
7774,Reviewed,Cancelled,Auction.com,Yes,14.89,15.88,,Yes,Priya Sharma,7774
7775, ,Kick,Broker,,10.25,28.23,Downsizing,No,Emily Patel,7775
7776,Offered,Cancel,M L S,No,18.7,18.45,Downsizing,Yes,Sophia Williams,7776
7777,Closed, Close ,Bulk,Yes,12.8,22.45,,,Luis Garcia,7777
7778,Cancelled,Cancel,Auction.com,,15.0,11.82,Downsizing,Yes,Samantha Pierce,7778
7779,Null,Available,M L S,No,11.4,25.62,Investor Sale,Yes,Emily Patel,7779
7780, Closed,Close,Broker,Yes,12.99,28.0,Downsizing,No,Samantha Pierce,7780
7781,Accepted Offer,Closed,Bulk,Yes,6.28,11.47,Job Transfer,,Luis Garcia,7781
7782, ,Kick,M.L.S.,No,14.59,24.0,Job Transfer,,Sophia Williams,7782
7783,Null,Cancel,Bulk,No,7.37,28.68,,No,Samantha Pierce,7783
7784,Neww, Close ,Opendoor,,14.44,12.56,,,Michael Chen,7784
7785, ,Cancel,Auction.com,Yes,11.48,5.62,Job Transfer,,Priya Sharma,7785
7786,Null,Close, MLS,No,12.61,6.67,Job Transfer,Yes,Jessica Lin,7786
7787,Reviewed, Close ,Bulk,,19.88,12.78,Investor Sale,No,Emily Patel,7787
7788,Closed,Cancel,Opendoor,,14.15,17.94,Job Transfer,No,Samantha Pierce,7788
7789,Offered,Cancel,M.L.S.,,6.38,19.28,Job Transfer,,Jessica Lin,7789
7790,Accepted Offer,Close,M L S,,15.66,6.27,Job Transfer,,Amit Kumar,7790
7791,Reviewed,Always Kick,Broker,,3.29,29.26,,,Priya Sharma,7791
7792,Reviewed,Available, MLS,Yes,2.54,17.31,Job Transfer,No,Amit Kumar,7792
7793,Neww,Null,M L S,No,6.37,12.18,Investor Sale,,Amit Kumar,7793
7794,Reviewed,Null,Auction.com,Yes,17.11,7.02,Downsizing,No,Michael Chen,7794
7795,Closed,Available,Opendoor,,5.33,19.15,Downsizing,,Jason Miller,7795
7796,Null,Always Kick,Internal,,16.77,14.08,,Yes,Sophia Williams,7796
7797, ,Available,M.L.S.,,16.31,5.63,Downsizing,,Luis Garcia,7797
7798,Accepted Offer,Pending,Bulk,No,6.16,10.68,Investor Sale,No,Michael Chen,7798
7799,Cancelled,Close,Bulk,,7.68,14.59,Investor Sale,No,David Thompson,7799
7800,Accepted Offer, ,M.L.S.,No,9.53,15.06,Downsizing,No,Luis Garcia,7800
7801,Closed,Closed,Internal,,8.75,17.76,Downsizing,No,Jason Miller,7801
7802,Reviewed,Cancelled,Auction.com,,4.7,17.7,Job Transfer,No,Sophia Williams,7802
7803,Offered,Closed,Opendoor,Yes,11.17,9.48,Job Transfer,No,Jason Miller,7803
7804, ,Pending,Auction.com,No,9.59,13.08,,Yes,David Thompson,7804
7805,Offered,Closed,Broker,,18.27,9.64,Job Transfer,Yes,Michael Chen,7805
7806,Accepted Offer,Pend,Broker,,7.38,24.77,Investor Sale,No,Luis Garcia,7806
7807,Offered,Closed, MLS,Yes,3.48,24.44,,No,Amit Kumar,7807
7808,Neww,Always Kick,M L S,,13.59,26.54,Investor Sale,No,Jason Miller,7808
7809,Reviewed,Kick,Auction.com,,7.1,22.0,Investor Sale,No,Priya Sharma,7809
7810, Closed, ,Bulk,Yes,13.06,19.79,Job Transfer,,Luis Garcia,7810
7811,New, ,M.L.S.,,4.07,11.1,Job Transfer,,Samantha Pierce,7811
7812, Closed,Pending,Broker,Yes,12.79,13.75,Job Transfer,,Jessica Lin,7812
7813,Cancelled,Close,Opendoor,No,4.81,21.95,Downsizing,,Priya Sharma,7813
7814,Accepted Offer,Cancel, MLS,Yes,13.73,23.49,,,Priya Sharma,7814
7815,Offered,Available,Internal,No,18.48,12.72,Job Transfer,,Amit Kumar,7815
7816,New,Cancelled,Internal,No,6.43,5.86,Downsizing,No,Amit Kumar,7816
7817,Offered,Pend, MLS,Yes,6.11,27.43,Investor Sale,Yes,Jessica Lin,7817
7818,Closed, Close ,Bulk,,8.54,14.5,Job Transfer,Yes,Amit Kumar,7818
7819, ,Closed,Bulk,Yes,5.59,21.88,Investor Sale,Yes,Emily Patel,7819
7820,Accepted Offer,Kick,Bulk,No,4.6,28.5,Job Transfer,,Jason Miller,7820
7821,Closed,Null,Opendoor,,16.68,7.56,,Yes,Samantha Pierce,7821
7822,Closed,Null,M L S,No,3.53,19.7,Downsizing,No,Luis Garcia,7822
7823,Null, ,Bulk,Yes,5.27,20.26,Investor Sale,Yes,Sophia Williams,7823
7824,Neww,Close,M.L.S.,,18.84,15.66,Downsizing,No,Jessica Lin,7824
7825,Reviewed,Available,Internal,,15.37,24.4,Job Transfer,No,Jessica Lin,7825
7826, Closed,Kick,Broker,Yes,13.98,7.08,,Yes,David Thompson,7826
7827,Neww,Null,Internal,Yes,19.62,17.28,Investor Sale,Yes,Samantha Pierce,7827
7828,Null,Cancelled, MLS,Yes,13.03,5.58,Job Transfer,No,Samantha Pierce,7828
7829, Closed,Cancel,M L S,Yes,12.96,5.18,Job Transfer,,Jason Miller,7829
7830,Cancelled,Cancelled,Auction.com,,17.35,10.3,Investor Sale,,Amit Kumar,7830
7831,Closed, Close ,Bulk,,3.25,26.57,Job Transfer,,Samantha Pierce,7831
7832, , Close ,Internal,,6.59,27.07,,Yes,Jason Miller,7832
7833,Reviewed,Always Kick,Opendoor,,2.22,10.59,,,Jessica Lin,7833
7834,Reviewed,Always Kick,Internal,Yes,4.81,9.38,Investor Sale,No,Priya Sharma,7834
7835,New,Pend,Opendoor,,11.63,5.9,Investor Sale,Yes,Jessica Lin,7835
7836, ,Null,Broker,,17.06,6.35,Job Transfer,,Priya Sharma,7836
7837,New,Close,M L S,No,4.21,20.57,Job Transfer,Yes,David Thompson,7837
7838,New,Null,Internal,No,7.16,15.96,Job Transfer,Yes,Michael Chen,7838
7839,Cancelled,Available,Opendoor,Yes,5.94,12.34,,,Amit Kumar,7839
7840,Accepted Offer,Cancelled,M L S,No,10.37,11.71,,Yes,Amit Kumar,7840
7841,Offered,Pend,Broker,No,18.78,11.69,Job Transfer,Yes,David Thompson,7841
7842,Null,Cancelled,Bulk,,10.12,24.65,Downsizing,,Sophia Williams,7842
7843, Closed,Always Kick,Broker,No,8.08,17.7,Investor Sale,No,Jason Miller,7843
7844,Offered,Close,Auction.com,Yes,5.48,8.1,Downsizing,No,Emily Patel,7844
7845, Closed, Close ,Broker,,14.25,22.74,,No,David Thompson,7845
7846,Reviewed,Pending,Auction.com,Yes,17.04,21.27,Job Transfer,No,Luis Garcia,7846
7847, Closed,Pending,Internal,Yes,10.26,14.32,Job Transfer,Yes,Sophia Williams,7847
7848, ,Cancelled,M L S,,15.75,29.42,Investor Sale,No,Jason Miller,7848
7849,Cancelled, ,Broker,No,10.94,13.01,,,Samantha Pierce,7849
7850,Null,Cancelled, MLS,No,17.48,19.63,,Yes,Priya Sharma,7850
7851, ,Pend,Broker,Yes,12.11,8.2,Downsizing,Yes,Jason Miller,7851
7852,Offered,Close, MLS,Yes,16.17,13.69,Investor Sale,Yes,Emily Patel,7852
7853,Null,Null,Bulk,,12.83,5.97,Investor Sale,Yes,Emily Patel,7853
7854, ,Close,Internal,Yes,12.29,20.87,Downsizing,Yes,David Thompson,7854
7855,Accepted Offer, Close ,Auction.com,Yes,13.89,26.27,Investor Sale,,Amit Kumar,7855
7856,Offered,Closed,M L S,Yes,15.15,22.31,Investor Sale,,Luis Garcia,7856
7857,Null,Cancel,Bulk,Yes,19.91,8.66,Investor Sale,,Jason Miller,7857
7858, Closed, Close ,Broker,,15.23,14.04,Job Transfer,,Michael Chen,7858
7859,Closed,Always Kick,M L S,No,15.04,6.26,Investor Sale,,Emily Patel,7859
7860, ,Pend,Opendoor,,16.77,8.9,Investor Sale,Yes,David Thompson,7860
7861,Reviewed,Close,Auction.com,No,5.96,14.41,Downsizing,Yes,David Thompson,7861
7862,Cancelled,Null,M L S,Yes,16.85,16.11,Downsizing,Yes,Michael Chen,7862
7863,Reviewed,Cancelled,M L S,Yes,5.59,26.0,,Yes,Luis Garcia,7863
7864,Null, , MLS,No,11.01,23.26,Downsizing,,Jessica Lin,7864
7865, Closed,Pend,Internal,,11.97,7.54,Job Transfer,No,Sophia Williams,7865
7866,Null, ,Bulk,Yes,2.34,16.49,Investor Sale,,Luis Garcia,7866
7867, Closed,Kick,M L S,Yes,15.38,17.05,,Yes,Michael Chen,7867
7868, Closed,Cancel,Internal,Yes,9.54,5.05,Downsizing,,Emily Patel,7868
7869,Cancelled,Pending,Broker,No,10.51,24.05,Job Transfer,No,Jessica Lin,7869
7870,Neww,Pending,M.L.S.,No,14.83,15.6,Investor Sale,Yes,David Thompson,7870
7871,New,Null,M.L.S.,,8.25,17.01,,Yes,Jessica Lin,7871
7872,Accepted Offer,Null,M L S,No,19.36,13.3,Job Transfer,,Luis Garcia,7872
7873,Reviewed,Null,Auction.com,Yes,9.29,15.41,Job Transfer,Yes,Michael Chen,7873
7874,Accepted Offer,Always Kick,M L S,,12.33,28.18,,No,Jessica Lin,7874
7875,Null,Always Kick,M.L.S.,No,8.85,20.64,Downsizing,,Michael Chen,7875
7876,Null,Cancel,M.L.S.,No,12.53,6.35,Job Transfer,No,Luis Garcia,7876
7877,Accepted Offer,Closed,Auction.com,,9.4,29.71,,No,Emily Patel,7877
7878,Offered,Close,Auction.com,No,11.07,8.3,Investor Sale,,Michael Chen,7878
7879,Reviewed,Kick,M.L.S.,No,9.72,25.14,Investor Sale,No,Jason Miller,7879
7880,Offered,Available, MLS,,6.36,12.42,Downsizing,,Priya Sharma,7880
7881,Accepted Offer,Available,M L S,No,3.04,16.35,Job Transfer,,Priya Sharma,7881
7882,Null, Close ,M.L.S.,,7.48,18.78,Job Transfer,Yes,Michael Chen,7882
7883,Accepted Offer,Null,Auction.com,Yes,17.49,7.18,Downsizing,Yes,Luis Garcia,7883
7884, ,Pend,Opendoor,,15.35,27.36,Investor Sale,No,Amit Kumar,7884
7885,Null,Cancel,Opendoor,,13.17,24.11,Job Transfer,Yes,Samantha Pierce,7885
7886,Accepted Offer,Cancelled,Auction.com,Yes,7.71,6.95,Investor Sale,No,Emily Patel,7886
7887,Offered,Available,Broker,,4.63,9.17,Downsizing,Yes,Jason Miller,7887
7888,Reviewed, ,Auction.com,,9.0,25.11,Downsizing,Yes,Jessica Lin,7888
7889,Neww,Null,M.L.S.,No,11.53,27.78,Investor Sale,Yes,Amit Kumar,7889
7890,Reviewed, Close ,Bulk,,6.67,24.55,Investor Sale,Yes,Luis Garcia,7890
7891,New,Closed,M.L.S.,No,5.14,25.93,,No,David Thompson,7891
7892,New,Available,Auction.com,No,16.95,17.15,,,Luis Garcia,7892
7893, , Close ,Broker,No,15.32,6.96,Investor Sale,Yes,David Thompson,7893
7894, ,Cancelled,Opendoor,Yes,14.78,26.5,Downsizing,No,Priya Sharma,7894
7895,New,Cancelled,M.L.S.,Yes,12.73,13.37,,No,Sophia Williams,7895
7896, ,Pend,Bulk,No,11.65,18.2,,No,Emily Patel,7896
7897,Offered, , MLS,,12.48,18.87,Job Transfer,Yes,Jason Miller,7897
7898,Closed,Cancel,Bulk,Yes,14.53,11.14,Job Transfer,No,Jason Miller,7898
7899,Null,Close, MLS,No,8.8,18.03,Investor Sale,Yes,Jason Miller,7899
7900, ,Close, MLS,,15.12,14.72,Downsizing,Yes,Jason Miller,7900
7901,Cancelled,Null,Opendoor,,19.03,17.73,Downsizing,,Sophia Williams,7901
7902,Offered,Available, MLS,Yes,10.9,9.93,Downsizing,Yes,Priya Sharma,7902
7903,New, ,Auction.com,Yes,6.27,12.85,Downsizing,No,Jessica Lin,7903
7904, Closed,Close,Bulk,,14.68,17.73,Job Transfer,No,Sophia Williams,7904
7905,New,Cancelled,M L S,No,10.04,13.62,Investor Sale,Yes,Amit Kumar,7905
7906,Offered,Null,M.L.S.,,17.82,8.43,Job Transfer,Yes,Luis Garcia,7906
7907,Accepted Offer,Always Kick,Auction.com,Yes,6.81,29.57,,No,Luis Garcia,7907
7908,Cancelled, ,Auction.com,,18.8,25.67,Investor Sale,,Sophia Williams,7908
7909,Cancelled,Cancelled,Broker,Yes,18.68,25.93,Job Transfer,Yes,David Thompson,7909
7910,Cancelled, Close ,Opendoor,Yes,16.39,12.15,,Yes,Priya Sharma,7910
7911, Closed,Kick,M L S,,2.54,24.72,Investor Sale,No,Jessica Lin,7911
7912,Null,Close,Broker,,9.45,26.73,Job Transfer,No,Jessica Lin,7912
7913,Reviewed,Null,Broker,No,11.02,23.88,,Yes,Jessica Lin,7913
7914,New,Available,Opendoor,,9.12,9.33,Investor Sale,Yes,Jason Miller,7914
7915, ,Closed,Internal,Yes,15.36,9.62,Investor Sale,,Jason Miller,7915
7916, Closed,Pend,Auction.com,,2.38,10.86,,,Jessica Lin,7916
7917, ,Available,Broker,Yes,9.63,16.05,,,Sophia Williams,7917
7918,Cancelled,Close,M L S,No,17.68,21.86,Job Transfer,,Samantha Pierce,7918
7919,Closed,Available,Bulk,No,11.41,26.7,Investor Sale,No,Luis Garcia,7919
7920,Accepted Offer, Close ,Auction.com,,14.97,13.57,,No,Luis Garcia,7920
7921, Closed,Close,Bulk,Yes,4.85,9.92,Downsizing,Yes,Luis Garcia,7921
7922,Closed, ,Opendoor,No,4.91,9.65,Downsizing,,Jessica Lin,7922
7923,Reviewed,Pend,M L S,No,8.23,12.2,Investor Sale,No,Amit Kumar,7923
7924,Accepted Offer, ,Opendoor,Yes,19.49,29.36,Investor Sale,,Luis Garcia,7924
7925,Null,Null,M L S,,12.24,14.26,,Yes,Emily Patel,7925
7926,Accepted Offer, ,M L S,,11.13,11.45,Downsizing,No,Sophia Williams,7926
7927, ,Close,Bulk,No,15.09,19.5,Investor Sale,No,Priya Sharma,7927
7928,Cancelled,Always Kick,M L S,,3.13,25.36,Investor Sale,,Emily Patel,7928
7929,Cancelled,Closed,M L S,Yes,8.79,7.84,,No,Sophia Williams,7929
7930,Null,Available, MLS,Yes,9.95,22.76,,Yes,Emily Patel,7930
7931,New,Always Kick,Internal,,17.92,11.2,Investor Sale,,Sophia Williams,7931
7932,Null,Closed,Internal,No,17.02,17.17,Job Transfer,No,Jessica Lin,7932
7933,Closed,Kick,Bulk,No,14.17,19.13,Investor Sale,No,Emily Patel,7933
7934,Null,Close,Opendoor,,16.1,22.67,Job Transfer,,Michael Chen,7934
7935,Neww,Close,M.L.S.,No,9.58,22.01,Investor Sale,No,David Thompson,7935
7936,Reviewed,Closed,Internal,,8.06,6.4,Investor Sale,,Amit Kumar,7936
7937,Accepted Offer, Close ,Internal,,14.91,22.92,,,Priya Sharma,7937
7938,Reviewed,Kick,Opendoor,Yes,15.72,7.58,,No,Priya Sharma,7938
7939,Neww,Cancelled,Auction.com,Yes,14.7,24.46,Job Transfer,Yes,Samantha Pierce,7939
7940,Cancelled,Kick,Opendoor,,7.9,15.29,,Yes,Jason Miller,7940
7941, Closed, ,Opendoor,No,15.41,13.68,Investor Sale,Yes,Michael Chen,7941
7942, ,Null,Bulk,Yes,12.94,20.24,Job Transfer,,Jessica Lin,7942
7943,Accepted Offer, Close ,M.L.S.,,16.36,10.79,Downsizing,No,Sophia Williams,7943
7944, , Close ,M.L.S.,Yes,9.41,18.49,,No,Jessica Lin,7944
7945,Accepted Offer,Close,M.L.S.,No,7.11,7.44,Investor Sale,Yes,Luis Garcia,7945
7946,Reviewed, Close ,Internal,Yes,4.68,8.85,Investor Sale,No,Luis Garcia,7946
7947,Null,Cancelled,Bulk,Yes,3.9,18.83,,,Sophia Williams,7947
7948,New,Available,Auction.com,Yes,10.61,6.15,Investor Sale,Yes,Samantha Pierce,7948
7949,Reviewed,Pending,M L S,No,15.08,18.92,Job Transfer,,Michael Chen,7949
7950,Reviewed,Close,M.L.S.,No,11.05,11.93,Job Transfer,,Emily Patel,7950
7951,Neww,Kick, MLS,,6.01,7.18,Downsizing,,Jason Miller,7951
7952,Neww,Pend, MLS,No,9.85,18.12,,,Michael Chen,7952
7953, Closed, Close ,Bulk,No,15.8,10.21,Job Transfer,,Priya Sharma,7953
7954,Reviewed,Close,Bulk,No,8.64,27.55,Investor Sale,Yes,Luis Garcia,7954
7955,Reviewed,Always Kick,Auction.com,No,10.91,9.93,Downsizing,Yes,Samantha Pierce,7955
7956,Offered,Kick,Internal,,7.91,8.57,Investor Sale,,Jason Miller,7956
7957,Null,Available,Auction.com,Yes,14.84,12.57,Investor Sale,Yes,Michael Chen,7957
7958,Reviewed,Cancelled,Bulk,Yes,13.14,10.98,Investor Sale,No,Emily Patel,7958
7959, Closed,Null,Broker,,5.92,10.74,Investor Sale,,David Thompson,7959
7960,Neww, , MLS,No,12.89,6.45,Job Transfer,,Sophia Williams,7960
7961,Null,Always Kick,Bulk,Yes,9.05,12.11,Investor Sale,Yes,Emily Patel,7961
7962,Offered, Close , MLS,,3.99,23.7,Job Transfer,,David Thompson,7962
7963,Null,Always Kick, MLS,,19.68,10.76,Downsizing,No,David Thompson,7963
7964, Closed,Cancel,Broker,,16.72,9.76,Downsizing,Yes,Amit Kumar,7964
7965,Closed,Cancel, MLS,Yes,19.37,7.4,Job Transfer,,Jason Miller,7965
7966, ,Available,Bulk,No,6.41,19.67,Investor Sale,,Jessica Lin,7966
7967, ,Closed,Bulk,Yes,13.44,29.72,Job Transfer,Yes,Emily Patel,7967
7968,Null,Close,Internal,,9.74,28.67,Downsizing,,Amit Kumar,7968
7969,Reviewed,Cancelled,Opendoor,No,3.94,21.81,Job Transfer,No,Jason Miller,7969
7970, ,Available,M L S,No,5.14,28.82,Job Transfer,Yes,Jessica Lin,7970
7971,Cancelled,Cancel,Broker,No,19.42,10.14,Downsizing,Yes,Jessica Lin,7971
7972, Closed,Always Kick,Auction.com,,8.56,29.49,Job Transfer,Yes,Luis Garcia,7972
7973, ,Cancelled,M.L.S.,,9.32,27.69,Downsizing,No,Jessica Lin,7973
7974,Accepted Offer,Available,M.L.S.,Yes,4.99,25.08,Job Transfer,,Amit Kumar,7974
7975,Offered, Close ,Auction.com,No,5.11,24.49,Investor Sale,,Jessica Lin,7975
7976,Cancelled,Closed,Internal,Yes,19.21,24.65,Investor Sale,Yes,Michael Chen,7976
7977, ,Cancel, MLS,Yes,16.21,22.05,,No,David Thompson,7977
7978,Offered,Closed, MLS,Yes,18.46,28.88,Investor Sale,No,Samantha Pierce,7978
7979,Offered,Available, MLS,No,8.11,24.53,Investor Sale,Yes,Priya Sharma,7979
7980,Reviewed,Pending,Auction.com,Yes,18.24,19.22,Investor Sale,Yes,Michael Chen,7980
7981, Closed,Null,M.L.S.,No,9.66,18.3,,Yes,Sophia Williams,7981
7982,Accepted Offer,Pend,Opendoor,Yes,19.68,26.44,Investor Sale,No,Jessica Lin,7982
7983,Neww,Always Kick,Bulk,No,2.95,13.62,Investor Sale,No,Samantha Pierce,7983
7984,Reviewed,Pend,Auction.com,,3.38,24.2,Downsizing,Yes,Sophia Williams,7984
7985,Reviewed,Available,M L S,,9.04,17.07,Downsizing,,David Thompson,7985
7986,Accepted Offer, ,Internal,No,9.79,22.97,Investor Sale,,Sophia Williams,7986
7987,Neww,Always Kick,Opendoor,,6.63,9.58,Investor Sale,Yes,Samantha Pierce,7987
7988,Neww,Pend,Auction.com,,14.86,16.07,Downsizing,No,Emily Patel,7988
7989,Accepted Offer,Cancel,Opendoor,Yes,9.89,11.25,Job Transfer,Yes,Jason Miller,7989
7990,Reviewed,Close,Internal,No,2.57,27.3,Investor Sale,Yes,Emily Patel,7990
7991,New,Close,Opendoor,,12.78,25.89,Investor Sale,,Emily Patel,7991
7992,Cancelled, Close ,Bulk,No,3.63,17.5,Investor Sale,Yes,Michael Chen,7992
7993,Neww,Cancelled,Auction.com,Yes,2.18,10.01,Downsizing,Yes,Priya Sharma,7993
7994,Accepted Offer, Close ,Auction.com,,8.69,25.61,Job Transfer,No,Michael Chen,7994
7995,Reviewed,Close,Bulk,No,4.68,26.51,,Yes,Amit Kumar,7995
7996,Neww, Close ,Auction.com,,2.73,10.12,Downsizing,,Priya Sharma,7996
7997,New, Close ,Bulk,No,8.96,18.76,,Yes,Jessica Lin,7997
7998,Closed,Close,Opendoor,,17.73,13.02,,No,Luis Garcia,7998
7999,Closed, Close ,Auction.com,,5.33,17.41,Downsizing,Yes,Priya Sharma,7999
8000,Neww,Always Kick,Internal,Yes,10.38,12.07,Job Transfer,No,Luis Garcia,8000
8001, Closed,Null,Auction.com,No,14.73,15.81,Investor Sale,Yes,Amit Kumar,8001
8002, ,Pend,Auction.com,No,8.83,12.35,,Yes,David Thompson,8002
8003,Offered,Always Kick, MLS,No,17.07,11.68,,No,Priya Sharma,8003
8004,Reviewed,Kick,M.L.S.,,12.44,27.7,,No,Priya Sharma,8004
8005,New,Always Kick,Internal,,19.05,16.75,Downsizing,,Sophia Williams,8005
8006,Neww,Pend,M.L.S.,,11.17,16.71,,No,Amit Kumar,8006
8007,Neww,Cancel, MLS,No,6.11,28.6,Job Transfer,,Emily Patel,8007
8008,Offered, ,M.L.S.,No,10.41,27.3,Investor Sale,Yes,David Thompson,8008
8009,New,Cancel,Auction.com,,6.57,26.43,Job Transfer,Yes,Amit Kumar,8009
8010,Reviewed, Close ,M.L.S.,,4.59,16.09,Downsizing,,David Thompson,8010
8011,Offered,Close, MLS,,2.06,5.15,Investor Sale,,Luis Garcia,8011
8012,Reviewed, ,M L S,Yes,12.29,27.91,Job Transfer,,Luis Garcia,8012
8013,Accepted Offer,Kick,M L S,No,16.49,8.31,Job Transfer,,David Thompson,8013
8014, ,Kick,M L S,,19.07,28.88,,No,Michael Chen,8014
8015, ,Cancelled,Internal,,5.14,29.15,,,Sophia Williams,8015
8016,Neww,Pending,Opendoor,No,6.79,9.28,Job Transfer,Yes,Samantha Pierce,8016
8017,Accepted Offer,Kick,Internal,No,10.24,6.76,Investor Sale,No,Amit Kumar,8017
8018,Null,Close,M L S,No,14.35,13.58,Job Transfer,,Amit Kumar,8018
8019,Accepted Offer,Null,Internal,No,15.48,27.35,Downsizing,Yes,Priya Sharma,8019
8020, ,Null,Broker,No,7.75,8.07,,Yes,Sophia Williams,8020
8021,New,Available,Auction.com,Yes,3.57,20.3,Downsizing,No,Sophia Williams,8021
8022,Neww, Close ,M L S,,18.89,11.62,,Yes,David Thompson,8022
8023,Cancelled, Close ,M L S,,13.27,20.46,,Yes,David Thompson,8023
8024,Cancelled, ,M.L.S.,,3.68,23.66,Job Transfer,,Emily Patel,8024
8025, ,Available,M L S,No,13.07,14.92,Downsizing,No,Luis Garcia,8025
8026,New, ,Internal,,11.18,15.82,Investor Sale,No,Emily Patel,8026
8027,Offered,Cancel,Auction.com,,5.93,25.92,Job Transfer,Yes,Jessica Lin,8027
8028,Cancelled,Always Kick,Bulk,Yes,19.69,24.43,,Yes,Sophia Williams,8028
8029,Neww,Close, MLS,,16.53,8.29,Downsizing,,Jessica Lin,8029
8030,Cancelled,Kick,Internal,Yes,9.52,18.27,Job Transfer,,Emily Patel,8030
8031, ,Null,M.L.S.,Yes,13.02,21.97,Job Transfer,Yes,Jason Miller,8031
8032,Null, Close ,M.L.S.,Yes,12.19,17.16,Job Transfer,Yes,Jason Miller,8032
8033, Closed,Null,M.L.S.,No,8.45,20.27,Investor Sale,,Jason Miller,8033
8034,Offered,Available,Broker,,16.71,23.75,Downsizing,,Samantha Pierce,8034
8035,Reviewed,Null,Broker,No,8.14,12.43,Job Transfer,Yes,Michael Chen,8035
8036, Closed,Available,Opendoor,Yes,9.42,17.64,Investor Sale,,Sophia Williams,8036
8037,Accepted Offer, , MLS,,18.31,5.11,,No,Sophia Williams,8037
8038,New, Close ,Opendoor,,17.07,13.97,Job Transfer,,Jessica Lin,8038
8039,Accepted Offer,Pending,Bulk,No,11.86,10.62,Investor Sale,Yes,Priya Sharma,8039
8040, ,Pending,Auction.com,No,12.06,5.1,Job Transfer,Yes,Michael Chen,8040
8041,Offered,Closed, MLS,No,16.79,26.11,Investor Sale,Yes,Samantha Pierce,8041
8042,Offered,Always Kick,M L S,No,5.85,11.0,Downsizing,,Jessica Lin,8042
8043,Accepted Offer,Available,Opendoor,,12.45,12.57,Downsizing,,Michael Chen,8043
8044,Cancelled,Pend, MLS,,16.6,19.52,,No,Jessica Lin,8044
8045,Reviewed,Cancel,M.L.S.,,13.95,5.04,Downsizing,Yes,Priya Sharma,8045
8046,Neww,Close, MLS,,18.48,19.42,Investor Sale,,Michael Chen,8046
8047,Accepted Offer,Closed,Broker,Yes,10.66,5.67,Investor Sale,Yes,Luis Garcia,8047
8048, ,Pend,Auction.com,No,2.16,16.85,,Yes,Luis Garcia,8048
8049,Accepted Offer,Close,M.L.S.,,5.58,28.31,Downsizing,Yes,Michael Chen,8049
8050,Null,Null,Auction.com,No,7.53,25.45,,Yes,Samantha Pierce,8050
8051,Cancelled,Pending,M.L.S.,No,6.68,6.09,Downsizing,Yes,Emily Patel,8051
8052,Closed,Null,Internal,,4.1,6.76,,No,Michael Chen,8052
8053,Offered,Always Kick,Bulk,No,5.43,7.59,Job Transfer,,Samantha Pierce,8053
8054,Accepted Offer,Kick,Bulk,No,8.24,26.09,Investor Sale,,Samantha Pierce,8054
8055,Offered,Close,Bulk,,11.84,18.76,Downsizing,No,Luis Garcia,8055
8056,Closed,Null,Auction.com,No,2.98,20.64,Investor Sale,Yes,Sophia Williams,8056
8057, Closed,Pend,M L S,No,15.44,9.09,,Yes,Jason Miller,8057
8058, , ,Auction.com,Yes,13.45,26.23,,,Jason Miller,8058
8059,Closed,Cancelled,Bulk,No,9.73,26.46,Downsizing,Yes,Luis Garcia,8059
8060, Closed,Pend,M L S,,7.81,21.98,Job Transfer,No,David Thompson,8060
8061,Neww,Pend, MLS,Yes,6.91,24.63,Job Transfer,,Sophia Williams,8061
8062,Neww,Always Kick, MLS,Yes,17.16,11.49,Investor Sale,,Jason Miller,8062
8063,Null,Pending, MLS,No,12.46,27.34,Job Transfer,,Sophia Williams,8063
8064,Accepted Offer,Close,Auction.com,No,17.12,10.02,Downsizing,,Amit Kumar,8064
8065,New,Kick,Bulk,Yes,13.64,7.38,,No,Priya Sharma,8065
8066,Cancelled,Null,M L S,,9.33,18.51,Job Transfer,,Amit Kumar,8066
8067,Closed, ,M.L.S.,No,15.16,10.83,Job Transfer,No,Priya Sharma,8067
8068,Cancelled,Cancel,Opendoor,No,15.53,13.24,Investor Sale,No,Samantha Pierce,8068
8069,Cancelled,Pending,Internal,,11.61,25.29,,No,Jason Miller,8069
8070, ,Cancel,M.L.S.,,12.01,8.82,Downsizing,,Sophia Williams,8070
8071,Null,Close, MLS,Yes,19.06,25.76,Job Transfer,No,Luis Garcia,8071
8072,New,Closed,M.L.S.,No,10.24,9.9,Job Transfer,Yes,Jessica Lin,8072
8073,Offered, , MLS,No,2.49,28.0,Investor Sale,No,Jessica Lin,8073
8074,Offered,Close,Broker,Yes,9.71,14.5,Job Transfer,,Emily Patel,8074
8075,Reviewed, Close ,Opendoor,,2.54,6.29,Downsizing,,David Thompson,8075
8076,Offered, Close ,M.L.S.,Yes,5.55,13.0,Job Transfer,,Samantha Pierce,8076
8077, ,Pending, MLS,Yes,13.77,23.8,Downsizing,,Sophia Williams,8077
8078, ,Available, MLS,No,9.13,18.78,Downsizing,,Samantha Pierce,8078
8079,Cancelled, Close ,Internal,No,2.76,7.11,Downsizing,Yes,Jason Miller,8079
8080,Accepted Offer,Null,Broker,No,6.56,29.78,Downsizing,,Luis Garcia,8080
8081,Cancelled,Close,Opendoor,Yes,13.86,26.1,,No,Jason Miller,8081
8082,Neww,Null,Internal,No,2.68,7.82,Investor Sale,,Jessica Lin,8082
8083,Reviewed,Pending,M.L.S.,,6.27,16.1,,No,David Thompson,8083
8084,New,Pend,Broker,No,7.46,27.42,,No,Samantha Pierce,8084
8085, Closed,Null,Broker,,6.54,20.72,Job Transfer,,Sophia Williams,8085
8086,Cancelled,Pend, MLS,Yes,5.32,10.05,Job Transfer,Yes,Luis Garcia,8086
8087, Closed,Cancelled,M.L.S.,,11.37,8.54,Investor Sale,,Luis Garcia,8087
8088,Reviewed,Closed,M L S,,19.89,5.65,Investor Sale,Yes,Sophia Williams,8088
8089,New,Always Kick,M.L.S.,,9.96,23.38,,Yes,Luis Garcia,8089
8090,Neww, ,Auction.com,,5.59,25.68,,,Samantha Pierce,8090
8091,Offered,Available,M L S,,8.19,22.96,,No,Emily Patel,8091
8092,Accepted Offer,Null, MLS,Yes,8.54,28.56,Downsizing,Yes,Emily Patel,8092
8093, Closed,Pending,Bulk,No,18.48,27.65,Investor Sale,Yes,Priya Sharma,8093
8094,Offered,Cancelled,Auction.com,,4.26,7.31,Job Transfer,,Sophia Williams,8094
8095,Neww,Pend,Bulk,No,14.25,21.64,,Yes,Samantha Pierce,8095
8096, Closed,Closed,Auction.com,Yes,11.62,10.28,Investor Sale,No,David Thompson,8096
8097,New,Closed,Auction.com,,4.49,7.74,,Yes,David Thompson,8097
8098,Accepted Offer,Null,Broker,Yes,5.48,11.78,Job Transfer,No,Jason Miller,8098
8099,New,Close,Internal,No,18.78,21.83,Downsizing,No,Amit Kumar,8099
8100,Closed,Pending,Internal,Yes,6.31,21.97,,No,Jessica Lin,8100
8101, Closed,Cancelled,M L S,Yes,15.41,13.05,Job Transfer,,Jason Miller,8101
8102, ,Cancel,M L S,Yes,15.69,10.91,,No,Jessica Lin,8102
8103, Closed,Kick,M L S,Yes,17.77,17.35,Investor Sale,No,Samantha Pierce,8103
8104,Neww,Always Kick,M L S,Yes,17.99,11.25,Investor Sale,Yes,David Thompson,8104
8105, Closed,Close,Internal,Yes,12.56,19.36,,Yes,Priya Sharma,8105
8106,Reviewed,Null,Broker,No,4.61,19.77,Investor Sale,,Priya Sharma,8106
8107,Accepted Offer, ,Broker,No,15.62,23.57,,,Luis Garcia,8107
8108,Offered,Available,M.L.S.,,7.68,21.91,Job Transfer,No,Jessica Lin,8108
8109,Reviewed, Close ,Bulk,,13.47,10.35,Job Transfer,,Michael Chen,8109
8110,New,Available,Opendoor,No,13.04,14.48,Job Transfer,Yes,Priya Sharma,8110
8111,Accepted Offer,Cancelled,M.L.S.,Yes,3.65,9.3,Downsizing,No,Michael Chen,8111
8112, Closed,Null, MLS,Yes,10.86,10.57,Job Transfer,Yes,Michael Chen,8112
8113,Neww,Cancel,M L S,,13.5,27.99,,,Jason Miller,8113
8114,Offered,Kick,Opendoor,Yes,11.39,12.35,Downsizing,No,David Thompson,8114
8115,Cancelled,Null, MLS,,19.44,12.33,,No,Jessica Lin,8115
8116,Accepted Offer,Close,Bulk,Yes,15.89,12.46,Job Transfer,No,Jessica Lin,8116
8117,Cancelled,Pending,Auction.com,,10.28,22.35,,Yes,Michael Chen,8117
8118,Offered,Always Kick,Internal,No,15.77,20.51,Downsizing,,Jason Miller,8118
8119, Closed,Cancel,M.L.S.,Yes,13.06,16.12,,No,Emily Patel,8119
8120,Neww,Pend,Broker,No,4.85,22.94,Downsizing,,Amit Kumar,8120
8121,Neww,Cancelled,Auction.com,Yes,16.98,6.07,Downsizing,,David Thompson,8121
8122,Accepted Offer, ,M L S,Yes,2.92,23.96,,No,David Thompson,8122
8123,Neww,Available,M L S,Yes,2.3,28.99,Downsizing,,Emily Patel,8123
8124,Neww,Pend,Broker,No,19.89,11.51,,No,Priya Sharma,8124
8125,Cancelled,Pend,Opendoor,No,5.22,13.05,,Yes,Samantha Pierce,8125
8126,New,Cancelled,Opendoor,No,9.72,21.28,Investor Sale,Yes,Samantha Pierce,8126
8127, Closed,Close, MLS,Yes,5.43,20.64,,Yes,Jessica Lin,8127
8128, , Close ,M L S,Yes,13.83,22.35,Downsizing,No,Emily Patel,8128
8129,Closed,Kick, MLS,,3.41,16.65,Job Transfer,No,David Thompson,8129
8130, ,Closed,Bulk,Yes,13.07,20.88,Investor Sale,Yes,Sophia Williams,8130
8131,Reviewed,Available,Broker,No,19.4,28.29,Job Transfer,Yes,Luis Garcia,8131
8132,Null, ,Bulk,,2.91,6.99,Job Transfer,Yes,Sophia Williams,8132
8133,Accepted Offer,Pend,M.L.S.,,15.9,15.55,Investor Sale,No,Jessica Lin,8133
8134,Accepted Offer,Close,Internal,Yes,11.29,12.66,Downsizing,No,David Thompson,8134
8135,Accepted Offer,Null,Auction.com,Yes,9.55,15.57,,Yes,Sophia Williams,8135
8136,Accepted Offer,Available,Internal,Yes,17.08,26.1,Downsizing,Yes,Luis Garcia,8136
8137,Closed,Always Kick,Bulk,Yes,18.94,5.79,,Yes,Samantha Pierce,8137
8138, Closed,Pending,Bulk,,10.5,26.92,Investor Sale,No,Amit Kumar,8138
8139,Cancelled,Null,M.L.S.,Yes,19.34,27.97,,,Jessica Lin,8139
8140, Closed, Close ,M.L.S.,No,11.26,15.93,Investor Sale,,Jessica Lin,8140
8141,Neww,Always Kick,Auction.com,No,14.34,22.55,Job Transfer,,Jason Miller,8141
8142,Cancelled,Closed,Auction.com,No,18.95,18.18,,Yes,Sophia Williams,8142
8143,Offered,Pending, MLS,,12.35,12.91,Investor Sale,No,Sophia Williams,8143
8144,Cancelled,Null, MLS,No,8.56,27.54,Investor Sale,No,David Thompson,8144
8145,Closed,Always Kick,Bulk,No,4.7,16.1,,,Luis Garcia,8145
8146,Accepted Offer,Pending,M L S,Yes,13.07,18.45,Job Transfer,,David Thompson,8146
8147,Null,Available,Bulk,,17.22,10.46,,Yes,Samantha Pierce,8147
8148, Closed,Closed,Auction.com,Yes,13.25,21.76,Job Transfer,No,Samantha Pierce,8148
8149,Null,Cancel,M L S,No,11.84,26.17,Job Transfer,,Sophia Williams,8149
8150,New,Always Kick,Auction.com,,12.34,15.79,Investor Sale,Yes,Priya Sharma,8150
8151, Closed,Null,Broker,No,18.11,27.59,Job Transfer,No,Michael Chen,8151
8152,Null,Pend,M L S,No,8.82,23.01,Job Transfer,,Amit Kumar,8152
8153,Reviewed,Pending,Bulk,,9.69,26.12,Investor Sale,Yes,David Thompson,8153
8154,Neww,Kick,M.L.S.,No,10.31,17.95,Job Transfer,,David Thompson,8154
8155,Offered,Closed, MLS,,17.86,15.05,,Yes,Jason Miller,8155
8156,Reviewed,Always Kick,Broker,Yes,17.47,28.37,Job Transfer,,Sophia Williams,8156
8157, ,Kick,M.L.S.,No,7.65,28.52,Investor Sale,Yes,Jason Miller,8157
8158,New, Close ,Broker,No,18.84,11.34,Job Transfer,,David Thompson,8158
8159,Closed, Close ,Broker,No,15.43,9.85,Investor Sale,,Samantha Pierce,8159
8160, Closed, ,Opendoor,,7.98,18.13,,Yes,Samantha Pierce,8160
8161, ,Null,Auction.com,Yes,12.36,21.88,Downsizing,Yes,Michael Chen,8161
8162,Accepted Offer,Cancel,Internal,Yes,11.38,14.01,Downsizing,,Samantha Pierce,8162
8163,Cancelled, Close ,Opendoor,,12.53,18.87,Downsizing,,Priya Sharma,8163
8164, Closed, ,Auction.com,,19.85,23.52,Job Transfer,No,David Thompson,8164
8165,Closed, Close ,Opendoor,,19.95,24.67,Investor Sale,No,David Thompson,8165
8166, , ,Opendoor,No,10.75,22.44,,,Emily Patel,8166
8167,Reviewed,Close,Opendoor,Yes,5.51,11.0,Investor Sale,No,Michael Chen,8167
8168,Null,Kick,Opendoor,Yes,17.17,6.55,,,Samantha Pierce,8168
8169,Closed,Kick,Broker,No,15.15,11.59,,,Michael Chen,8169
8170,Null,Closed,Bulk,,11.03,5.97,Downsizing,Yes,Samantha Pierce,8170
8171,New,Closed,M L S,Yes,8.54,25.59,Investor Sale,No,Jessica Lin,8171
8172,Closed,Pend,Opendoor,No,5.59,7.81,Job Transfer,,Michael Chen,8172
8173,Accepted Offer, Close ,Broker,,16.54,10.48,Downsizing,,Luis Garcia,8173
8174,Closed,Available,Internal,No,16.3,18.54,Job Transfer,Yes,Jason Miller,8174
8175,Accepted Offer,Pending,Internal,No,5.47,13.77,,Yes,Sophia Williams,8175
8176,Null,Null,M.L.S.,,2.55,20.71,Investor Sale,Yes,Amit Kumar,8176
8177,Cancelled, Close ,Auction.com,,6.42,18.61,Downsizing,No,Sophia Williams,8177
8178,Closed,Closed,Auction.com,Yes,10.89,13.95,Downsizing,Yes,Emily Patel,8178
8179,Cancelled,Close,M.L.S.,No,19.41,17.95,,No,Amit Kumar,8179
8180,Offered,Pend,Internal,Yes,3.02,29.86,Job Transfer,No,Priya Sharma,8180
8181,Accepted Offer,Closed,Opendoor,,10.34,6.37,Downsizing,Yes,Luis Garcia,8181
8182,Null, ,Internal,,7.8,22.72,Downsizing,,Amit Kumar,8182
8183,Accepted Offer, ,Bulk,No,14.28,23.47,Downsizing,,Jason Miller,8183
8184, ,Pending,Bulk,No,5.8,11.4,Investor Sale,,Samantha Pierce,8184
8185,Cancelled,Cancelled,M L S,No,8.67,16.37,Job Transfer,Yes,Michael Chen,8185
8186,Neww,Closed,Internal,,3.28,26.5,,Yes,Michael Chen,8186
8187,New,Always Kick,Bulk,,6.05,22.19,,No,Michael Chen,8187
8188,Offered,Always Kick, MLS,No,17.21,18.89,Downsizing,Yes,Priya Sharma,8188
8189,Offered,Always Kick,Auction.com,No,13.47,18.6,,Yes,Jason Miller,8189
8190,Offered,Pending,Internal,No,17.76,28.12,Investor Sale,,David Thompson,8190
8191,Closed, ,M.L.S.,,10.6,27.07,Downsizing,,Luis Garcia,8191
8192,New,Cancel,M.L.S.,,6.51,11.96,Job Transfer,,David Thompson,8192
8193, Closed, Close ,Bulk,Yes,15.71,28.27,Job Transfer,No,Jason Miller,8193
8194,Neww,Close, MLS,Yes,15.1,12.65,Investor Sale,Yes,Michael Chen,8194
8195,Neww,Cancel,Bulk,No,15.7,23.55,Investor Sale,,Emily Patel,8195
8196,Offered,Null,Opendoor,,11.79,20.12,,,Amit Kumar,8196
8197,Offered,Closed,Broker,No,18.68,26.97,,Yes,David Thompson,8197
8198,Cancelled,Pending, MLS,Yes,5.76,10.59,Downsizing,Yes,Emily Patel,8198
8199,New,Pend,Opendoor,Yes,10.6,8.52,Downsizing,,Michael Chen,8199
8200,Closed,Closed,Bulk,No,4.57,26.44,Investor Sale,Yes,Samantha Pierce,8200
8201,Reviewed, Close ,Internal,No,14.93,9.27,Job Transfer,No,Sophia Williams,8201
8202,Closed,Pend,Opendoor,,6.83,10.88,Downsizing,No,Priya Sharma,8202
8203,New,Cancelled,M L S,No,6.94,23.11,Downsizing,Yes,Samantha Pierce,8203
8204,Null,Always Kick,Bulk,Yes,10.35,8.51,Downsizing,Yes,David Thompson,8204
8205,New, Close ,M.L.S.,,7.95,6.94,Job Transfer,No,Sophia Williams,8205
8206, ,Kick,Bulk,No,5.73,17.78,Job Transfer,No,Luis Garcia,8206
8207,New,Pending,Internal,Yes,3.74,16.44,,,Luis Garcia,8207
8208,Closed,Always Kick,M.L.S.,Yes,11.27,6.8,,No,Emily Patel,8208
8209,Cancelled,Kick,Auction.com,Yes,6.03,21.31,Downsizing,Yes,David Thompson,8209
8210, ,Close,M L S,No,10.12,7.89,Investor Sale,No,Sophia Williams,8210
8211,Cancelled,Kick,Broker,No,15.96,19.18,Job Transfer,,Priya Sharma,8211
8212, ,Available,M L S,Yes,3.37,15.4,,Yes,Priya Sharma,8212
8213, ,Cancel,M.L.S.,Yes,3.18,11.53,Downsizing,No,Jason Miller,8213
8214,Accepted Offer,Null,Auction.com,Yes,17.91,22.9,,,Jason Miller,8214
8215,Cancelled,Kick,M.L.S.,,2.6,14.25,,Yes,Luis Garcia,8215
8216,Neww,Close,Internal,Yes,17.64,20.93,Job Transfer,,Amit Kumar,8216
8217,Offered,Cancelled,Internal,Yes,19.64,27.57,Downsizing,No,David Thompson,8217
8218,Closed,Closed,Opendoor,No,8.31,16.29,Downsizing,Yes,David Thompson,8218
8219,Offered,Closed,Internal,Yes,15.09,28.63,,No,Jason Miller,8219
8220,Closed,Available,Bulk,,17.27,15.01,,Yes,Emily Patel,8220
8221,Cancelled, ,Bulk,No,11.91,11.52,,Yes,Michael Chen,8221
8222,Reviewed, , MLS,,7.39,23.04,Investor Sale,,Jason Miller,8222
8223,Cancelled,Available,Bulk,No,7.05,20.23,,Yes,Priya Sharma,8223
8224,Offered,Available,Bulk,No,12.71,20.27,Investor Sale,Yes,Sophia Williams,8224
8225,Null, ,Bulk,,3.81,14.08,Investor Sale,Yes,Emily Patel,8225
8226,Neww,Pend,M L S,No,14.57,22.31,Downsizing,,Samantha Pierce,8226
8227, ,Null,M.L.S.,No,10.49,8.12,Downsizing,,Sophia Williams,8227
8228, , ,Bulk,Yes,4.4,28.22,Investor Sale,,Priya Sharma,8228
8229,New,Pend,Broker,,7.86,6.31,Downsizing,Yes,Luis Garcia,8229
8230,New,Cancelled,M L S,No,13.34,27.41,Downsizing,,Priya Sharma,8230
8231,Closed,Closed,Broker,,2.39,14.03,Job Transfer,,Samantha Pierce,8231
8232, Closed,Always Kick,Internal,Yes,5.34,9.99,Job Transfer,,Luis Garcia,8232
8233,Reviewed,Close, MLS,Yes,8.6,5.66,Job Transfer,,Emily Patel,8233
8234,Reviewed, ,Bulk,,9.2,24.59,Job Transfer,Yes,Jessica Lin,8234
8235,Offered,Pend,M.L.S.,Yes,5.39,27.79,Downsizing,,Jason Miller,8235
8236,Null,Cancel,Internal,Yes,17.96,22.74,,No,Michael Chen,8236
8237, Closed,Always Kick, MLS,No,16.13,6.23,Downsizing,,Priya Sharma,8237
8238,Null,Kick,Bulk,Yes,12.58,10.64,Investor Sale,No,Priya Sharma,8238
8239,Null,Closed,Opendoor,,13.77,27.48,Investor Sale,No,Michael Chen,8239
8240,New,Cancelled,M L S,Yes,18.3,14.99,Investor Sale,No,Jessica Lin,8240
8241,Closed,Close,M.L.S.,Yes,11.21,6.15,Job Transfer,Yes,Sophia Williams,8241
8242,New,Pend,Opendoor,No,8.56,21.68,Downsizing,Yes,Samantha Pierce,8242
8243,Offered,Pending,M.L.S.,No,9.76,29.29,Investor Sale,,Michael Chen,8243
8244,Offered,Available,M L S,No,7.59,17.66,,No,Emily Patel,8244
8245,Cancelled,Cancelled,Auction.com,,10.43,10.55,Investor Sale,Yes,David Thompson,8245
8246,Reviewed, Close ,M L S,No,7.12,20.5,Downsizing,No,David Thompson,8246
8247,Accepted Offer,Kick,Broker,Yes,3.4,7.74,Downsizing,Yes,Sophia Williams,8247
8248,New,Kick,Broker,Yes,2.57,12.95,Downsizing,Yes,Michael Chen,8248
8249,Offered,Closed,M.L.S.,Yes,13.5,5.59,,No,Priya Sharma,8249
8250,Closed, Close ,Auction.com,Yes,4.22,23.22,,Yes,Luis Garcia,8250
8251,Reviewed,Pending,Broker,,12.46,9.47,Job Transfer,No,Amit Kumar,8251
8252,Null,Always Kick, MLS,,4.9,15.6,Downsizing,No,Jason Miller,8252
8253,Null,Always Kick,Internal,Yes,10.88,10.64,Downsizing,,Amit Kumar,8253
8254,Cancelled,Kick,Auction.com,Yes,15.59,5.62,Downsizing,Yes,Emily Patel,8254
8255,Reviewed, Close ,Broker,,5.66,5.94,,,Sophia Williams,8255
8256,Reviewed,Pend,Internal,No,7.99,16.22,Downsizing,No,Jason Miller,8256
8257,Null,Kick,M L S,Yes,10.32,28.39,Downsizing,,Priya Sharma,8257
8258,Accepted Offer,Always Kick,M.L.S.,Yes,9.23,16.66,Job Transfer,,Michael Chen,8258
8259, Closed,Close, MLS,,11.02,28.92,Downsizing,No,David Thompson,8259
8260, ,Pending,M.L.S.,No,18.06,7.96,,,Michael Chen,8260
8261, Closed,Always Kick,Internal,No,10.86,17.38,Investor Sale,Yes,Sophia Williams,8261
8262,Null,Closed,M.L.S.,Yes,9.8,8.48,,No,Luis Garcia,8262
8263,Neww,Cancel,M L S,,11.86,26.7,,Yes,Amit Kumar,8263
8264,Accepted Offer,Cancel,Auction.com,,8.47,10.72,,Yes,Samantha Pierce,8264
8265,Accepted Offer,Close,Auction.com,Yes,15.57,15.67,,,Michael Chen,8265
8266,Offered,Available,Broker,Yes,15.78,11.71,,No,Priya Sharma,8266
8267,Reviewed, Close ,Broker,Yes,9.1,29.83,Job Transfer,Yes,Emily Patel,8267
8268,Reviewed,Closed, MLS,No,4.16,25.87,Investor Sale,Yes,Emily Patel,8268
8269, ,Kick,Auction.com,,4.63,27.66,,Yes,Samantha Pierce,8269
8270,Neww, ,Bulk,No,11.45,25.16,Investor Sale,Yes,Amit Kumar,8270
8271,Accepted Offer,Available,M.L.S.,,11.92,18.71,Job Transfer,Yes,Jessica Lin,8271
8272,Reviewed,Closed,Internal,No,17.43,21.49,Downsizing,,Samantha Pierce,8272
8273,Closed, Close , MLS,Yes,16.0,15.41,Downsizing,No,Michael Chen,8273
8274,Null,Cancel,Opendoor,No,11.49,25.23,Downsizing,,David Thompson,8274
8275,Offered,Pending,Auction.com,,15.44,22.49,Downsizing,No,Luis Garcia,8275
8276,Reviewed,Pend,Broker,Yes,12.9,7.2,Downsizing,No,Emily Patel,8276
8277, Closed, ,M L S,Yes,4.79,5.64,,No,Sophia Williams,8277
8278,Cancelled,Close,Bulk,No,3.77,16.87,,,Sophia Williams,8278
8279,Offered,Cancelled,Internal,No,9.28,15.95,,Yes,Michael Chen,8279
8280, Closed,Always Kick,Opendoor,Yes,10.25,25.93,Investor Sale,No,David Thompson,8280
8281,Null,Always Kick,Auction.com,Yes,18.76,27.24,Job Transfer,Yes,Michael Chen,8281
8282,Closed,Pending,Auction.com,Yes,4.08,12.39,,Yes,Jason Miller,8282
8283,Null,Always Kick,Opendoor,,6.49,16.72,Job Transfer,No,Amit Kumar,8283
8284, ,Closed,Opendoor,Yes,4.49,26.55,Downsizing,Yes,Jason Miller,8284
8285,Cancelled,Pend,Internal,Yes,12.8,20.73,Job Transfer,No,Sophia Williams,8285
8286,Accepted Offer,Always Kick,Opendoor,No,18.71,27.88,,No,Sophia Williams,8286
8287, Closed,Pending,M.L.S.,,5.69,13.1,Investor Sale,Yes,Priya Sharma,8287
8288,Reviewed,Cancel,Internal,,2.24,6.45,Downsizing,Yes,Michael Chen,8288
8289,Null,Kick,Internal,Yes,11.0,21.31,Downsizing,,Michael Chen,8289
8290, Closed,Always Kick,Opendoor,,15.7,8.55,Downsizing,Yes,Sophia Williams,8290
8291,Closed,Always Kick,Broker,No,3.36,24.82,Job Transfer,No,Amit Kumar,8291
8292,Accepted Offer,Kick,Opendoor,Yes,13.58,14.29,,Yes,Jason Miller,8292
8293,Neww,Always Kick,Internal,Yes,9.83,17.25,Job Transfer,No,Samantha Pierce,8293
8294,Null,Null,Broker,No,15.09,20.99,Investor Sale,Yes,Priya Sharma,8294
8295,Closed,Pending,Broker,No,12.38,5.64,Job Transfer,,Jason Miller,8295
8296,Reviewed,Pending,Opendoor,,18.34,11.96,,No,Amit Kumar,8296
8297,Cancelled,Close,M.L.S.,,10.88,22.71,Downsizing,No,Emily Patel,8297
8298,Cancelled,Closed,M.L.S.,No,4.26,25.95,,No,Michael Chen,8298
8299,Reviewed,Pending,Broker,,4.19,28.97,,No,Jessica Lin,8299
8300, Closed,Pending,Auction.com,No,4.12,12.37,Downsizing,No,Sophia Williams,8300
8301, Closed,Close,Opendoor,Yes,3.16,12.63,Investor Sale,,Luis Garcia,8301
8302,Cancelled,Always Kick, MLS,,18.36,17.08,Investor Sale,,Samantha Pierce,8302
8303,Offered,Null,M.L.S.,Yes,18.23,9.11,Investor Sale,No,Michael Chen,8303
8304, Closed,Cancelled, MLS,,16.04,19.49,Job Transfer,No,Michael Chen,8304
8305,Cancelled,Cancelled,Bulk,Yes,13.59,29.56,,No,Jason Miller,8305
8306,Reviewed, Close ,Opendoor,,3.94,12.11,Investor Sale,No,Priya Sharma,8306
8307,Accepted Offer,Available,Auction.com,,6.42,14.23,Job Transfer,Yes,Amit Kumar,8307
8308,Accepted Offer,Kick,M.L.S.,Yes,11.32,26.72,,No,Samantha Pierce,8308
8309,New,Pend,Internal,No,14.48,20.21,Job Transfer,No,Emily Patel,8309
8310,New,Null,Broker,,11.94,9.35,Downsizing,Yes,Emily Patel,8310
8311, ,Closed,Auction.com,Yes,5.05,21.82,Downsizing,,Emily Patel,8311
8312,Null, ,M.L.S.,,18.05,18.07,Investor Sale,No,Luis Garcia,8312
8313,New,Always Kick,Bulk,Yes,4.16,11.35,Downsizing,Yes,David Thompson,8313
8314,Closed,Cancel,M.L.S.,,13.6,8.9,Downsizing,,Priya Sharma,8314
8315,Accepted Offer,Pending,Auction.com,,11.97,15.02,Investor Sale,No,Luis Garcia,8315
8316,Closed,Pend,M L S,Yes,15.58,10.28,Job Transfer,Yes,David Thompson,8316
8317,Reviewed, Close ,Broker,Yes,15.21,5.61,Downsizing,,Amit Kumar,8317
8318,Null,Close, MLS,Yes,10.58,26.09,Downsizing,Yes,Emily Patel,8318
8319,Closed,Close,Bulk,Yes,6.85,9.82,,No,Jason Miller,8319
8320,Neww,Cancelled,Auction.com,No,12.5,14.41,Job Transfer,No,Sophia Williams,8320
8321,Cancelled,Kick,Internal,No,18.87,19.17,Downsizing,,Luis Garcia,8321
8322,Null,Closed,Auction.com,Yes,5.52,25.08,,,Amit Kumar,8322
8323,Neww,Null,Internal,No,11.22,21.29,,Yes,David Thompson,8323
8324,Null,Pend,M.L.S.,Yes,19.17,16.23,Investor Sale,Yes,Jason Miller,8324
8325,Cancelled,Cancelled,M L S,No,5.74,20.35,Downsizing,No,Priya Sharma,8325
8326, ,Available,Internal,No,18.91,13.93,Job Transfer,Yes,David Thompson,8326
8327, Closed, Close ,M.L.S.,Yes,14.14,5.62,Investor Sale,Yes,Amit Kumar,8327
8328, Closed,Closed, MLS,,12.99,15.35,,No,Emily Patel,8328
8329,Closed,Pend,Internal,No,6.42,18.01,Downsizing,,Priya Sharma,8329
8330, Closed,Pend,M L S,,7.71,27.25,Job Transfer,,Emily Patel,8330
8331,Cancelled,Null,Internal,No,6.63,10.19,Investor Sale,No,Emily Patel,8331
8332,New, Close , MLS,,2.46,29.41,,No,Amit Kumar,8332
8333,Cancelled,Pend,M.L.S.,Yes,19.52,21.15,Job Transfer,Yes,Priya Sharma,8333
8334, ,Cancel,M L S,,5.71,20.6,,Yes,Priya Sharma,8334
8335,Closed,Pending, MLS,No,2.25,15.2,Downsizing,,Jessica Lin,8335
8336, Closed,Available,Broker,,6.59,14.11,Investor Sale,No,Michael Chen,8336
8337,Neww,Available,Auction.com,,11.08,26.96,Investor Sale,,Jessica Lin,8337
8338, Closed,Close,M.L.S.,No,13.21,25.29,,Yes,Samantha Pierce,8338
8339,Reviewed,Available,M L S,,15.04,12.23,Job Transfer,,Samantha Pierce,8339
8340, Closed,Cancel,M L S,,9.16,14.16,,No,Priya Sharma,8340
8341,Cancelled,Pending,M.L.S.,Yes,11.7,11.9,Investor Sale,,Jessica Lin,8341
8342,Neww,Closed,Internal,No,6.5,24.95,Downsizing,,Jessica Lin,8342
8343,Accepted Offer,Always Kick,Broker,No,18.95,21.43,,Yes,Luis Garcia,8343
8344, Closed,Kick,Internal,Yes,15.65,13.9,Job Transfer,,Amit Kumar,8344
8345,Cancelled,Closed,Bulk,Yes,12.44,19.9,Job Transfer,No,Jessica Lin,8345
8346,Reviewed,Cancel,Opendoor,,11.36,24.38,Downsizing,No,Samantha Pierce,8346
8347,Offered,Kick,M L S,No,10.83,6.31,Investor Sale,,Luis Garcia,8347
8348, Closed,Pending,Broker,Yes,11.98,7.78,Investor Sale,No,Amit Kumar,8348
8349, Closed,Pend,Opendoor,,12.2,28.04,Job Transfer,,Michael Chen,8349
8350, Closed,Kick,M.L.S.,No,11.92,6.32,Job Transfer,No,Luis Garcia,8350
8351,New, ,Broker,No,16.94,14.92,Downsizing,Yes,Luis Garcia,8351
8352,New,Always Kick, MLS,No,12.02,28.54,Investor Sale,No,Samantha Pierce,8352
8353,Reviewed, ,Auction.com,No,16.5,15.98,Job Transfer,,Sophia Williams,8353
8354,Accepted Offer,Close,M.L.S.,,17.46,5.48,Investor Sale,No,Michael Chen,8354
8355,Null,Cancel,Bulk,Yes,18.97,28.35,,,Emily Patel,8355
8356,Accepted Offer, Close ,M.L.S.,,13.15,10.39,Job Transfer,No,Sophia Williams,8356
8357,Offered,Cancelled,M.L.S.,,12.37,18.38,Investor Sale,Yes,Priya Sharma,8357
8358,Cancelled,Pend, MLS,,6.81,5.14,Investor Sale,Yes,Jessica Lin,8358
8359, Closed, Close ,M.L.S.,,2.55,25.66,Job Transfer,Yes,Amit Kumar,8359
8360,Reviewed, , MLS,Yes,2.18,9.26,Investor Sale,No,Jessica Lin,8360
8361,Neww,Available, MLS,,11.39,11.76,Job Transfer,No,Sophia Williams,8361
8362,Closed,Cancelled,Auction.com,,10.6,15.16,Investor Sale,Yes,Jessica Lin,8362
8363,Accepted Offer,Null,Internal,,20.0,10.09,Job Transfer,Yes,Michael Chen,8363
8364,Reviewed,Pend,M.L.S.,No,16.58,5.77,Downsizing,,Jason Miller,8364
8365,Offered,Pend,Opendoor,No,5.92,16.89,,No,Jessica Lin,8365
8366,Closed,Pending,Broker,Yes,12.52,25.9,,No,Luis Garcia,8366
8367, , Close ,Bulk,,16.64,9.78,Downsizing,Yes,Emily Patel,8367
8368, ,Available,Bulk,No,6.8,25.93,Job Transfer,Yes,Sophia Williams,8368
8369, Closed,Cancelled,M.L.S.,No,12.46,12.48,Job Transfer,Yes,Samantha Pierce,8369
8370,Reviewed,Cancel,Auction.com,No,16.41,21.87,Investor Sale,No,Priya Sharma,8370
8371,New,Pend,Opendoor,,8.87,10.08,Downsizing,No,Jessica Lin,8371
8372,Offered,Kick,Opendoor,Yes,4.35,18.9,Investor Sale,No,Amit Kumar,8372
8373,Reviewed,Close, MLS,No,15.7,8.57,Job Transfer,,Jason Miller,8373
8374, Closed,Cancelled,Bulk,,4.19,28.16,Job Transfer,Yes,David Thompson,8374
8375,Null,Null,M L S,,18.81,13.29,Job Transfer,Yes,Emily Patel,8375
8376,Offered,Cancelled,Broker,No,10.07,23.84,,No,David Thompson,8376
8377,Offered,Pending,M L S,No,8.16,6.3,Job Transfer,Yes,Jessica Lin,8377
8378, ,Kick,Broker,No,8.88,18.21,,Yes,Emily Patel,8378
8379,Closed,Pending, MLS,No,10.86,26.9,Investor Sale,,Jason Miller,8379
8380,Closed,Close,Auction.com,No,17.9,10.8,Job Transfer,No,Priya Sharma,8380
8381,New,Cancel,Internal,Yes,5.51,16.63,Investor Sale,No,Samantha Pierce,8381
8382,Closed,Kick,Opendoor,Yes,12.74,27.12,Job Transfer,Yes,Luis Garcia,8382
8383,Neww,Null,M L S,Yes,19.15,26.2,Job Transfer,,Samantha Pierce,8383
8384,Null, ,M L S,No,19.66,22.87,Downsizing,No,David Thompson,8384
8385,Null,Always Kick,Broker,Yes,15.08,19.34,,Yes,David Thompson,8385
8386,Reviewed,Pending, MLS,Yes,3.0,19.21,,No,Jason Miller,8386
8387,Reviewed,Cancelled,M.L.S.,Yes,18.6,17.16,Investor Sale,Yes,Michael Chen,8387
8388,Offered,Cancelled,M.L.S.,,13.14,7.71,Job Transfer,,Jason Miller,8388
8389,Reviewed,Always Kick,Internal,,9.77,29.82,Downsizing,No,Emily Patel,8389
8390,Neww,Pend,Opendoor,,18.46,6.21,,Yes,Amit Kumar,8390
8391,Offered, Close ,M L S,No,15.76,23.04,Downsizing,,Amit Kumar,8391
8392,Closed,Always Kick,Internal,No,9.37,8.19,Downsizing,Yes,Sophia Williams,8392
8393, Closed,Close, MLS,,12.46,19.91,Job Transfer,No,Amit Kumar,8393
8394, Closed,Pending,M.L.S.,,6.8,13.46,Investor Sale,,Samantha Pierce,8394
8395,New, ,M L S,,15.94,28.35,Investor Sale,Yes,Sophia Williams,8395
8396, Closed,Closed,M L S,,16.02,25.53,Downsizing,,Emily Patel,8396
8397,Closed,Cancelled,M.L.S.,No,2.78,11.29,Downsizing,,Jason Miller,8397
8398, Closed,Closed, MLS,No,16.45,6.02,,No,Luis Garcia,8398
8399,Reviewed,Kick,Internal,Yes,3.71,20.43,Investor Sale,Yes,Amit Kumar,8399
8400,Offered,Available, MLS,,15.56,8.42,Investor Sale,No,David Thompson,8400
8401, Closed,Pend,M L S,Yes,7.19,19.99,Investor Sale,,Luis Garcia,8401
8402,Neww, Close ,Internal,,7.99,18.96,,Yes,Emily Patel,8402
8403,Neww,Available,Opendoor,,11.83,28.77,Downsizing,No,Sophia Williams,8403
8404, Closed, Close ,Bulk,,6.66,29.96,Investor Sale,,Priya Sharma,8404
8405,Offered,Cancelled,Internal,Yes,17.82,9.69,,,Luis Garcia,8405
8406,Null, Close ,Broker,,7.15,10.32,Investor Sale,,Emily Patel,8406
8407,Null,Cancel,Auction.com,Yes,10.89,8.74,Investor Sale,Yes,Michael Chen,8407
8408,Accepted Offer,Null,Auction.com,Yes,14.33,17.13,,Yes,Priya Sharma,8408
8409,New,Always Kick,Bulk,No,19.29,29.31,Investor Sale,No,Jason Miller,8409
8410,Cancelled,Cancel,M.L.S.,,17.86,11.72,,,David Thompson,8410
8411,Null,Always Kick,Internal,Yes,3.93,18.95,Downsizing,Yes,Jason Miller,8411
8412,Reviewed,Close,Bulk,,9.49,7.05,Job Transfer,No,Jessica Lin,8412
8413, Closed,Closed,Internal,,18.18,28.7,Job Transfer,No,Amit Kumar,8413
8414,New,Pend,Auction.com,Yes,5.4,17.81,Downsizing,,Michael Chen,8414
8415, Closed,Null,M.L.S.,Yes,20.0,25.91,Investor Sale,No,David Thompson,8415
8416, ,Pending,Broker,No,8.93,9.94,Downsizing,,Michael Chen,8416
8417,Accepted Offer,Close,Opendoor,,4.29,7.38,Downsizing,No,Jessica Lin,8417
8418, Closed,Closed,Internal,,2.29,26.77,Investor Sale,,Michael Chen,8418
8419,Offered,Pending,Bulk,,11.48,27.89,Job Transfer,,David Thompson,8419
8420,Closed,Close,M L S,Yes,7.38,9.53,Job Transfer,Yes,Priya Sharma,8420
8421,Cancelled,Cancelled,M.L.S.,Yes,9.72,17.69,Investor Sale,Yes,Michael Chen,8421
8422,Accepted Offer,Cancel,M.L.S.,,16.36,20.04,Downsizing,No,Jessica Lin,8422
8423,Closed,Closed,Broker,No,17.44,16.16,Investor Sale,,Samantha Pierce,8423
8424,New,Cancelled,Auction.com,Yes,18.21,15.17,,Yes,Jessica Lin,8424
8425,Null,Pending,Opendoor,,14.42,6.24,Downsizing,,Amit Kumar,8425
8426,Cancelled,Null,Opendoor,Yes,10.77,11.03,Downsizing,Yes,Samantha Pierce,8426
8427,Offered,Always Kick,Internal,Yes,10.59,10.77,Job Transfer,,Jason Miller,8427
8428, Closed,Cancel,M L S,No,5.86,25.95,Investor Sale,Yes,Amit Kumar,8428
8429,Neww,Cancelled,Broker,Yes,8.16,9.61,Investor Sale,,Samantha Pierce,8429
8430,Accepted Offer,Null, MLS,No,19.59,15.21,Investor Sale,No,Priya Sharma,8430
8431, ,Close,Broker,Yes,6.88,19.74,Job Transfer,No,Priya Sharma,8431
8432, , Close ,M.L.S.,,16.06,19.63,Downsizing,No,Priya Sharma,8432
8433, ,Pending,Internal,Yes,6.77,15.17,,No,Samantha Pierce,8433
8434, ,Kick,Bulk,No,2.74,14.4,Job Transfer,No,Michael Chen,8434
8435,Reviewed,Cancel,M.L.S.,Yes,8.86,20.83,Job Transfer,No,Jessica Lin,8435
8436,New,Cancelled, MLS,Yes,15.92,25.7,Downsizing,,Amit Kumar,8436
8437, ,Available, MLS,,10.65,28.34,Job Transfer,Yes,Amit Kumar,8437
8438,Offered,Always Kick, MLS,No,15.5,21.01,,Yes,David Thompson,8438
8439,Null, ,Opendoor,,15.02,14.21,Downsizing,Yes,Amit Kumar,8439
8440,Reviewed, Close ,Opendoor,,10.25,28.81,,,Michael Chen,8440
8441, ,Pending,M.L.S.,,3.51,28.14,Downsizing,,Priya Sharma,8441
8442,Reviewed,Cancelled,Broker,No,16.96,9.83,Investor Sale,No,Sophia Williams,8442
8443,Neww,Pending,Internal,,6.48,19.09,Job Transfer,Yes,Priya Sharma,8443
8444, ,Null,Internal,Yes,7.85,23.36,Investor Sale,No,Emily Patel,8444
8445, ,Pend,Bulk,,6.77,28.91,,Yes,Jason Miller,8445
8446,Offered,Always Kick, MLS,No,15.47,14.15,Investor Sale,,Priya Sharma,8446
8447,Neww,Available,Broker,,13.84,12.27,Investor Sale,Yes,Samantha Pierce,8447
8448,Offered,Kick,M L S,,19.42,10.6,Downsizing,,Priya Sharma,8448
8449,Accepted Offer,Available, MLS,No,17.46,21.49,Investor Sale,Yes,Sophia Williams,8449
8450, Closed,Cancel, MLS,Yes,16.06,12.67,Investor Sale,No,Jason Miller,8450
8451,Closed,Close,Auction.com,No,14.53,28.72,,,Jessica Lin,8451
8452,Accepted Offer,Pend, MLS,No,7.05,6.46,Investor Sale,No,Michael Chen,8452
8453,Neww,Pending,Auction.com,,2.08,8.13,Downsizing,,Jason Miller,8453
8454,Accepted Offer, ,M.L.S.,Yes,10.01,11.91,Investor Sale,No,Jason Miller,8454
8455,Reviewed, ,Opendoor,,12.15,14.32,,,David Thompson,8455
8456, , Close ,M L S,Yes,17.57,15.97,Investor Sale,No,Sophia Williams,8456
8457,Accepted Offer, Close ,M.L.S.,,19.12,12.36,Investor Sale,No,David Thompson,8457
8458,Null,Kick,M.L.S.,,17.94,11.11,Job Transfer,,Samantha Pierce,8458
8459,Cancelled,Pending,M L S,Yes,12.41,16.39,,Yes,Priya Sharma,8459
8460,Null,Cancelled,Bulk,Yes,7.86,15.31,Job Transfer,Yes,Jason Miller,8460
8461,New,Null,M L S,Yes,17.35,22.41,Job Transfer,,Sophia Williams,8461
8462,Neww,Null,Internal,,4.22,8.6,,Yes,Emily Patel,8462
8463,Neww, , MLS,Yes,18.17,11.32,Investor Sale,No,Luis Garcia,8463
8464,Offered,Cancel,M L S,,18.94,27.57,,No,Priya Sharma,8464
8465,Closed,Cancelled, MLS,,5.11,17.56,,,Jason Miller,8465
8466, ,Close, MLS,No,3.58,24.19,Downsizing,Yes,Luis Garcia,8466
8467,Accepted Offer, ,M L S,No,4.16,8.43,Investor Sale,No,Michael Chen,8467
8468, ,Cancel,Opendoor,,8.3,10.08,Downsizing,Yes,David Thompson,8468
8469, ,Pend,Opendoor,,9.89,24.42,,Yes,Sophia Williams,8469
8470,Null,Cancel,Opendoor,,9.55,23.06,Investor Sale,Yes,Luis Garcia,8470
8471, Closed,Kick,Bulk,No,7.11,6.2,Downsizing,,Luis Garcia,8471
8472,Closed,Null,Broker,No,7.69,26.87,Downsizing,,Sophia Williams,8472
8473, Closed,Close,Opendoor,,8.41,16.78,Downsizing,No,Amit Kumar,8473
8474,Reviewed,Pend, MLS,No,18.45,15.65,Downsizing,No,Priya Sharma,8474
8475,Null, ,Bulk,,19.99,28.08,Job Transfer,,Jason Miller,8475
8476,Cancelled, , MLS,,15.9,23.4,,,Priya Sharma,8476
8477, Closed,Pending,Broker,,8.86,24.41,,Yes,David Thompson,8477
8478,Neww, ,Bulk,Yes,15.23,11.52,Investor Sale,No,Jason Miller,8478
8479,Accepted Offer,Available, MLS,No,10.43,29.3,Downsizing,Yes,Samantha Pierce,8479
8480,Offered, ,M L S,Yes,9.49,9.48,,No,Jessica Lin,8480
8481, Closed,Available,Internal,No,19.37,9.62,Downsizing,,Jessica Lin,8481
8482, ,Pending,Broker,Yes,17.56,27.75,Downsizing,No,Emily Patel,8482
8483,Neww,Kick,Internal,No,19.54,26.05,Job Transfer,Yes,Luis Garcia,8483
8484,Reviewed,Kick,Auction.com,Yes,5.64,21.05,Job Transfer,,David Thompson,8484
8485,Reviewed,Pend,Bulk,,17.03,25.31,Job Transfer,Yes,David Thompson,8485
8486, Closed,Null,M L S,Yes,11.74,18.78,Job Transfer,Yes,Priya Sharma,8486
8487,New,Closed,Opendoor,,2.52,7.83,,No,Sophia Williams,8487
8488,New,Always Kick,Broker,Yes,16.27,15.14,Job Transfer,No,Sophia Williams,8488
8489,Cancelled,Cancel,M L S,Yes,19.41,5.03,,,Emily Patel,8489
8490, Closed, Close ,M L S,No,7.98,20.27,Downsizing,,Samantha Pierce,8490
8491,Offered,Cancelled,M.L.S.,No,8.94,10.46,Job Transfer,Yes,Samantha Pierce,8491
8492,Neww,Null, MLS,No,5.51,26.0,Job Transfer,Yes,Michael Chen,8492
8493, , ,Opendoor,No,6.07,8.45,,No,Samantha Pierce,8493
8494,Cancelled,Pending,Opendoor,,6.93,11.92,Downsizing,,Emily Patel,8494
8495,Accepted Offer,Pend,Broker,Yes,13.8,7.72,Investor Sale,,Jason Miller,8495
8496,Offered,Cancelled,Auction.com,Yes,17.56,9.8,Investor Sale,,Jason Miller,8496
8497, ,Closed,Opendoor,,12.08,19.42,Downsizing,Yes,David Thompson,8497
8498,New,Always Kick,M L S,No,14.8,20.3,,,Luis Garcia,8498
8499, Closed,Pending,Internal,No,17.37,20.69,Job Transfer,No,Luis Garcia,8499
8500,Offered, Close ,M.L.S.,Yes,14.96,18.13,,Yes,Priya Sharma,8500
8501,Cancelled,Cancelled,M L S,No,6.79,26.15,,No,Priya Sharma,8501
8502,Neww,Cancelled,Internal,,13.58,27.78,Job Transfer,No,David Thompson,8502
8503, ,Cancelled,Internal,,5.38,14.52,,No,David Thompson,8503
8504,Accepted Offer, Close ,M L S,Yes,13.93,22.74,Downsizing,No,Michael Chen,8504
8505,Neww,Cancel, MLS,,9.56,13.17,,,David Thompson,8505
8506, , Close ,Auction.com,,7.15,5.91,Downsizing,No,Michael Chen,8506
8507,Accepted Offer,Kick,Internal,No,11.91,14.13,,Yes,Sophia Williams,8507
8508,Offered,Always Kick,Internal,,17.57,11.13,,Yes,Priya Sharma,8508
8509, Closed,Available, MLS,No,9.11,16.89,,Yes,Priya Sharma,8509
8510,Null,Null,Opendoor,Yes,17.3,17.18,Investor Sale,No,David Thompson,8510
8511,Reviewed,Pending,Auction.com,Yes,18.85,8.15,Job Transfer,,Amit Kumar,8511
8512, Closed,Pending,Internal,Yes,17.02,15.16,,Yes,Emily Patel,8512
8513, ,Close, MLS,Yes,6.41,11.27,Downsizing,Yes,Amit Kumar,8513
8514,New,Cancelled,M L S,No,16.15,13.98,Downsizing,,Samantha Pierce,8514
8515,Offered,Closed,Bulk,,11.29,27.06,Job Transfer,Yes,Emily Patel,8515
8516,Closed,Available,Broker,Yes,9.27,29.6,Downsizing,,Emily Patel,8516
8517,Neww,Cancelled, MLS,No,13.55,28.93,,No,Priya Sharma,8517
8518,New, Close ,Auction.com,Yes,3.66,20.34,Investor Sale,Yes,Michael Chen,8518
8519,Cancelled, Close , MLS,No,5.79,9.66,Downsizing,,Samantha Pierce,8519
8520,Cancelled,Null,Bulk,No,9.05,7.08,Downsizing,,Sophia Williams,8520
8521,Accepted Offer,Null,Bulk,Yes,17.69,9.62,,Yes,Sophia Williams,8521
8522,Closed,Pend,M L S,No,19.53,7.14,Job Transfer,Yes,Amit Kumar,8522
8523,New,Pend,M L S,Yes,11.18,9.17,Investor Sale,Yes,Amit Kumar,8523
8524, ,Available,Opendoor,No,4.64,25.96,Job Transfer,,Luis Garcia,8524
8525,Accepted Offer,Cancel, MLS,,9.85,27.4,,No,Samantha Pierce,8525
8526,Null, Close ,M L S,No,2.94,26.71,Job Transfer,,Amit Kumar,8526
8527,Neww,Cancelled,Auction.com,No,5.82,27.62,Job Transfer,Yes,Priya Sharma,8527
8528,Null, ,Auction.com,Yes,15.42,24.93,Downsizing,No,Priya Sharma,8528
8529,Offered, ,Opendoor,Yes,15.36,27.46,Downsizing,Yes,Michael Chen,8529
8530,Null,Closed,M L S,Yes,3.36,23.27,Job Transfer,,Sophia Williams,8530
8531,Accepted Offer,Cancel,M L S,No,17.38,22.55,Downsizing,,Jason Miller,8531
8532,Neww, Close , MLS,No,9.6,24.68,Job Transfer,Yes,Samantha Pierce,8532
8533,Neww,Pend,Auction.com,Yes,3.11,22.65,,No,David Thompson,8533
8534,Accepted Offer,Close,M L S,,5.82,6.13,,Yes,Michael Chen,8534
8535, ,Null,M L S,No,2.38,27.12,Job Transfer,No,Priya Sharma,8535
8536,Reviewed,Available,Opendoor,,6.29,23.66,Downsizing,,Samantha Pierce,8536
8537,Offered,Closed,M.L.S.,Yes,19.36,23.96,Investor Sale,,Michael Chen,8537
8538,New,Close,Internal,Yes,12.84,8.14,Downsizing,Yes,Luis Garcia,8538
8539,Accepted Offer,Pending,Bulk,,19.94,18.77,Investor Sale,,Emily Patel,8539
8540,Cancelled,Closed,Opendoor,Yes,18.16,25.38,Investor Sale,,Michael Chen,8540
8541, ,Null,M L S,,11.84,29.76,Job Transfer,No,Emily Patel,8541
8542, Closed,Null,Broker,No,17.47,7.62,,,David Thompson,8542
8543,Cancelled,Closed, MLS,,12.76,21.84,Job Transfer,No,Amit Kumar,8543
8544,Reviewed,Pend,M.L.S.,,13.63,13.63,Downsizing,,Sophia Williams,8544
8545,New,Kick,Broker,Yes,14.77,19.54,Downsizing,No,Luis Garcia,8545
8546, Closed,Close,Bulk,,18.49,25.33,Downsizing,No,Jason Miller,8546
8547,New, Close ,Bulk,Yes,9.09,10.42,,No,Amit Kumar,8547
8548,Accepted Offer, ,Opendoor,,14.01,14.01,Job Transfer,,Emily Patel,8548
8549,Neww,Cancel,M L S,No,8.49,22.98,Job Transfer,Yes,Luis Garcia,8549
8550,Null,Null,Broker,Yes,19.17,28.65,,No,Sophia Williams,8550
8551,New,Always Kick,M.L.S.,No,11.58,19.35,Investor Sale,,David Thompson,8551
8552,Null,Cancel, MLS,Yes,8.72,23.94,Downsizing,,Jessica Lin,8552
8553, Closed,Pending,Bulk,No,2.94,28.28,Job Transfer,,Samantha Pierce,8553
8554,Neww,Null,Internal,Yes,10.64,15.6,Investor Sale,Yes,Luis Garcia,8554
8555,Null,Cancel,Bulk,No,17.14,12.88,Downsizing,Yes,Luis Garcia,8555
8556,Neww,Always Kick, MLS,,8.26,8.54,,No,Michael Chen,8556
8557,Closed, Close ,Internal,No,16.97,6.88,Downsizing,No,Jessica Lin,8557
8558,New,Null,Bulk,,9.62,28.03,,,Priya Sharma,8558
8559,Offered,Cancel,Internal,No,14.7,24.51,Downsizing,Yes,Priya Sharma,8559
8560,Neww,Null,Opendoor,,19.39,22.09,Downsizing,Yes,Priya Sharma,8560
8561, Closed,Always Kick,Internal,No,19.71,21.66,,Yes,Samantha Pierce,8561
8562,Offered,Available,M L S,Yes,5.55,15.24,Investor Sale,Yes,Amit Kumar,8562
8563, ,Available, MLS,Yes,8.87,10.61,,,Jessica Lin,8563
8564,Accepted Offer,Cancelled,M L S,No,3.61,8.61,Investor Sale,No,David Thompson,8564
8565,Null,Closed,Bulk,,12.57,15.3,,,Michael Chen,8565
8566,Neww,Available,M L S,Yes,14.08,29.92,Downsizing,Yes,David Thompson,8566
8567,Offered,Kick,Broker,Yes,10.09,7.36,,Yes,Priya Sharma,8567
8568, ,Cancelled,M.L.S.,No,9.68,20.62,Job Transfer,,Luis Garcia,8568
8569, Closed,Cancelled, MLS,,7.8,7.7,Investor Sale,No,Emily Patel,8569
8570, , Close ,Internal,,5.22,17.63,Downsizing,,Sophia Williams,8570
8571,Neww,Cancel, MLS,,6.31,22.72,Job Transfer,No,Samantha Pierce,8571
8572,Closed,Closed,Auction.com,No,18.92,28.05,,Yes,Sophia Williams,8572
8573,New, Close ,Internal,,4.07,17.06,Job Transfer,Yes,Emily Patel,8573
8574, Closed,Pending,Internal,,15.3,26.82,Investor Sale,No,Samantha Pierce,8574
8575,Neww,Close,M.L.S.,No,4.52,26.54,Investor Sale,No,Jason Miller,8575
8576,New,Available,Internal,No,2.64,28.53,Investor Sale,Yes,Samantha Pierce,8576
8577,Closed,Close,M L S,Yes,6.03,25.25,,Yes,Luis Garcia,8577
8578,Neww,Always Kick,Broker,No,4.67,20.34,Job Transfer,No,Samantha Pierce,8578
8579,Closed,Pend, MLS,Yes,17.02,23.56,,,Emily Patel,8579
8580,Neww, ,Auction.com,Yes,5.73,29.58,Investor Sale,No,Luis Garcia,8580
8581,Accepted Offer,Pending,M L S,,11.22,23.08,Job Transfer,Yes,Emily Patel,8581
8582,Reviewed,Pending,Opendoor,No,7.27,8.09,Downsizing,Yes,Jason Miller,8582
8583,Cancelled,Cancelled,Bulk,,14.53,15.23,Downsizing,Yes,Amit Kumar,8583
8584,New,Pend,Opendoor,,3.91,5.54,Downsizing,No,Samantha Pierce,8584
8585,Neww,Kick,Bulk,No,6.77,5.58,,Yes,David Thompson,8585
8586,Null,Available,Bulk,,9.71,10.92,Investor Sale,No,Luis Garcia,8586
8587,Closed,Pending,Auction.com,No,11.44,19.12,Investor Sale,Yes,David Thompson,8587
8588,Closed,Cancelled,Bulk,Yes,17.12,22.52,Downsizing,Yes,Samantha Pierce,8588
8589,New,Available,Opendoor,,8.38,6.39,Downsizing,,Michael Chen,8589
8590,Cancelled, Close , MLS,,2.34,13.55,Downsizing,No,Michael Chen,8590
8591, , ,Bulk,Yes,9.28,26.47,Job Transfer,No,Amit Kumar,8591
8592,Null, ,Bulk,No,15.61,28.1,Downsizing,No,Luis Garcia,8592
8593,Offered,Available,Internal,,18.76,29.63,Investor Sale,Yes,David Thompson,8593
8594,Reviewed,Available,Auction.com,Yes,11.82,16.15,,Yes,Priya Sharma,8594
8595,New, Close ,M L S,Yes,11.76,6.59,Downsizing,,David Thompson,8595
8596,Cancelled,Pending,Opendoor,No,8.63,11.63,Downsizing,Yes,Emily Patel,8596
8597, , ,Broker,No,4.36,27.72,,,Samantha Pierce,8597
8598, Closed,Null, MLS,,15.65,20.38,Downsizing,Yes,Sophia Williams,8598
8599,Neww,Cancelled,Bulk,No,8.97,17.91,Investor Sale,,Sophia Williams,8599
8600,Cancelled, ,Broker,,5.55,27.71,,Yes,Michael Chen,8600
8601,Cancelled,Always Kick,M L S,No,18.55,27.11,Investor Sale,No,Priya Sharma,8601
8602,Reviewed,Always Kick,Opendoor,No,2.89,27.15,,Yes,Luis Garcia,8602
8603,Offered,Null,Bulk,No,14.45,9.6,Downsizing,No,Priya Sharma,8603
8604, Closed,Cancelled,Bulk,Yes,3.22,12.64,Downsizing,Yes,David Thompson,8604
8605,New,Kick,Bulk,No,10.43,7.73,Job Transfer,Yes,Jason Miller,8605
8606,Neww,Pending,M.L.S.,No,2.02,8.87,Job Transfer,Yes,Luis Garcia,8606
8607,Cancelled,Pend,Bulk,No,12.11,11.62,,No,Michael Chen,8607
8608, Closed, Close ,Broker,No,3.06,18.07,Job Transfer,No,Jason Miller,8608
8609,New,Pending,Opendoor,,3.93,22.41,Downsizing,No,Priya Sharma,8609
8610,Offered,Null,M L S,No,5.87,18.68,Investor Sale,,Sophia Williams,8610
8611,Closed,Cancel, MLS,No,6.36,15.04,Job Transfer,,Sophia Williams,8611
8612,Null,Null,Bulk,No,4.88,23.51,Job Transfer,No,Luis Garcia,8612
8613,Reviewed,Cancelled,Bulk,Yes,19.48,29.61,Job Transfer,,Michael Chen,8613
8614, ,Always Kick,M.L.S.,Yes,5.76,23.74,Job Transfer,No,Emily Patel,8614
8615,Reviewed, Close , MLS,No,18.52,18.16,Investor Sale,,Sophia Williams,8615
8616,Closed, , MLS,,9.16,15.09,,No,Jason Miller,8616
8617, , Close ,Internal,No,16.6,9.01,Downsizing,No,Luis Garcia,8617
8618, Closed, Close ,Auction.com,Yes,19.22,27.7,Investor Sale,Yes,Michael Chen,8618
8619, Closed,Kick,Auction.com,,3.31,17.44,Investor Sale,Yes,Sophia Williams,8619
8620,Reviewed,Close,Broker,No,19.59,25.58,Job Transfer,No,Amit Kumar,8620
8621,Reviewed,Null,Internal,No,8.75,8.27,Job Transfer,No,Jason Miller,8621
8622,Reviewed,Pending,Bulk,,7.6,9.01,Job Transfer,,Luis Garcia,8622
8623, ,Null,Bulk,No,12.65,17.72,,No,Amit Kumar,8623
8624, Closed,Pend,Broker,Yes,3.41,6.26,Investor Sale,Yes,Samantha Pierce,8624
8625,Reviewed,Available,Opendoor,No,17.61,27.78,,Yes,Priya Sharma,8625
8626,Cancelled,Cancel,Auction.com,No,9.8,9.03,Job Transfer,No,Sophia Williams,8626
8627,Accepted Offer,Pending,Broker,,11.94,10.09,Job Transfer,No,Jason Miller,8627
8628,Closed,Closed,Broker,No,5.38,14.63,,Yes,Emily Patel,8628
8629,Neww,Cancelled,M.L.S.,,4.66,19.68,Downsizing,Yes,Priya Sharma,8629
8630,Cancelled,Cancel,Opendoor,Yes,13.79,7.96,Downsizing,No,Jason Miller,8630
8631, ,Always Kick,Broker,,17.81,22.54,Investor Sale,,Sophia Williams,8631
8632, Closed,Kick,Bulk,,16.79,5.99,,,Amit Kumar,8632
8633,Neww,Available,Bulk,,2.56,28.59,Job Transfer,,Michael Chen,8633
8634, Closed,Available,Auction.com,Yes,2.39,23.22,,,Amit Kumar,8634
8635, , Close ,Bulk,Yes,15.14,27.67,,,David Thompson,8635
8636, ,Kick,M L S,No,10.47,18.01,Investor Sale,No,Luis Garcia,8636
8637,Neww, ,Opendoor,No,9.04,23.16,Downsizing,Yes,Jason Miller,8637
8638,New, ,Opendoor,Yes,7.09,15.87,,No,Jason Miller,8638
8639, Closed,Cancelled,M.L.S.,No,15.31,28.82,Downsizing,No,Priya Sharma,8639
8640,Offered,Null,Opendoor,Yes,5.68,27.03,,,Luis Garcia,8640
8641,Null,Always Kick,M L S,,3.21,5.53,Job Transfer,,Michael Chen,8641
8642,Closed, ,Broker,,18.53,13.15,Investor Sale,Yes,Jessica Lin,8642
8643,Offered,Kick,M.L.S.,Yes,2.1,27.72,Investor Sale,,Amit Kumar,8643
8644,New, Close ,Bulk,No,9.67,7.12,Job Transfer,Yes,Jessica Lin,8644
8645,Cancelled,Cancel, MLS,No,10.7,21.28,Job Transfer,No,Jessica Lin,8645
8646,Null,Pend,Bulk,,11.41,10.94,Downsizing,No,Samantha Pierce,8646
8647,Null,Null,Opendoor,No,2.18,5.8,,No,Michael Chen,8647
8648,Null,Pending,Internal,,13.63,7.87,Downsizing,Yes,Sophia Williams,8648
8649,New, Close ,M.L.S.,,16.19,5.6,Job Transfer,No,Jessica Lin,8649
8650,New,Closed,Auction.com,,5.73,27.68,Downsizing,Yes,Jason Miller,8650
8651, ,Close,Bulk,Yes,11.89,19.89,,,Jessica Lin,8651
8652,Offered, ,Bulk,,6.99,13.98,,Yes,Emily Patel,8652
8653,Accepted Offer,Close, MLS,No,5.38,11.42,Investor Sale,,Sophia Williams,8653
8654,Cancelled,Kick,M L S,No,7.72,12.36,Job Transfer,Yes,Emily Patel,8654
8655,Closed,Pending,Opendoor,Yes,12.05,20.74,,,Sophia Williams,8655
8656, Closed,Available,Broker,Yes,16.8,23.45,Downsizing,Yes,Michael Chen,8656
8657,Closed,Kick,Bulk,Yes,2.46,22.69,Downsizing,Yes,David Thompson,8657
8658,Offered,Always Kick,Bulk,Yes,17.45,17.16,Job Transfer,,Michael Chen,8658
8659,Closed,Available,Internal,No,6.26,15.46,Job Transfer,Yes,Jessica Lin,8659
8660,Closed,Null, MLS,,6.59,26.93,Job Transfer,,Sophia Williams,8660
8661,New,Always Kick,Internal,Yes,10.59,29.44,,,Sophia Williams,8661
8662, , ,M.L.S.,,3.85,8.06,Downsizing,Yes,Amit Kumar,8662
8663,New, ,Opendoor,,7.74,7.43,Job Transfer,No,Michael Chen,8663
8664,Neww,Kick,Auction.com,,4.1,18.33,,Yes,David Thompson,8664
8665,Offered,Close,Internal,No,10.31,23.9,Downsizing,,Michael Chen,8665
8666, ,Null,M L S,,9.28,16.5,Job Transfer,Yes,Priya Sharma,8666
8667,New,Always Kick,Broker,No,12.43,26.19,,Yes,Jason Miller,8667
8668,Cancelled,Cancel,M.L.S.,,4.16,25.45,,Yes,David Thompson,8668
8669,Offered, Close , MLS,No,2.85,9.12,Job Transfer,Yes,Jason Miller,8669
8670,New,Kick,Auction.com,Yes,11.53,8.32,Investor Sale,,Jason Miller,8670
8671,Cancelled, ,M L S,,10.77,14.85,Downsizing,No,Luis Garcia,8671
8672, ,Always Kick,Auction.com,Yes,12.91,28.9,Job Transfer,No,Samantha Pierce,8672
8673,Reviewed,Cancel,M.L.S.,,9.19,25.94,Investor Sale,,Samantha Pierce,8673
8674,Offered,Cancelled, MLS,,5.69,18.49,Downsizing,Yes,Michael Chen,8674
8675,Accepted Offer,Always Kick,Bulk,No,18.74,18.09,Downsizing,,Michael Chen,8675
8676,Closed,Cancelled,M L S,Yes,8.34,8.68,Investor Sale,No,Emily Patel,8676
8677,Cancelled,Close,M.L.S.,,13.69,5.87,Investor Sale,Yes,Samantha Pierce,8677
8678,Neww,Cancel,Broker,No,18.88,15.18,,No,Luis Garcia,8678
8679,New,Always Kick,M.L.S.,Yes,11.25,21.96,Investor Sale,No,Jason Miller,8679
8680,Reviewed,Closed,Internal,No,8.54,22.58,,No,Michael Chen,8680
8681,Neww,Always Kick,Broker,,9.63,20.55,,,Samantha Pierce,8681
8682,New, Close , MLS,No,13.68,24.12,,No,David Thompson,8682
8683,Closed,Kick,Broker,No,12.24,10.09,Job Transfer,No,Michael Chen,8683
8684,Offered,Kick,Auction.com,Yes,18.5,27.64,Investor Sale,,Luis Garcia,8684
8685,Null, ,Broker,Yes,18.73,12.3,,,Jessica Lin,8685
8686,Reviewed,Close, MLS,,9.96,6.68,Job Transfer,,Sophia Williams,8686
8687, ,Cancel,M L S,Yes,12.96,17.4,Investor Sale,No,Amit Kumar,8687
8688,Reviewed,Pend,Bulk,No,19.42,16.92,Investor Sale,No,Samantha Pierce,8688
8689,Reviewed,Null,Internal,Yes,19.72,29.9,,No,Amit Kumar,8689
8690,Null,Kick,Bulk,Yes,17.83,7.77,Investor Sale,,Jessica Lin,8690
8691, Closed,Closed,M L S,No,5.16,11.49,Downsizing,No,Emily Patel,8691
8692, ,Pend,Auction.com,Yes,4.56,5.48,Job Transfer,Yes,Jessica Lin,8692
8693,Accepted Offer,Available,M.L.S.,No,3.5,8.27,Investor Sale,Yes,Priya Sharma,8693
8694,Cancelled,Always Kick,Broker,,7.65,9.82,,No,Michael Chen,8694
8695,Closed,Cancelled,Auction.com,Yes,6.56,7.42,,No,Luis Garcia,8695
8696,New,Always Kick,Auction.com,No,9.11,6.48,Job Transfer,No,Emily Patel,8696
8697,Cancelled, Close , MLS,Yes,19.95,7.76,Investor Sale,,Emily Patel,8697
8698,Offered,Closed, MLS,,9.98,18.4,Investor Sale,,Emily Patel,8698
8699,Neww,Cancel,Broker,No,10.64,14.09,Investor Sale,No,Jason Miller,8699
8700,Accepted Offer,Null,Internal,,18.73,15.7,,,Michael Chen,8700
8701,Cancelled, ,Auction.com,Yes,16.01,25.47,Job Transfer,,Emily Patel,8701
8702,Null,Null,Broker,,8.62,13.62,,Yes,David Thompson,8702
8703,Cancelled,Close,Internal,,10.6,26.06,Downsizing,Yes,Samantha Pierce,8703
8704, ,Always Kick,Auction.com,,11.7,14.4,,No,Jason Miller,8704
8705,Cancelled,Closed,M L S,No,3.86,24.23,,,Samantha Pierce,8705
8706,Offered, Close ,M.L.S.,Yes,7.49,5.7,Investor Sale,,Amit Kumar,8706
8707,Closed,Pend,Bulk,Yes,17.3,28.7,Job Transfer,No,Sophia Williams,8707
8708, Closed,Close,Bulk,Yes,16.26,12.19,,Yes,Jessica Lin,8708
8709,Reviewed,Closed,Broker,Yes,2.67,19.55,Investor Sale,Yes,Amit Kumar,8709
8710,Neww,Cancelled,Internal,No,14.83,26.88,Investor Sale,No,Priya Sharma,8710
8711, ,Close,M L S,Yes,11.47,7.75,Investor Sale,Yes,Sophia Williams,8711
8712,New,Pend,M.L.S.,,18.67,28.46,Downsizing,No,Emily Patel,8712
8713, Closed,Pending,M.L.S.,No,4.11,17.34,Downsizing,No,Jessica Lin,8713
8714,New,Always Kick,M.L.S.,No,10.47,7.53,Downsizing,,Jason Miller,8714
8715,New,Cancelled,Broker,,16.8,26.71,Investor Sale,Yes,Samantha Pierce,8715
8716, Closed,Available, MLS,Yes,10.37,25.74,Investor Sale,,Priya Sharma,8716
8717,Cancelled,Pending,Internal,Yes,15.5,28.35,,Yes,Samantha Pierce,8717
8718,Closed, Close ,Auction.com,Yes,4.29,25.02,Job Transfer,,Michael Chen,8718
8719,Offered,Cancelled,Internal,,4.83,21.33,Investor Sale,,Sophia Williams,8719
8720,Null,Close, MLS,Yes,13.55,29.64,Job Transfer,,Samantha Pierce,8720
8721,Reviewed, Close ,M L S,No,16.69,10.81,Investor Sale,,David Thompson,8721
8722,Cancelled,Cancel,Opendoor,Yes,4.07,21.23,Downsizing,Yes,Samantha Pierce,8722
8723, Closed,Null,Bulk,Yes,18.39,20.02,,Yes,Luis Garcia,8723
8724,Accepted Offer,Pending,Bulk,,8.79,9.72,Job Transfer,Yes,Samantha Pierce,8724
8725,Closed,Null,M.L.S.,,7.91,29.72,Job Transfer,No,Emily Patel,8725
8726,Offered,Pend,Opendoor,Yes,19.13,20.55,Downsizing,No,Priya Sharma,8726
8727,Cancelled,Pend, MLS,No,10.9,5.46,Job Transfer,,Sophia Williams,8727
8728, Closed,Pend,Auction.com,Yes,19.74,6.05,Investor Sale,,Priya Sharma,8728
8729,Cancelled,Cancelled,Auction.com,No,11.41,19.73,Downsizing,,David Thompson,8729
8730,Null, Close ,Broker,Yes,14.43,8.59,,,David Thompson,8730
8731,New,Available,Opendoor,Yes,12.85,28.92,Downsizing,Yes,Samantha Pierce,8731
8732, Closed,Always Kick,M.L.S.,No,12.59,11.78,Job Transfer,,Samantha Pierce,8732
8733,New,Pend,Opendoor,Yes,9.18,10.65,Job Transfer,,Samantha Pierce,8733
8734, Closed,Close,Auction.com,,7.52,5.12,Job Transfer,Yes,Emily Patel,8734
8735,Closed,Always Kick,M L S,,18.16,29.23,Investor Sale,,Jessica Lin,8735
8736,Offered,Pend,M.L.S.,No,17.71,28.52,Downsizing,Yes,Jason Miller,8736
8737,Cancelled,Always Kick,Internal,,4.86,7.97,Job Transfer,No,Sophia Williams,8737
8738,New,Closed,Opendoor,No,18.14,16.62,Downsizing,Yes,David Thompson,8738
8739,Closed,Always Kick,Auction.com,No,18.64,6.33,Job Transfer,Yes,Luis Garcia,8739
8740,Cancelled,Always Kick,M L S,No,7.1,19.82,Downsizing,No,Emily Patel,8740
8741,New, Close ,Broker,No,12.82,27.71,Job Transfer,,David Thompson,8741
8742,Reviewed,Pending,M L S,No,12.27,27.97,Investor Sale,No,Samantha Pierce,8742
8743,Reviewed,Null,M.L.S.,Yes,14.33,14.78,Investor Sale,No,Sophia Williams,8743
8744, ,Null,M L S,Yes,16.61,7.71,,No,Jason Miller,8744
8745,Closed,Pending,Bulk,,16.51,11.22,Job Transfer,Yes,Priya Sharma,8745
8746,Neww,Always Kick,Opendoor,,15.44,26.6,Investor Sale,No,Priya Sharma,8746
8747,Reviewed,Closed,Broker,,18.41,5.93,Investor Sale,,Priya Sharma,8747
8748,New,Close,Bulk,Yes,4.19,29.54,Investor Sale,Yes,Emily Patel,8748
8749,Reviewed,Close,Broker,No,13.37,29.0,Downsizing,No,Amit Kumar,8749
8750, ,Cancel,Opendoor,,6.83,21.5,Downsizing,,Samantha Pierce,8750
8751,Null,Always Kick,Bulk,Yes,6.38,27.86,Downsizing,Yes,Sophia Williams,8751
8752,Closed,Available, MLS,,2.85,8.78,Downsizing,,Jason Miller,8752
8753,Null,Always Kick,Bulk,,2.57,24.22,Job Transfer,No,Amit Kumar,8753
8754,New, ,Broker,No,17.95,6.34,Job Transfer,,Amit Kumar,8754
8755,Accepted Offer, ,Bulk,Yes,14.6,10.89,,Yes,David Thompson,8755
8756,Neww,Available, MLS,No,15.32,20.21,Investor Sale,Yes,Priya Sharma,8756
8757,New,Cancel,Broker,No,8.92,25.78,Investor Sale,Yes,Priya Sharma,8757
8758, ,Closed,M.L.S.,Yes,15.37,16.95,Downsizing,No,Luis Garcia,8758
8759,Cancelled,Kick,Broker,,19.61,15.51,Investor Sale,Yes,Emily Patel,8759
8760,Closed,Null,M.L.S.,,17.03,16.6,,,Sophia Williams,8760
8761,New, ,M L S,,13.71,19.69,,,Michael Chen,8761
8762,Reviewed, ,Auction.com,No,19.32,8.17,Investor Sale,Yes,Amit Kumar,8762
8763,Closed, Close ,Internal,No,2.18,21.79,Downsizing,,Jason Miller,8763
8764, Closed,Pend,M.L.S.,No,12.75,22.4,,Yes,Luis Garcia,8764
8765,New,Always Kick,Auction.com,Yes,8.34,15.27,Job Transfer,Yes,Luis Garcia,8765
8766,Neww,Closed,M.L.S.,,12.55,18.41,Downsizing,No,Samantha Pierce,8766
8767,Null,Null,Broker,No,4.9,12.31,,No,Emily Patel,8767
8768,Neww, ,M.L.S.,,13.03,28.25,Downsizing,Yes,Jessica Lin,8768
8769,Offered,Pend,Internal,Yes,14.56,22.71,,Yes,Jessica Lin,8769
8770,Reviewed,Always Kick,M L S,No,16.78,21.33,Job Transfer,,Sophia Williams,8770
8771,Accepted Offer,Pending,Opendoor,,10.33,24.39,Job Transfer,No,Sophia Williams,8771
8772,Accepted Offer,Close,Internal,No,15.75,21.26,Downsizing,No,Luis Garcia,8772
8773,Reviewed,Pending,Internal,No,12.16,12.59,,,Luis Garcia,8773
8774, , ,Opendoor,Yes,14.18,6.95,,Yes,Amit Kumar,8774
8775,Offered,Kick,Opendoor,Yes,15.52,22.12,,,Jessica Lin,8775
8776, ,Cancelled,Broker,No,16.85,24.1,Job Transfer,,Emily Patel,8776
8777,Accepted Offer,Available,M.L.S.,,4.25,9.55,Job Transfer,,Samantha Pierce,8777
8778, ,Null,Auction.com,Yes,8.6,15.93,Downsizing,Yes,Michael Chen,8778
8779,Reviewed,Pend,Opendoor,,2.87,9.54,,No,David Thompson,8779
8780,Closed,Close,Bulk,,14.47,20.0,Downsizing,No,Michael Chen,8780
8781,Accepted Offer,Pending,Bulk,No,8.69,22.81,Downsizing,No,Priya Sharma,8781
8782,Accepted Offer,Available,Auction.com,,19.72,23.04,Job Transfer,Yes,Priya Sharma,8782
8783, ,Null,Opendoor,,3.5,9.04,Job Transfer,No,Jason Miller,8783
8784, Closed, Close ,Auction.com,No,16.31,25.69,Downsizing,No,Samantha Pierce,8784
8785,Closed,Pend,M.L.S.,Yes,17.69,18.93,,Yes,Priya Sharma,8785
8786,Closed,Close,Internal,No,14.46,10.07,Investor Sale,No,David Thompson,8786
8787,Cancelled,Always Kick,Opendoor,Yes,6.48,26.49,Investor Sale,Yes,Sophia Williams,8787
8788, ,Kick,M L S,,8.09,16.49,Investor Sale,No,Luis Garcia,8788
8789,Reviewed,Close,M L S,,8.8,23.79,,Yes,Luis Garcia,8789
8790, Closed, ,Broker,Yes,12.92,17.37,,Yes,Amit Kumar,8790
8791,Reviewed, Close ,Bulk,,12.6,19.75,,No,Sophia Williams,8791
8792, ,Pending,M.L.S.,No,4.22,18.95,,Yes,Sophia Williams,8792
8793,Accepted Offer,Pend,M L S,No,10.42,8.69,Downsizing,Yes,Jason Miller,8793
8794,Accepted Offer,Cancel,Broker,,16.88,27.43,Job Transfer,Yes,Samantha Pierce,8794
8795, ,Kick,Broker,Yes,10.4,22.43,Investor Sale,,Priya Sharma,8795
8796,Offered, Close ,Bulk,No,13.67,10.59,Job Transfer,,Emily Patel,8796
8797, Closed,Close,M L S,,17.61,20.14,,,Sophia Williams,8797
8798, , ,Internal,,12.84,10.42,Investor Sale,No,Luis Garcia,8798
8799,Cancelled, Close , MLS,,3.85,6.47,Job Transfer,,Jason Miller,8799
8800,Closed,Pend,Auction.com,,17.25,17.69,Investor Sale,No,Jason Miller,8800
8801,Cancelled,Closed,Internal,Yes,2.93,24.72,,,Amit Kumar,8801
8802,Cancelled,Pending,Bulk,,3.96,25.87,Investor Sale,Yes,Sophia Williams,8802
8803, Closed, ,Bulk,,2.56,22.62,Downsizing,,Luis Garcia,8803
8804,Accepted Offer,Cancelled,Bulk,No,18.73,11.79,Downsizing,,Samantha Pierce,8804
8805,Null, Close , MLS,Yes,16.61,24.99,,,Jessica Lin,8805
8806,Reviewed, Close ,Opendoor,Yes,10.01,7.35,Job Transfer,,Luis Garcia,8806
8807, Closed,Closed,Broker,Yes,6.61,23.15,Investor Sale,,Jessica Lin,8807
8808,New,Kick,Auction.com,No,5.83,11.28,Investor Sale,No,Amit Kumar,8808
8809, Closed,Closed,Bulk,Yes,18.79,6.04,Job Transfer,Yes,Luis Garcia,8809
8810, Closed,Close,Auction.com,No,2.91,21.65,,No,Sophia Williams,8810
8811,New,Available,Auction.com,Yes,17.86,24.64,Downsizing,,Jason Miller,8811
8812, ,Pend,M.L.S.,No,11.84,11.81,Job Transfer,,Jason Miller,8812
8813, ,Closed,M L S,Yes,14.82,22.94,Downsizing,Yes,Priya Sharma,8813
8814,Reviewed,Available,M L S,Yes,11.12,14.88,Downsizing,Yes,Jason Miller,8814
8815,Null,Cancelled,M.L.S.,,7.85,21.68,Job Transfer,Yes,Jessica Lin,8815
8816,New,Kick,M.L.S.,No,18.01,17.04,,No,Samantha Pierce,8816
8817, ,Always Kick,Auction.com,Yes,3.6,17.1,Job Transfer,,Jessica Lin,8817
8818,Accepted Offer, Close ,Auction.com,Yes,7.37,6.97,,Yes,Luis Garcia,8818
8819,Accepted Offer,Close,Bulk,,2.01,12.47,Downsizing,No,Jessica Lin,8819
8820,Offered,Available, MLS,,15.1,29.0,Job Transfer,No,David Thompson,8820
8821,Reviewed,Close,Opendoor,No,11.94,7.86,Investor Sale,Yes,Amit Kumar,8821
8822,Reviewed,Always Kick,Broker,Yes,10.93,25.8,Downsizing,Yes,Sophia Williams,8822
8823, Closed,Cancelled,Internal,No,8.73,15.4,Job Transfer,Yes,David Thompson,8823
8824,Offered, Close ,Bulk,,14.1,8.18,Downsizing,Yes,Jessica Lin,8824
8825,Offered,Available,M L S,Yes,17.6,19.72,Investor Sale,Yes,David Thompson,8825
8826,Accepted Offer,Pend,M L S,No,18.68,22.56,,,Jason Miller,8826
8827,Cancelled,Null,M.L.S.,No,5.51,8.29,Job Transfer,Yes,Priya Sharma,8827
8828, Closed,Available,M.L.S.,,9.33,11.62,Downsizing,No,David Thompson,8828
8829,New,Pending,M L S,No,17.95,9.93,,No,Priya Sharma,8829
8830,Neww,Available,M L S,,3.61,28.59,Job Transfer,No,Jason Miller,8830
8831,Cancelled,Null, MLS,,18.8,5.64,Downsizing,Yes,Amit Kumar,8831
8832,Closed,Pending, MLS,,13.06,21.21,,,Sophia Williams,8832
8833, Closed,Pending,Opendoor,,3.99,14.65,Job Transfer,No,Michael Chen,8833
8834,Null, , MLS,,2.11,6.8,,,Amit Kumar,8834
8835, ,Pend, MLS,,10.21,25.13,Investor Sale,,Sophia Williams,8835
8836,Null,Closed,M L S,,4.33,8.97,Job Transfer,,Amit Kumar,8836
8837,Null,Null, MLS,,13.59,6.74,,Yes,Priya Sharma,8837
8838,Accepted Offer, Close ,M L S,Yes,14.57,19.02,,Yes,Amit Kumar,8838
8839,Cancelled,Kick,M.L.S.,Yes,9.16,26.82,Downsizing,No,Michael Chen,8839
8840,Neww,Cancel,M.L.S.,,19.67,26.63,Downsizing,Yes,Sophia Williams,8840
8841,Null,Null,M L S,No,7.35,7.45,Investor Sale,,Jessica Lin,8841
8842,Accepted Offer,Closed,Internal,No,8.05,17.92,Downsizing,Yes,Emily Patel,8842
8843,Null,Pending,M.L.S.,,12.75,16.58,Job Transfer,No,Samantha Pierce,8843
8844,New,Always Kick,Broker,Yes,8.35,15.01,Job Transfer,No,David Thompson,8844
8845,Closed, Close ,Broker,,19.02,27.65,Job Transfer,,Jessica Lin,8845
8846,Offered,Available,Auction.com,,9.78,28.94,,No,Michael Chen,8846
8847,Closed,Closed,Broker,Yes,10.37,14.67,Job Transfer,No,Luis Garcia,8847
8848,Cancelled,Cancel,Broker,,18.7,8.6,Investor Sale,Yes,Jason Miller,8848
8849, Closed,Null,Broker,Yes,2.15,13.14,Downsizing,,David Thompson,8849
8850,Closed,Pending,M.L.S.,Yes,2.44,6.37,Investor Sale,Yes,Jessica Lin,8850
8851,Closed, Close ,Bulk,Yes,18.45,23.52,,No,Amit Kumar,8851
8852,Null,Cancelled,Auction.com,,11.34,7.35,Downsizing,No,Michael Chen,8852
8853, Closed,Cancel,Broker,No,19.72,10.5,Downsizing,No,Amit Kumar,8853
8854, ,Available,M L S,No,15.69,5.95,Investor Sale,Yes,Samantha Pierce,8854
8855,New,Available, MLS,No,10.9,23.64,Investor Sale,Yes,David Thompson,8855
8856,Reviewed, ,Auction.com,,10.51,15.86,,No,Emily Patel,8856
8857, Closed,Closed,Auction.com,No,7.45,21.4,Job Transfer,Yes,Michael Chen,8857
8858,Cancelled,Cancel,Internal,No,18.87,16.74,Investor Sale,,Priya Sharma,8858
8859,Cancelled, ,M L S,Yes,13.45,6.88,,,Jessica Lin,8859
8860,Cancelled,Always Kick, MLS,,8.84,29.58,,Yes,Michael Chen,8860
8861,Cancelled, Close ,Auction.com,,2.4,14.05,Job Transfer,No,Jessica Lin,8861
8862,Null,Pending,M L S,Yes,16.38,21.98,Job Transfer,,Priya Sharma,8862
8863, ,Kick,Opendoor,Yes,18.35,7.79,Job Transfer,,Luis Garcia,8863
8864,Offered,Cancelled,Auction.com,No,17.22,17.23,Job Transfer,,David Thompson,8864
8865,Cancelled,Pend,M.L.S.,No,19.69,12.48,Job Transfer,,Amit Kumar,8865
8866, ,Pending,Bulk,No,4.36,16.12,Investor Sale,,David Thompson,8866
8867,New,Always Kick,Bulk,,8.6,21.17,Downsizing,,Jason Miller,8867
8868,Offered,Close,Broker,Yes,15.03,21.38,Investor Sale,,Priya Sharma,8868
8869,Null,Kick, MLS,,14.02,10.02,,No,Jason Miller,8869
8870,Accepted Offer,Kick,Auction.com,Yes,18.44,21.2,,Yes,Jason Miller,8870
8871,Neww,Available,M L S,Yes,19.17,21.02,Job Transfer,No,Samantha Pierce,8871
8872,Closed,Cancel,Broker,,9.6,20.65,Downsizing,,Amit Kumar,8872
8873, Closed, ,M.L.S.,No,17.23,11.29,,Yes,Amit Kumar,8873
8874,Offered,Available,M L S,Yes,5.22,7.2,Job Transfer,Yes,Michael Chen,8874
8875,Closed,Pend,Bulk,Yes,11.91,8.76,Investor Sale,Yes,Luis Garcia,8875
8876, Closed,Pend,Internal,,2.3,5.75,Job Transfer,,David Thompson,8876
8877,New,Available,M.L.S.,No,16.94,22.32,Job Transfer,,Priya Sharma,8877
8878, Closed,Closed,Broker,Yes,14.89,20.85,Downsizing,,Sophia Williams,8878
8879,Reviewed,Kick,Opendoor,,12.08,11.27,Investor Sale,No,David Thompson,8879
8880,Accepted Offer,Available,Opendoor,Yes,7.41,12.43,Job Transfer,Yes,Michael Chen,8880
8881, , ,Broker,,18.16,28.43,Job Transfer,,Michael Chen,8881
8882, Closed,Available,Bulk,Yes,15.04,26.7,,Yes,Priya Sharma,8882
8883,Neww, ,Opendoor,Yes,5.67,13.51,,Yes,David Thompson,8883
8884, ,Null,Opendoor,,12.55,19.91,Job Transfer,Yes,Michael Chen,8884
8885, Closed,Always Kick,M.L.S.,,5.72,15.63,Job Transfer,Yes,Jessica Lin,8885
8886,Neww,Closed,Internal,No,6.53,18.67,,,David Thompson,8886
8887,Accepted Offer, Close ,Opendoor,Yes,18.89,28.25,Investor Sale,No,Sophia Williams,8887
8888, Closed,Pending,Auction.com,,12.81,15.66,,Yes,Jason Miller,8888
8889,Reviewed,Kick,Internal,No,10.4,8.37,Investor Sale,Yes,Emily Patel,8889
8890,New, ,Bulk,,7.9,6.6,Downsizing,No,Emily Patel,8890
8891, ,Kick,M.L.S.,Yes,10.57,12.01,,,Jason Miller,8891
8892,Null,Closed,M L S,Yes,19.06,16.24,Downsizing,No,Sophia Williams,8892
8893,Neww,Close,Internal,,8.11,15.03,Job Transfer,,Emily Patel,8893
8894,Null,Kick,Broker,No,9.99,28.49,,No,Priya Sharma,8894
8895,Neww, ,M L S,Yes,9.59,22.11,Downsizing,No,Michael Chen,8895
8896,Neww,Always Kick,Broker,No,19.71,28.57,Downsizing,,Jessica Lin,8896
8897,New,Pending,Broker,,19.18,16.51,,,David Thompson,8897
8898,Offered,Close,Bulk,,7.01,13.96,Job Transfer,,Michael Chen,8898
8899,Neww,Closed,Bulk,,5.94,10.15,Investor Sale,,Emily Patel,8899
8900,Closed,Null,Opendoor,Yes,8.7,13.97,Downsizing,Yes,Amit Kumar,8900
8901,New,Null,M.L.S.,No,5.48,28.99,Job Transfer,Yes,Jessica Lin,8901
8902, , ,M.L.S.,No,9.21,21.08,Investor Sale,No,Luis Garcia,8902
8903,Offered,Pend,Internal,,16.32,12.64,Job Transfer,Yes,Priya Sharma,8903
8904,Closed,Available,M L S,No,7.0,23.5,Job Transfer,Yes,Emily Patel,8904
8905,Cancelled,Close,Auction.com,Yes,16.44,28.71,,No,Sophia Williams,8905
8906, Closed,Always Kick,Broker,,15.92,25.05,Job Transfer,,David Thompson,8906
8907, ,Cancelled, MLS,Yes,7.05,13.64,Downsizing,,Luis Garcia,8907
8908,New,Cancel, MLS,No,5.43,29.01,Job Transfer,Yes,Emily Patel,8908
8909,New,Pend, MLS,Yes,16.14,15.92,,Yes,Jessica Lin,8909
8910,Neww,Close, MLS,,7.5,14.95,Job Transfer,Yes,David Thompson,8910
8911,Cancelled,Null,M L S,No,10.42,11.87,Downsizing,No,Emily Patel,8911
8912,Reviewed,Available,Broker,Yes,2.58,24.8,Downsizing,Yes,Luis Garcia,8912
8913,New, Close ,M L S,,18.81,12.94,Investor Sale,,Amit Kumar,8913
8914,New,Cancelled, MLS,,18.13,10.31,,No,Emily Patel,8914
8915,Reviewed, Close ,Auction.com,No,11.12,25.06,Investor Sale,,Jason Miller,8915
8916, ,Available,Broker,Yes,2.29,22.99,Job Transfer,No,Priya Sharma,8916
8917,Null,Pending,Internal,No,14.02,16.53,,Yes,Michael Chen,8917
8918,Cancelled,Available,M L S,No,5.54,28.48,,No,Luis Garcia,8918
8919, ,Null,M.L.S.,No,3.93,24.53,,Yes,Jason Miller,8919
8920,Neww,Available, MLS,No,11.5,15.46,Investor Sale,,Amit Kumar,8920
8921,Accepted Offer,Pending,Opendoor,No,12.91,17.65,,Yes,Emily Patel,8921
8922,Offered,Kick,Internal,No,16.33,21.37,Job Transfer,,Luis Garcia,8922
8923,New,Pend,Bulk,,11.97,19.06,Investor Sale,,Michael Chen,8923
8924,Accepted Offer,Available,Auction.com,No,7.97,23.28,Downsizing,Yes,Sophia Williams,8924
8925,Cancelled,Pend,Internal,Yes,10.92,5.78,,No,Priya Sharma,8925
8926,New, Close , MLS,Yes,7.56,25.42,,No,Emily Patel,8926
8927,Accepted Offer,Available,M L S,Yes,14.16,8.68,,,Priya Sharma,8927
8928,Closed, ,Broker,Yes,11.12,13.99,Job Transfer,,Michael Chen,8928
8929, Closed,Pending,M L S,No,19.35,27.63,,,Amit Kumar,8929
8930,Reviewed,Pending,Internal,Yes,3.35,21.29,Downsizing,,Jason Miller,8930
8931, ,Available,Bulk,No,5.52,7.41,Job Transfer,No,Sophia Williams,8931
8932,Accepted Offer, Close ,Broker,Yes,13.69,24.78,Job Transfer,Yes,Amit Kumar,8932
8933,Null,Always Kick,Broker,No,6.5,23.27,,Yes,Michael Chen,8933
8934,Reviewed,Kick,Opendoor,,12.08,24.43,Downsizing,Yes,Emily Patel,8934
8935,Neww,Close,Opendoor,No,14.07,21.9,,,Jason Miller,8935
8936, ,Cancel,Auction.com,,11.62,22.91,Investor Sale,,Luis Garcia,8936
8937,Cancelled,Null,Opendoor,No,17.13,28.97,,Yes,Michael Chen,8937
8938,Neww,Kick,Broker,No,9.86,18.66,Investor Sale,Yes,Jason Miller,8938
8939,Cancelled,Always Kick,Bulk,Yes,3.45,14.87,Job Transfer,,Priya Sharma,8939
8940, Closed, Close ,Auction.com,Yes,4.84,16.2,Investor Sale,,Luis Garcia,8940
8941, , Close ,Bulk,Yes,14.63,23.43,Downsizing,Yes,Amit Kumar,8941
8942, Closed,Pending,Broker,Yes,16.96,12.06,,,Emily Patel,8942
8943,Null,Close,Bulk,,18.96,21.68,,Yes,Luis Garcia,8943
8944,Null,Null,Auction.com,No,11.84,19.57,Job Transfer,No,Michael Chen,8944
8945,Reviewed,Null,Bulk,Yes,14.74,5.53,,No,David Thompson,8945
8946,Null,Pending,Opendoor,No,3.9,8.29,Investor Sale,No,Sophia Williams,8946
8947,Reviewed,Always Kick,Broker,,18.46,21.64,,No,Emily Patel,8947
8948, Closed, ,Auction.com,Yes,12.49,19.4,Investor Sale,,Sophia Williams,8948
8949,Neww, ,Internal,,4.64,12.42,Investor Sale,No,Samantha Pierce,8949
8950,New,Available,M L S,Yes,11.64,24.71,Investor Sale,No,Jason Miller,8950
8951,Accepted Offer,Cancel,M L S,No,5.3,5.3,Downsizing,,Samantha Pierce,8951
8952,Offered,Null,M.L.S.,Yes,17.58,27.95,Downsizing,,Emily Patel,8952
8953,Null,Pend,Internal,Yes,13.57,17.56,Downsizing,No,Emily Patel,8953
8954,Neww,Cancel,Opendoor,Yes,3.98,22.53,Investor Sale,,Luis Garcia,8954
8955,Reviewed,Always Kick,Broker,Yes,4.03,10.15,Investor Sale,,Luis Garcia,8955
8956,Neww,Cancel,M L S,,14.67,8.04,Job Transfer,No,Emily Patel,8956
8957,Closed,Null,Auction.com,Yes,10.01,9.17,Downsizing,Yes,Luis Garcia,8957
8958,Offered,Null,M.L.S.,Yes,7.91,5.26,Downsizing,No,Priya Sharma,8958
8959,Neww,Available,Bulk,,14.23,8.18,,No,Priya Sharma,8959
8960, ,Closed,Internal,,5.61,21.07,Investor Sale,Yes,David Thompson,8960
8961, ,Cancel,Auction.com,Yes,17.83,13.92,Job Transfer,Yes,Luis Garcia,8961
8962, ,Cancel,Auction.com,,4.66,18.21,Investor Sale,Yes,Luis Garcia,8962
8963,Closed,Kick, MLS,Yes,13.61,29.74,Investor Sale,No,Jessica Lin,8963
8964,Reviewed,Null,Opendoor,Yes,17.93,11.1,Investor Sale,Yes,Amit Kumar,8964
8965,New,Cancelled,M.L.S.,Yes,16.82,16.96,Investor Sale,Yes,Jessica Lin,8965
8966,Reviewed, Close ,Broker,No,5.08,8.11,Downsizing,Yes,Michael Chen,8966
8967,New,Null,Opendoor,No,5.25,28.23,,,Amit Kumar,8967
8968,New,Pending,Broker,Yes,2.85,28.78,,No,Priya Sharma,8968
8969,Accepted Offer, ,Internal,No,17.79,9.89,Downsizing,,Sophia Williams,8969
8970,Reviewed,Null,Bulk,,6.69,13.18,Job Transfer,No,Amit Kumar,8970
8971,Accepted Offer,Cancelled,Bulk,,13.19,24.0,Job Transfer,Yes,Priya Sharma,8971
8972,New,Closed,M L S,No,16.18,12.8,Investor Sale,Yes,Samantha Pierce,8972
8973,Accepted Offer,Available,M L S,Yes,17.62,27.65,Job Transfer,Yes,Samantha Pierce,8973
8974,Neww,Pend,M.L.S.,Yes,4.44,23.69,,Yes,Jason Miller,8974
8975,Null,Always Kick,Bulk,Yes,14.45,9.6,,No,Emily Patel,8975
8976,Cancelled, ,Broker,Yes,12.22,13.57,Downsizing,No,Jason Miller,8976
8977,Neww,Closed, MLS,Yes,18.56,5.94,Job Transfer,No,Jason Miller,8977
8978, , ,Bulk,Yes,16.08,8.87,Investor Sale,No,Luis Garcia,8978
8979,New,Close,Opendoor,Yes,8.25,22.69,Investor Sale,No,Amit Kumar,8979
8980,Accepted Offer, ,M L S,No,18.03,7.53,Investor Sale,No,David Thompson,8980
8981,Cancelled,Pending,M.L.S.,No,3.75,10.32,,,Jessica Lin,8981
8982,Null, ,Opendoor,Yes,18.84,10.31,Job Transfer,,Sophia Williams,8982
8983, Closed,Null,Broker,No,5.64,21.96,,Yes,Priya Sharma,8983
8984,Closed, Close ,Internal,No,15.53,15.27,Downsizing,,Amit Kumar,8984
8985,Cancelled,Pending,Auction.com,,3.24,7.87,,,Samantha Pierce,8985
8986,Neww,Kick, MLS,Yes,3.16,25.74,Downsizing,Yes,Emily Patel,8986
8987,Offered,Always Kick,M L S,No,15.41,18.07,,No,Emily Patel,8987
8988,Cancelled,Close,Internal,No,16.06,21.27,,No,David Thompson,8988
8989,Neww,Always Kick,Bulk,,5.7,26.16,Job Transfer,Yes,Jessica Lin,8989
8990,New,Pending,M L S,Yes,11.17,6.96,,,Emily Patel,8990
8991, ,Always Kick,M.L.S.,Yes,11.97,25.69,Job Transfer,No,Jason Miller,8991
8992,Offered,Cancel,Broker,No,8.24,10.48,Investor Sale,,Priya Sharma,8992
8993,Closed,Cancelled,M.L.S.,No,14.91,14.71,,,Luis Garcia,8993
8994,Reviewed,Cancel,Internal,,8.73,6.08,Job Transfer,No,Amit Kumar,8994
8995, Closed,Available,Internal,Yes,8.66,21.34,Job Transfer,,Luis Garcia,8995
8996,Reviewed, ,M L S,,5.89,19.46,Downsizing,,Jason Miller,8996
8997,Cancelled,Cancelled,M.L.S.,Yes,14.58,23.24,Job Transfer,,Priya Sharma,8997
8998,Offered, ,Opendoor,,3.63,24.64,Investor Sale,No,Luis Garcia,8998
8999,Offered, Close ,Internal,,13.12,26.64,,,Jason Miller,8999
9000,Reviewed,Closed,Auction.com,,6.57,17.08,Investor Sale,Yes,David Thompson,9000
9001,Cancelled,Cancel,Broker,,11.82,12.48,Downsizing,No,Samantha Pierce,9001
9002,Closed,Kick, MLS,No,6.06,15.61,Investor Sale,No,Samantha Pierce,9002
9003,Accepted Offer,Pend,Bulk,Yes,2.32,18.17,Downsizing,Yes,Jason Miller,9003
9004,Null,Pend,M.L.S.,,14.51,22.15,,,Amit Kumar,9004
9005,Reviewed,Close,Bulk,No,4.75,22.17,Job Transfer,,David Thompson,9005
9006,Accepted Offer,Null,Bulk,Yes,18.2,10.2,,No,Samantha Pierce,9006
9007,Reviewed,Pend,Auction.com,No,17.03,6.0,,No,Jason Miller,9007
9008,Offered,Null,M L S,,9.8,26.32,,,Luis Garcia,9008
9009,New,Cancelled,M.L.S.,,3.91,5.16,Investor Sale,Yes,Michael Chen,9009
9010,Null,Cancelled,M.L.S.,Yes,19.7,11.64,Downsizing,No,David Thompson,9010
9011,Closed,Pending,M L S,No,4.31,5.67,,,Priya Sharma,9011
9012,Closed,Available,Bulk,,2.66,26.32,,No,Priya Sharma,9012
9013,Null,Cancel,M.L.S.,,13.29,15.18,Downsizing,,David Thompson,9013
9014,Closed,Pend,M.L.S.,Yes,13.18,13.24,Downsizing,No,Sophia Williams,9014
9015,New,Always Kick,M L S,Yes,3.72,9.53,Investor Sale,Yes,Priya Sharma,9015
9016,Neww,Cancel, MLS,Yes,8.3,10.47,Investor Sale,,Emily Patel,9016
9017,Cancelled,Close,M.L.S.,No,2.44,27.96,,No,Jessica Lin,9017
9018,Accepted Offer,Kick,M.L.S.,Yes,19.36,13.25,Investor Sale,Yes,David Thompson,9018
9019,Reviewed, ,Internal,No,4.8,24.78,Investor Sale,,David Thompson,9019
9020,Neww,Pending,Opendoor,No,11.38,16.29,,Yes,Priya Sharma,9020
9021,Accepted Offer,Closed, MLS,Yes,5.87,24.9,Investor Sale,,Jessica Lin,9021
9022,Offered, Close , MLS,,10.46,7.68,,,Luis Garcia,9022
9023,Cancelled, ,Internal,No,16.93,8.82,Downsizing,,Emily Patel,9023
9024,Closed,Available,M L S,No,17.95,8.92,Downsizing,,Jessica Lin,9024
9025,Accepted Offer,Closed,Broker,Yes,2.58,13.77,Downsizing,No,Jason Miller,9025
9026,Offered, ,Opendoor,Yes,18.9,28.0,,,Michael Chen,9026
9027,Accepted Offer, Close ,M.L.S.,Yes,19.23,15.79,Investor Sale,,Jason Miller,9027
9028,Closed, ,Internal,,4.06,23.91,Job Transfer,Yes,Sophia Williams,9028
9029,Null, Close ,Broker,No,16.29,11.46,Investor Sale,,Amit Kumar,9029
9030, ,Cancel,Internal,No,3.16,5.18,Job Transfer,Yes,Emily Patel,9030
9031,Null,Cancel,Auction.com,,12.77,21.78,,No,Emily Patel,9031
9032, ,Always Kick,M.L.S.,Yes,6.99,19.56,Job Transfer,No,David Thompson,9032
9033,Closed,Always Kick,Opendoor,,6.89,18.39,Downsizing,No,Michael Chen,9033
9034,New,Cancel,M L S,Yes,10.97,12.9,,No,Emily Patel,9034
9035,Reviewed,Always Kick, MLS,Yes,12.05,27.55,,Yes,Michael Chen,9035
9036,Null,Kick,Internal,Yes,16.12,11.4,Job Transfer,Yes,Luis Garcia,9036
9037,Reviewed, ,Auction.com,Yes,6.88,18.04,Downsizing,No,Jessica Lin,9037
9038, ,Close,Opendoor,,3.05,24.86,,,Amit Kumar,9038
9039, ,Available,Broker,,16.84,25.44,,Yes,Samantha Pierce,9039
9040,New, Close ,M L S,Yes,4.79,22.47,Job Transfer,,Samantha Pierce,9040
9041,Neww, ,M L S,,10.67,10.36,Investor Sale,,David Thompson,9041
9042,Reviewed,Cancelled,Bulk,Yes,17.01,15.88,Investor Sale,,Amit Kumar,9042
9043, ,Cancelled,Broker,Yes,16.96,25.22,Downsizing,Yes,Luis Garcia,9043
9044,Reviewed,Null,Opendoor,Yes,14.39,15.28,Job Transfer,No,Amit Kumar,9044
9045,Closed,Available,Broker,No,15.99,14.92,,No,Michael Chen,9045
9046,Null,Cancel,M.L.S.,,2.64,18.27,,Yes,Emily Patel,9046
9047,Null,Closed,M.L.S.,,13.85,19.19,Downsizing,Yes,Sophia Williams,9047
9048,Reviewed,Available,M.L.S.,No,17.39,8.35,Investor Sale,Yes,Jessica Lin,9048
9049,Neww,Kick,M L S,,17.44,16.55,Job Transfer,No,Amit Kumar,9049
9050,Neww,Always Kick,M.L.S.,Yes,8.65,21.18,Investor Sale,No,Emily Patel,9050
9051,New,Close,Auction.com,,19.63,26.45,Job Transfer,No,Michael Chen,9051
9052,New,Always Kick, MLS,,18.4,13.17,Investor Sale,,Sophia Williams,9052
9053, Closed,Cancel, MLS,Yes,14.3,27.07,,No,Jason Miller,9053
9054,Reviewed,Kick,Opendoor,,11.57,19.8,Downsizing,No,Sophia Williams,9054
9055,Cancelled,Pend,Auction.com,,10.77,21.82,,No,Michael Chen,9055
9056,Closed,Cancelled,Bulk,No,9.8,7.17,,Yes,Samantha Pierce,9056
9057,Cancelled,Available, MLS,No,14.38,29.46,Job Transfer,No,Amit Kumar,9057
9058,Offered,Close,Auction.com,No,13.25,17.88,Downsizing,,Samantha Pierce,9058
9059,Reviewed,Cancel,M.L.S.,Yes,6.52,10.57,Job Transfer,Yes,David Thompson,9059
9060,Reviewed,Closed,Internal,,18.61,21.07,Investor Sale,,Jason Miller,9060
9061,New, ,Auction.com,No,3.45,7.14,Job Transfer,No,Amit Kumar,9061
9062,Reviewed,Pending,Opendoor,No,15.89,17.34,,,Sophia Williams,9062
9063,Neww,Available,Auction.com,No,14.87,10.96,Downsizing,,Michael Chen,9063
9064,Reviewed,Close,M.L.S.,Yes,5.68,26.08,Job Transfer,,Jason Miller,9064
9065,Offered,Pend, MLS,,2.46,14.02,Job Transfer,Yes,David Thompson,9065
9066, ,Kick,Internal,No,16.24,7.25,,No,Samantha Pierce,9066
9067,Cancelled,Always Kick,Opendoor,,10.27,17.19,,No,David Thompson,9067
9068,Cancelled,Pend,M.L.S.,,5.21,27.38,Job Transfer,No,Amit Kumar,9068
9069,Reviewed,Pending,Broker,No,12.47,20.18,Job Transfer,No,Michael Chen,9069
9070,Offered,Always Kick,Broker,Yes,9.16,26.74,Downsizing,Yes,Luis Garcia,9070
9071,New,Close,M L S,,13.59,9.68,,,Jessica Lin,9071
9072,New,Pending,Bulk,,5.58,26.42,Investor Sale,Yes,Amit Kumar,9072
9073,Accepted Offer,Always Kick,Opendoor,,11.57,15.1,,Yes,Emily Patel,9073
9074,Closed,Cancelled,Broker,,12.82,26.19,Downsizing,No,Sophia Williams,9074
9075, Closed,Null,Auction.com,,16.28,8.69,Job Transfer,Yes,Amit Kumar,9075
9076,Cancelled,Always Kick, MLS,Yes,8.69,18.31,Job Transfer,,Emily Patel,9076
9077,Null,Pend,Broker,Yes,18.71,26.44,Job Transfer,No,Sophia Williams,9077
9078, Closed,Always Kick,Broker,,10.87,15.16,Investor Sale,,Jason Miller,9078
9079,Closed, Close , MLS,,14.38,9.35,Job Transfer,Yes,Jason Miller,9079
9080,Offered,Cancel,Internal,Yes,2.75,29.94,Job Transfer,No,Jason Miller,9080
9081,New,Cancelled,M L S,No,5.65,17.48,Investor Sale,,Luis Garcia,9081
9082,Cancelled,Kick,M.L.S.,,11.2,26.23,Investor Sale,No,Priya Sharma,9082
9083,Accepted Offer,Cancel,Auction.com,,6.47,20.92,Investor Sale,,Michael Chen,9083
9084, Closed,Cancelled,Opendoor,No,7.44,21.03,Downsizing,No,Luis Garcia,9084
9085,Null,Cancelled,Broker,,2.6,6.03,Investor Sale,,Luis Garcia,9085
9086,Cancelled, ,M.L.S.,No,15.13,18.08,Investor Sale,,Emily Patel,9086
9087,Reviewed,Always Kick,Internal,No,16.19,26.1,Downsizing,No,Jason Miller,9087
9088,New,Available,Broker,,18.87,11.2,Investor Sale,,Sophia Williams,9088
9089,Accepted Offer,Pend,M L S,No,17.04,18.98,Investor Sale,Yes,Samantha Pierce,9089
9090,Null,Always Kick, MLS,Yes,16.31,27.0,Job Transfer,Yes,Jessica Lin,9090
9091,Neww,Null,Broker,Yes,15.18,24.14,,,Jason Miller,9091
9092,Null,Available,Bulk,,19.91,22.59,,Yes,Jason Miller,9092
9093,New,Cancelled,Opendoor,Yes,20.0,24.29,Job Transfer,Yes,Emily Patel,9093
9094,New,Available,Bulk,Yes,16.14,28.03,Downsizing,Yes,Jason Miller,9094
9095,Closed, ,Internal,,3.53,7.46,,No,Emily Patel,9095
9096,Offered,Cancelled, MLS,Yes,14.17,20.73,Job Transfer,No,Samantha Pierce,9096
9097,Cancelled,Null,Auction.com,,3.28,9.95,Downsizing,No,Luis Garcia,9097
9098,Neww,Close, MLS,Yes,7.18,9.13,,,Amit Kumar,9098
9099, ,Closed, MLS,No,2.08,25.48,Downsizing,,David Thompson,9099
9100,Accepted Offer,Close,Broker,,15.77,5.56,Job Transfer,No,Sophia Williams,9100
9101,Accepted Offer,Always Kick,Broker,No,3.6,13.1,Job Transfer,No,Amit Kumar,9101
9102,Closed,Pending,Internal,,5.01,15.46,Job Transfer,Yes,David Thompson,9102
9103,Null,Cancelled,M.L.S.,No,5.67,5.25,Job Transfer,,Jessica Lin,9103
9104,Cancelled,Close,M.L.S.,,9.58,25.52,,No,Luis Garcia,9104
9105,Neww,Cancelled,M L S,,16.72,8.93,Downsizing,,Sophia Williams,9105
9106,Closed, ,Opendoor,,2.92,30.0,Investor Sale,,David Thompson,9106
9107, ,Always Kick,Opendoor,Yes,16.22,22.3,,Yes,Luis Garcia,9107
9108,Offered,Cancelled,Bulk,No,18.77,27.04,,No,Luis Garcia,9108
9109,Neww, ,Broker,,6.35,10.06,,,Priya Sharma,9109
9110,Offered,Cancelled,M.L.S.,No,19.43,27.32,Downsizing,,Amit Kumar,9110
9111, Closed, Close ,Auction.com,,2.15,13.55,Investor Sale,,Sophia Williams,9111
9112,Offered, ,Bulk,,5.22,6.22,Job Transfer,Yes,Michael Chen,9112
9113, ,Closed, MLS,Yes,10.48,22.23,Downsizing,,Emily Patel,9113
9114,Reviewed, ,Bulk,Yes,16.11,5.76,Investor Sale,Yes,Sophia Williams,9114
9115,Cancelled,Closed,M L S,,5.73,16.88,,Yes,David Thompson,9115
9116,Neww,Closed,M.L.S.,No,15.55,7.32,Downsizing,No,Jason Miller,9116
9117,Accepted Offer,Available,M.L.S.,,3.99,29.94,Investor Sale,,Sophia Williams,9117
9118,Offered, Close ,M L S,Yes,16.88,25.07,Job Transfer,,David Thompson,9118
9119,Cancelled,Available,Broker,,13.8,23.05,,Yes,Emily Patel,9119
9120,Closed,Pend,M L S,,7.1,24.03,,Yes,Jessica Lin,9120
9121,Cancelled,Pend, MLS,No,18.23,25.69,Downsizing,Yes,Priya Sharma,9121
9122,Null,Pend, MLS,,3.8,8.05,Downsizing,,David Thompson,9122
9123, ,Cancel,Opendoor,Yes,12.51,29.5,Downsizing,Yes,Priya Sharma,9123
9124,Null,Cancel,Opendoor,,5.92,28.15,Job Transfer,Yes,Jessica Lin,9124
9125,Neww,Available,Opendoor,Yes,12.58,8.02,Investor Sale,,Michael Chen,9125
9126,Neww,Cancel,Auction.com,No,16.37,28.08,,,Samantha Pierce,9126
9127,Reviewed,Always Kick,Broker,,10.07,7.63,Job Transfer,Yes,David Thompson,9127
9128,Neww,Close,Internal,No,9.01,6.32,,Yes,David Thompson,9128
9129,Closed,Always Kick,Internal,No,10.58,17.98,Investor Sale,Yes,Amit Kumar,9129
9130,Accepted Offer,Available,Internal,,9.73,29.33,,,David Thompson,9130
9131,New,Pend,Broker,No,2.82,27.05,Job Transfer,No,Amit Kumar,9131
9132,Cancelled,Kick,Bulk,,7.71,11.35,Investor Sale,Yes,Jason Miller,9132
9133, ,Closed,M.L.S.,,3.25,29.91,Downsizing,No,Michael Chen,9133
9134,Accepted Offer,Null,Auction.com,No,18.88,6.71,Downsizing,No,Jessica Lin,9134
9135, ,Close,Opendoor,,2.48,17.04,Investor Sale,No,Sophia Williams,9135
9136, , ,M L S,No,16.44,20.26,Downsizing,No,Samantha Pierce,9136
9137,Closed,Cancelled,Internal,,17.15,5.22,Investor Sale,,Jason Miller,9137
9138, ,Pending, MLS,Yes,14.4,21.81,Investor Sale,No,Jessica Lin,9138
9139,New,Null,Opendoor,Yes,16.69,18.98,,,Sophia Williams,9139
9140,Closed,Closed,Bulk,Yes,5.28,20.29,Investor Sale,,Sophia Williams,9140
9141,Accepted Offer,Pending,Internal,Yes,15.1,16.59,Job Transfer,Yes,Jessica Lin,9141
9142, ,Null,Opendoor,,5.84,5.68,Downsizing,,Jessica Lin,9142
9143,Closed,Cancel,M.L.S.,Yes,5.71,7.94,Investor Sale,,Emily Patel,9143
9144, Closed,Cancelled,Broker,No,5.87,20.14,Downsizing,Yes,Luis Garcia,9144
9145,Reviewed, Close ,M.L.S.,,9.45,15.56,,,Jason Miller,9145
9146,Offered,Pend,Opendoor,,18.52,9.72,,Yes,Samantha Pierce,9146
9147, ,Closed,Auction.com,No,2.22,21.58,Job Transfer,No,Emily Patel,9147
9148,Cancelled, ,Internal,,10.12,16.79,Downsizing,No,Luis Garcia,9148
9149,Reviewed,Close,Opendoor,,13.89,8.75,Job Transfer,No,Jason Miller,9149
9150,Neww,Null,M L S,Yes,12.5,8.37,Downsizing,Yes,Sophia Williams,9150
9151,New,Closed,Internal,No,18.87,27.03,Downsizing,No,Priya Sharma,9151
9152,Accepted Offer, ,Internal,Yes,9.29,28.46,,,Michael Chen,9152
9153,Null,Cancelled,M.L.S.,,4.14,18.24,Investor Sale,No,Emily Patel,9153
9154,Null,Cancel,Auction.com,No,10.13,5.64,Job Transfer,Yes,Sophia Williams,9154
9155,New,Available,Bulk,,16.23,11.62,,Yes,Jessica Lin,9155
9156,Accepted Offer,Closed, MLS,,17.49,9.98,Downsizing,Yes,Jessica Lin,9156
9157,Null,Pending,Bulk,Yes,9.89,16.76,Downsizing,,Amit Kumar,9157
9158,Accepted Offer,Available, MLS,,2.27,29.12,Investor Sale,Yes,Jessica Lin,9158
9159,Closed,Cancelled,Bulk,,12.0,16.37,Downsizing,Yes,Michael Chen,9159
9160,New,Closed,Broker,No,19.63,6.08,Job Transfer,No,Jason Miller,9160
9161,Neww,Null,M.L.S.,,10.03,7.94,Downsizing,Yes,Sophia Williams,9161
9162,Cancelled,Null,Opendoor,No,12.92,20.22,,,David Thompson,9162
9163, ,Cancelled,Bulk,,6.21,7.56,Downsizing,,Emily Patel,9163
9164, ,Closed,Bulk,No,17.65,19.49,Job Transfer,No,Amit Kumar,9164
9165,Accepted Offer, ,Opendoor,No,8.73,15.73,Job Transfer,Yes,Emily Patel,9165
9166,Null,Close,Opendoor,Yes,3.28,12.68,Job Transfer,,Jason Miller,9166
9167,New,Null,Opendoor,Yes,9.5,12.13,,No,Samantha Pierce,9167
9168, ,Null,Internal,Yes,17.94,9.22,Downsizing,No,Michael Chen,9168
9169,New, Close ,Opendoor,Yes,6.96,9.76,Investor Sale,Yes,Michael Chen,9169
9170,Neww,Cancelled,Internal,,6.75,24.57,Job Transfer,,Sophia Williams,9170
9171,Cancelled,Pend,Broker,,11.49,29.41,Job Transfer,No,Priya Sharma,9171
9172,Null,Closed, MLS,,4.68,29.96,Investor Sale,No,Jessica Lin,9172
9173,Closed,Always Kick,Opendoor,No,19.74,8.19,,,Priya Sharma,9173
9174,Neww,Cancelled,Internal,Yes,17.24,12.47,Downsizing,,Samantha Pierce,9174
9175,Cancelled,Close,Opendoor,Yes,2.89,12.09,Downsizing,,Jessica Lin,9175
9176,Closed,Cancelled,Auction.com,No,8.16,29.53,Investor Sale,Yes,Michael Chen,9176
9177, ,Kick,Broker,,4.1,5.14,Downsizing,No,David Thompson,9177
9178, ,Cancel,M L S,Yes,3.79,26.35,,No,Amit Kumar,9178
9179, ,Available,Auction.com,No,18.34,21.83,,No,Sophia Williams,9179
9180,Closed,Pend,Broker,No,9.9,16.42,Investor Sale,,Amit Kumar,9180
9181,Neww,Always Kick,Internal,,12.64,12.51,Downsizing,No,Jessica Lin,9181
9182,New,Null,M L S,Yes,12.64,8.71,Investor Sale,Yes,Luis Garcia,9182
9183,Reviewed,Available,M L S,,17.06,28.96,Job Transfer,No,Sophia Williams,9183
9184,Accepted Offer,Cancel,Bulk,Yes,12.87,13.97,Job Transfer,,Luis Garcia,9184
9185, Closed,Always Kick, MLS,Yes,4.68,13.42,,,Michael Chen,9185
9186,Null,Kick,M.L.S.,Yes,17.7,13.2,Investor Sale,,Sophia Williams,9186
9187,Null, Close ,M.L.S.,Yes,9.18,19.8,Job Transfer,,Luis Garcia,9187
9188,New,Pend,Opendoor,,7.5,25.63,Investor Sale,Yes,Luis Garcia,9188
9189,Accepted Offer,Pending,Opendoor,Yes,18.69,7.0,Job Transfer,,Emily Patel,9189
9190,Accepted Offer,Cancel,Broker,,18.63,9.23,Investor Sale,,Jessica Lin,9190
9191,Null,Close,Opendoor,,5.31,21.38,Job Transfer,,Sophia Williams,9191
9192,Closed,Pend,M L S,Yes,18.83,18.58,Investor Sale,No,Jessica Lin,9192
9193,Offered,Kick,Opendoor,,10.31,7.33,,Yes,Priya Sharma,9193
9194,Closed,Pending,Auction.com,Yes,10.47,17.67,Investor Sale,,Samantha Pierce,9194
9195,Cancelled,Cancel,Bulk,No,2.13,8.63,Downsizing,Yes,Emily Patel,9195
9196, Closed,Closed,Broker,Yes,7.81,9.45,Downsizing,Yes,Jason Miller,9196
9197,Null,Closed,M L S,No,9.02,13.68,Downsizing,Yes,Priya Sharma,9197
9198, Closed,Always Kick,M L S,Yes,7.98,10.54,Investor Sale,No,Michael Chen,9198
9199,Cancelled,Null,M.L.S.,No,7.25,16.21,Job Transfer,No,Amit Kumar,9199
9200,Null,Null,Auction.com,Yes,7.28,27.77,Job Transfer,No,Emily Patel,9200
9201, ,Null,Bulk,No,4.37,9.22,,No,Michael Chen,9201
9202,Closed,Null,Opendoor,Yes,5.91,7.41,Job Transfer,,Priya Sharma,9202
9203,Accepted Offer,Available,M L S,No,2.97,5.52,Investor Sale,,Samantha Pierce,9203
9204,Offered,Pending,Internal,No,8.06,29.68,Investor Sale,Yes,Jessica Lin,9204
9205,New,Null,Opendoor,Yes,6.89,29.36,Downsizing,Yes,Jessica Lin,9205
9206,Reviewed,Cancel, MLS,Yes,18.29,5.36,,No,Samantha Pierce,9206
9207,Closed,Cancelled,M L S,No,3.88,11.75,Downsizing,No,David Thompson,9207
9208,Accepted Offer,Closed,Bulk,Yes,10.46,23.01,Job Transfer,,Emily Patel,9208
9209,Cancelled,Available,M.L.S.,,18.83,18.03,Investor Sale,No,Jessica Lin,9209
9210,Null, Close ,Bulk,,12.96,20.56,,,David Thompson,9210
9211,Neww,Null,Auction.com,,6.77,28.25,,Yes,Priya Sharma,9211
9212,Cancelled,Pend,M.L.S.,Yes,14.55,16.62,Downsizing,No,David Thompson,9212
9213,Null,Closed, MLS,,5.2,24.59,,No,Luis Garcia,9213
9214,Accepted Offer,Pend, MLS,,11.79,21.12,Investor Sale,,Priya Sharma,9214
9215,Null,Kick,Auction.com,Yes,8.42,25.63,Downsizing,,Priya Sharma,9215
9216,Cancelled, Close , MLS,,3.86,26.45,,No,David Thompson,9216
9217,New,Closed, MLS,No,4.72,20.2,Downsizing,,Luis Garcia,9217
9218,Reviewed,Closed,Auction.com,No,19.59,20.09,Downsizing,,Sophia Williams,9218
9219, ,Close,Opendoor,No,16.85,6.09,Investor Sale,,Michael Chen,9219
9220, ,Close, MLS,Yes,12.69,28.64,Job Transfer,No,Priya Sharma,9220
9221,Neww,Close,M L S,Yes,16.68,19.92,Investor Sale,Yes,Luis Garcia,9221
9222,Null,Null,Broker,No,12.54,5.45,,No,Luis Garcia,9222
9223,New,Close,Opendoor,Yes,16.35,17.21,,No,Luis Garcia,9223
9224,Neww,Close,Bulk,Yes,12.35,9.16,Investor Sale,No,Amit Kumar,9224
9225,Accepted Offer,Pending,Internal,No,4.14,6.6,,Yes,Samantha Pierce,9225
9226,Null, Close , MLS,,16.25,22.59,,Yes,Amit Kumar,9226
9227,Cancelled,Null,M.L.S.,Yes,14.79,26.96,Job Transfer,No,Emily Patel,9227
9228,New,Available,Bulk,,16.43,5.44,Downsizing,No,Priya Sharma,9228
9229, ,Null,M L S,No,3.91,8.29,Job Transfer,Yes,Jessica Lin,9229
9230,Offered,Pend,M L S,No,9.76,23.76,Downsizing,,Samantha Pierce,9230
9231, Closed,Close,Bulk,Yes,5.99,16.35,,No,Priya Sharma,9231
9232, Closed,Cancel,Broker,Yes,14.08,5.6,,No,Sophia Williams,9232
9233,Accepted Offer,Closed,Internal,,3.94,9.1,Downsizing,,Jason Miller,9233
9234, Closed,Close,Bulk,No,19.14,28.45,Downsizing,,Amit Kumar,9234
9235,Cancelled,Closed,M.L.S.,No,13.73,13.84,Investor Sale,Yes,Michael Chen,9235
9236, Closed,Null,Opendoor,Yes,8.55,25.56,,Yes,Emily Patel,9236
9237,Null,Always Kick,Internal,,16.52,14.99,Investor Sale,Yes,Priya Sharma,9237
9238,Null,Available,M L S,No,4.25,23.61,Downsizing,Yes,Luis Garcia,9238
9239,Reviewed,Pend,Auction.com,No,10.59,10.56,Downsizing,No,Jason Miller,9239
9240,Accepted Offer,Always Kick, MLS,Yes,5.26,15.41,Investor Sale,Yes,Jason Miller,9240
9241,Accepted Offer,Close,Internal,No,8.88,19.53,Investor Sale,No,Luis Garcia,9241
9242,Accepted Offer,Pend,Bulk,No,15.48,28.33,Downsizing,Yes,Jason Miller,9242
9243,Neww,Closed,Bulk,No,2.46,22.75,Investor Sale,,Jessica Lin,9243
9244,Closed,Null,M.L.S.,No,9.35,27.21,Job Transfer,No,Priya Sharma,9244
9245,Neww, Close ,M L S,Yes,8.09,25.37,Job Transfer,No,Luis Garcia,9245
9246,Accepted Offer,Pending,Bulk,No,11.01,25.03,Job Transfer,No,Luis Garcia,9246
9247,Cancelled,Null,Internal,,2.05,28.97,Downsizing,,Priya Sharma,9247
9248, Closed,Pend,Auction.com,No,4.53,18.16,Job Transfer,Yes,Emily Patel,9248
9249,Closed,Available,Broker,No,11.72,22.94,Investor Sale,No,Samantha Pierce,9249
9250,Reviewed,Cancel,Bulk,,5.18,15.96,Downsizing,,Jason Miller,9250
9251,Closed,Close,Opendoor,,14.17,16.29,Downsizing,Yes,Priya Sharma,9251
9252, ,Available,Auction.com,No,5.68,9.12,Investor Sale,Yes,Emily Patel,9252
9253,Null, Close ,M L S,,18.56,10.12,Investor Sale,,Samantha Pierce,9253
9254,Neww,Pend, MLS,No,4.36,22.37,Investor Sale,,Samantha Pierce,9254
9255,Null, Close ,Bulk,Yes,12.85,16.03,Downsizing,No,Sophia Williams,9255
9256,Reviewed, Close , MLS,Yes,16.01,20.32,Job Transfer,No,Jessica Lin,9256
9257,New,Pending, MLS,,19.9,9.74,Downsizing,No,David Thompson,9257
9258, ,Close,Opendoor,No,16.03,5.74,,,Amit Kumar,9258
9259,Closed,Kick,Auction.com,Yes,18.99,6.93,,,Sophia Williams,9259
9260, , Close ,Auction.com,Yes,7.55,9.48,Investor Sale,Yes,Amit Kumar,9260
9261,Accepted Offer,Pend,Auction.com,,5.15,5.15,Investor Sale,No,Priya Sharma,9261
9262,Closed,Pend, MLS,,7.85,24.55,,No,Sophia Williams,9262
9263,Accepted Offer,Available,M.L.S.,,5.88,11.35,Job Transfer,No,Samantha Pierce,9263
9264,Neww,Closed,M.L.S.,,11.92,21.43,Investor Sale,No,Amit Kumar,9264
9265,Neww, Close , MLS,No,19.02,25.98,,Yes,Priya Sharma,9265
9266,New,Cancelled,M.L.S.,No,14.53,20.29,Downsizing,No,Emily Patel,9266
9267,Accepted Offer,Kick,M L S,,17.53,17.57,Job Transfer,,Luis Garcia,9267
9268,Accepted Offer,Kick,Broker,No,10.84,11.86,Job Transfer,,Jessica Lin,9268
9269,Closed,Cancel,Bulk,,6.6,20.26,Job Transfer,,Jessica Lin,9269
9270,Cancelled,Closed,Auction.com,No,7.11,23.54,Job Transfer,No,Emily Patel,9270
9271, Closed,Cancelled,Internal,No,9.91,25.02,Investor Sale,No,Luis Garcia,9271
9272,Accepted Offer,Always Kick,Opendoor,,11.83,9.13,,No,Emily Patel,9272
9273,Closed, ,M.L.S.,,15.63,8.06,Job Transfer,No,Samantha Pierce,9273
9274, Closed,Closed,Broker,,2.32,24.41,Investor Sale,No,Jason Miller,9274
9275,Accepted Offer,Available,Broker,,16.78,28.16,Job Transfer,Yes,Michael Chen,9275
9276,Neww,Close,Bulk,No,17.5,17.77,Investor Sale,Yes,Sophia Williams,9276
9277,Neww,Available,Opendoor,,11.69,12.19,,No,Luis Garcia,9277
9278,Closed,Cancel,Broker,No,18.14,14.21,Job Transfer,Yes,Michael Chen,9278
9279,Null,Kick,M L S,Yes,5.1,7.28,Investor Sale,No,Jessica Lin,9279
9280,New,Close, MLS,,11.14,11.82,Downsizing,,Sophia Williams,9280
9281, ,Null,Opendoor,Yes,16.54,11.31,Downsizing,No,David Thompson,9281
9282,Reviewed,Cancelled, MLS,No,6.38,12.47,Investor Sale,Yes,Jason Miller,9282
9283,Reviewed,Kick,Broker,,6.66,5.67,,No,Sophia Williams,9283
9284,Cancelled,Closed, MLS,,14.02,12.75,Downsizing,,David Thompson,9284
9285, Closed,Null,Broker,No,13.9,15.09,Downsizing,Yes,Sophia Williams,9285
9286,New,Close,Auction.com,No,5.76,8.63,Investor Sale,Yes,Emily Patel,9286
9287,Offered,Always Kick,Opendoor,,18.24,5.11,Downsizing,No,Jason Miller,9287
9288,Null, Close ,Internal,Yes,11.1,26.6,Investor Sale,Yes,Sophia Williams,9288
9289,Closed,Cancelled,Opendoor,,11.0,8.17,,Yes,Emily Patel,9289
9290,Closed,Cancel,Bulk,,4.31,21.94,,Yes,Luis Garcia,9290
9291, Closed,Always Kick,M L S,,14.33,18.59,Downsizing,No,Priya Sharma,9291
9292,Neww,Always Kick,M.L.S.,Yes,12.83,5.01,Job Transfer,No,Sophia Williams,9292
9293,Offered,Close,Auction.com,Yes,19.76,7.87,Investor Sale,Yes,Emily Patel,9293
9294,Null,Kick, MLS,,7.83,10.4,Investor Sale,No,Emily Patel,9294
9295,Accepted Offer,Cancel,Internal,Yes,3.98,28.46,Downsizing,Yes,Emily Patel,9295
9296,Cancelled,Always Kick,Auction.com,,14.81,25.36,Investor Sale,Yes,Sophia Williams,9296
9297,Accepted Offer,Pend,Broker,,4.23,27.07,,No,Jason Miller,9297
9298,Cancelled,Pend,Internal,Yes,3.66,8.77,Investor Sale,Yes,Samantha Pierce,9298
9299,Reviewed,Always Kick,M.L.S.,Yes,10.86,21.85,Downsizing,,Samantha Pierce,9299
9300, , , MLS,No,13.35,16.6,Investor Sale,,Samantha Pierce,9300
9301,Offered,Always Kick,Bulk,,15.81,17.55,Downsizing,,Priya Sharma,9301
9302,Neww,Cancelled,Bulk,,11.16,9.15,,,Priya Sharma,9302
9303, Closed, Close ,M.L.S.,,14.87,23.01,Downsizing,Yes,Emily Patel,9303
9304,Accepted Offer,Kick,Opendoor,,6.59,5.58,Job Transfer,,David Thompson,9304
9305, Closed,Kick, MLS,,11.83,27.97,Downsizing,,David Thompson,9305
9306,New,Closed,Broker,No,19.32,28.78,Downsizing,No,Jessica Lin,9306
9307,Closed,Pend,M.L.S.,No,12.12,27.37,Job Transfer,,Jessica Lin,9307
9308,Closed,Pending,Opendoor,No,8.57,25.18,Downsizing,No,Michael Chen,9308
9309,Null,Closed,M L S,Yes,6.43,5.4,Investor Sale,Yes,Priya Sharma,9309
9310, Closed,Available,Opendoor,Yes,6.17,15.33,Job Transfer,,Michael Chen,9310
9311,Closed,Closed,Opendoor,Yes,9.29,13.8,Downsizing,Yes,Sophia Williams,9311
9312,Reviewed,Cancel,M.L.S.,,3.53,9.14,Investor Sale,No,Jessica Lin,9312
9313,Cancelled,Null,Bulk,,3.52,25.63,,No,Jason Miller,9313
9314, ,Null,M.L.S.,Yes,19.03,13.72,Investor Sale,No,Priya Sharma,9314
9315,Null,Pending,Internal,No,8.76,17.95,Downsizing,No,Emily Patel,9315
9316,Offered,Always Kick, MLS,,4.93,14.99,Job Transfer,No,Samantha Pierce,9316
9317,Accepted Offer,Pend,M L S,,7.73,24.47,,No,David Thompson,9317
9318,Closed,Pending,Broker,No,19.97,8.55,Downsizing,No,Priya Sharma,9318
9319,Accepted Offer,Close,Bulk,No,11.77,13.28,Investor Sale,,Emily Patel,9319
9320,Offered,Closed,M.L.S.,Yes,19.6,8.61,Job Transfer,Yes,Samantha Pierce,9320
9321,Closed, Close ,Internal,No,7.01,7.3,Investor Sale,Yes,Emily Patel,9321
9322, ,Cancel,Internal,No,15.48,8.54,Investor Sale,,Michael Chen,9322
9323,New,Always Kick,M L S,Yes,4.24,21.85,Investor Sale,No,Amit Kumar,9323
9324,Null,Pending,Bulk,No,10.21,19.62,,Yes,Michael Chen,9324
9325,Cancelled, ,Internal,,7.6,16.19,Investor Sale,No,Sophia Williams,9325
9326,Reviewed,Close,Auction.com,No,19.59,29.86,Job Transfer,Yes,Michael Chen,9326
9327, Closed,Close,Opendoor,No,10.56,27.42,Downsizing,Yes,Jason Miller,9327
9328,New,Null,Bulk,,8.95,29.08,Job Transfer,No,Amit Kumar,9328
9329,New,Always Kick,Broker,Yes,12.9,13.99,Downsizing,No,Emily Patel,9329
9330,Neww,Kick, MLS,Yes,14.96,10.79,,Yes,Amit Kumar,9330
9331,New,Null,Opendoor,Yes,16.17,7.2,Job Transfer,,Samantha Pierce,9331
9332,Cancelled,Available, MLS,Yes,9.85,19.06,Downsizing,,Samantha Pierce,9332
9333, Closed,Close, MLS,Yes,18.47,11.12,,,Amit Kumar,9333
9334,Cancelled,Pending,M L S,No,7.81,6.53,Downsizing,No,Sophia Williams,9334
9335,Closed,Closed, MLS,No,14.69,14.05,Downsizing,Yes,Sophia Williams,9335
9336,New,Pend,M L S,No,10.45,26.12,,No,Amit Kumar,9336
9337,Accepted Offer,Kick,Internal,No,19.99,20.84,Investor Sale,No,Priya Sharma,9337
9338,New,Pend,M.L.S.,No,16.16,13.37,Job Transfer,No,Jason Miller,9338
9339, ,Always Kick, MLS,Yes,2.13,25.81,Investor Sale,No,Amit Kumar,9339
9340,Offered,Cancel,Bulk,Yes,17.68,7.49,Investor Sale,Yes,Samantha Pierce,9340
9341,Closed, ,Opendoor,Yes,17.64,6.37,Downsizing,No,Priya Sharma,9341
9342,Null,Close,Auction.com,Yes,4.49,13.59,Investor Sale,No,Sophia Williams,9342
9343, ,Cancel,M.L.S.,Yes,14.84,6.2,Job Transfer,Yes,Sophia Williams,9343
9344,New,Pending,Auction.com,,15.71,11.63,Downsizing,Yes,Emily Patel,9344
9345,New,Cancel,M.L.S.,,19.78,9.18,Downsizing,,Samantha Pierce,9345
9346,Cancelled,Pending,M L S,Yes,8.16,15.08,Downsizing,No,Samantha Pierce,9346
9347, ,Cancel,Broker,No,18.4,27.73,Job Transfer,Yes,Samantha Pierce,9347
9348, , ,Internal,Yes,5.24,21.33,,,Sophia Williams,9348
9349,Reviewed,Always Kick,M.L.S.,Yes,18.57,17.87,Investor Sale,Yes,David Thompson,9349
9350,Null, ,Internal,,19.2,8.62,Downsizing,,Priya Sharma,9350
9351,Null,Closed,Broker,Yes,12.65,25.38,Job Transfer,,Samantha Pierce,9351
9352,Closed,Always Kick,M L S,Yes,17.75,17.1,Downsizing,Yes,Samantha Pierce,9352
9353,Neww, ,Internal,Yes,4.92,8.35,Downsizing,Yes,Emily Patel,9353
9354,Neww, , MLS,No,9.47,13.93,Investor Sale,Yes,Priya Sharma,9354
9355,Accepted Offer,Always Kick,M.L.S.,,14.43,12.55,Investor Sale,Yes,Samantha Pierce,9355
9356,Cancelled,Always Kick,Internal,Yes,9.1,19.5,Investor Sale,No,Amit Kumar,9356
9357,Neww,Cancelled,Bulk,No,8.28,10.25,Job Transfer,Yes,Jessica Lin,9357
9358, ,Null,Auction.com,No,7.18,15.82,Investor Sale,,David Thompson,9358
9359,New,Close, MLS,Yes,2.32,16.75,Job Transfer,Yes,Emily Patel,9359
9360,New,Always Kick,M L S,Yes,5.29,22.84,Investor Sale,No,Luis Garcia,9360
9361, , Close ,M.L.S.,,4.93,29.18,Job Transfer,No,Samantha Pierce,9361
9362,Offered,Pend, MLS,Yes,19.05,29.92,Job Transfer,,Jessica Lin,9362
9363,New, ,M.L.S.,Yes,11.42,21.12,,,David Thompson,9363
9364,Cancelled,Pend,Opendoor,No,3.14,27.25,Investor Sale,No,Michael Chen,9364
9365,Neww,Cancel, MLS,No,5.59,16.53,Investor Sale,,Amit Kumar,9365
9366, ,Close,Auction.com,No,15.38,29.47,Job Transfer,Yes,Emily Patel,9366
9367,Offered, ,Opendoor,,18.98,19.38,Investor Sale,No,Luis Garcia,9367
9368,Null,Null,M L S,No,12.23,19.46,Job Transfer,Yes,Priya Sharma,9368
9369,Cancelled,Pend, MLS,Yes,6.39,26.34,Investor Sale,Yes,David Thompson,9369
9370, Closed,Always Kick,M L S,Yes,14.7,25.36,Job Transfer,,Emily Patel,9370
9371,Offered, ,Auction.com,Yes,16.99,14.25,Job Transfer,No,Jason Miller,9371
9372,Reviewed, Close ,Opendoor,No,14.33,18.77,,,Samantha Pierce,9372
9373,Neww,Pending,Broker,Yes,6.58,14.16,,No,Sophia Williams,9373
9374,Closed,Pend,M.L.S.,No,7.92,10.03,Job Transfer,,Jason Miller,9374
9375,Neww,Pend,Opendoor,,17.69,10.48,Job Transfer,Yes,Sophia Williams,9375
9376,New,Pending,Auction.com,No,3.25,28.53,Downsizing,Yes,Samantha Pierce,9376
9377,Cancelled,Null,Opendoor,Yes,18.42,11.28,Investor Sale,Yes,Luis Garcia,9377
9378, Closed,Cancel,Internal,Yes,16.85,29.56,Downsizing,No,David Thompson,9378
9379,Null,Available,M.L.S.,,14.2,10.57,Investor Sale,Yes,Emily Patel,9379
9380,Null,Available,M.L.S.,No,6.96,7.23,Investor Sale,No,David Thompson,9380
9381, Closed,Available,Opendoor,Yes,17.58,21.94,Downsizing,,Samantha Pierce,9381
9382, Closed,Kick,M.L.S.,,14.18,13.3,,No,Jessica Lin,9382
9383,Accepted Offer,Closed,Opendoor,No,2.07,14.1,Downsizing,Yes,Emily Patel,9383
9384,Accepted Offer,Cancelled,Auction.com,No,19.64,20.89,Investor Sale,Yes,Emily Patel,9384
9385,Reviewed,Null,M.L.S.,Yes,8.13,15.05,Job Transfer,,Jason Miller,9385
9386,Cancelled,Available,Auction.com,No,9.08,25.61,Investor Sale,,David Thompson,9386
9387,Closed,Available,M L S,,17.16,17.16,Downsizing,,Jason Miller,9387
9388,Neww,Close, MLS,Yes,2.13,26.96,,No,Priya Sharma,9388
9389, ,Closed,Auction.com,,12.58,26.27,Job Transfer,,Amit Kumar,9389
9390,Neww,Pending,Internal,No,3.01,24.66,Job Transfer,No,Jason Miller,9390
9391,Closed, ,Bulk,No,7.3,5.09,Downsizing,No,Priya Sharma,9391
9392,Neww,Closed,Bulk,,17.34,28.67,Job Transfer,Yes,Priya Sharma,9392
9393,Neww,Always Kick,Bulk,,3.93,15.79,,Yes,David Thompson,9393
9394,Offered,Cancelled,M.L.S.,,10.97,27.83,Downsizing,,Emily Patel,9394
9395,New,Available,Broker,No,12.69,22.39,,,Priya Sharma,9395
9396,Reviewed,Pend,Opendoor,No,10.18,23.28,Downsizing,No,Emily Patel,9396
9397,Cancelled,Pending,Auction.com,,11.65,5.03,Investor Sale,No,Sophia Williams,9397
9398,Offered,Pending, MLS,No,4.38,12.54,,,Michael Chen,9398
9399,Closed, Close ,Auction.com,,10.52,29.86,Investor Sale,No,Luis Garcia,9399
9400,Cancelled, Close ,Opendoor,Yes,16.21,10.63,,,Emily Patel,9400
9401,Accepted Offer,Null, MLS,,19.23,20.03,Downsizing,No,David Thompson,9401
9402,Closed,Always Kick,Bulk,,3.01,10.37,,Yes,Priya Sharma,9402
9403, ,Null,Auction.com,No,5.24,24.13,Downsizing,,Jessica Lin,9403
9404,Reviewed,Null,M.L.S.,,15.62,19.81,Investor Sale,Yes,Michael Chen,9404
9405,Cancelled,Cancel, MLS,Yes,13.53,27.72,Job Transfer,Yes,Jessica Lin,9405
9406,Null,Pending, MLS,Yes,19.8,7.97,Investor Sale,Yes,Jason Miller,9406
9407,New,Available,Internal,,4.62,21.71,Investor Sale,,Luis Garcia,9407
9408,Closed,Pending,Auction.com,,15.22,12.27,Downsizing,No,Sophia Williams,9408
9409,Closed,Kick,Internal,No,12.84,21.38,Downsizing,No,Jason Miller,9409
9410,New,Cancel, MLS,No,17.54,7.07,Investor Sale,,Jessica Lin,9410
9411,Null,Available,Opendoor,,4.69,16.45,,No,Jason Miller,9411
9412, ,Cancel,Internal,No,8.5,20.09,,,Luis Garcia,9412
9413,Neww,Always Kick,M.L.S.,Yes,17.32,11.18,,No,Luis Garcia,9413
9414,Closed,Closed,Broker,Yes,13.3,14.88,,No,Jessica Lin,9414
9415,Accepted Offer,Cancel,Auction.com,Yes,5.44,20.62,Job Transfer,,Michael Chen,9415
9416,Reviewed,Available,Bulk,Yes,17.36,15.93,Job Transfer,,Sophia Williams,9416
9417,Offered,Pending,Bulk,Yes,5.74,29.72,Investor Sale,,Jessica Lin,9417
9418,Neww,Pending,M L S,No,12.27,5.52,,No,Samantha Pierce,9418
9419,Reviewed,Kick,Bulk,Yes,18.61,20.42,,Yes,Jason Miller,9419
9420,Offered,Cancelled,Broker,,7.52,6.24,Investor Sale,Yes,Emily Patel,9420
9421,Accepted Offer, ,Opendoor,,9.9,8.74,Job Transfer,No,Amit Kumar,9421
9422, Closed, Close , MLS,,17.47,9.09,Investor Sale,Yes,David Thompson,9422
9423, ,Pending,Opendoor,No,3.17,22.7,Downsizing,No,David Thompson,9423
9424,Null,Cancel,Auction.com,,12.82,20.16,Job Transfer,,Amit Kumar,9424
9425,Reviewed,Always Kick,Auction.com,No,9.39,22.17,Job Transfer,,Jason Miller,9425
9426,Null,Closed,Broker,,7.4,17.06,Downsizing,No,Luis Garcia,9426
9427, Closed,Cancel, MLS,,6.42,14.19,,,Luis Garcia,9427
9428,New, ,Auction.com,,19.87,5.92,Downsizing,Yes,Amit Kumar,9428
9429,Closed, Close , MLS,,13.06,16.15,,Yes,Luis Garcia,9429
9430,New,Available,Opendoor,Yes,12.12,23.11,Job Transfer,No,Samantha Pierce,9430
9431,Offered,Null,Opendoor,Yes,6.12,28.1,,Yes,Priya Sharma,9431
9432,Neww,Close, MLS,,16.64,15.68,Job Transfer,,David Thompson,9432
9433, ,Cancel,Auction.com,,17.74,16.94,,No,Emily Patel,9433
9434,Closed,Kick,Bulk,No,9.39,26.59,,No,Priya Sharma,9434
9435,Reviewed,Null,M.L.S.,Yes,2.84,10.38,Downsizing,,Emily Patel,9435
9436,New,Pend,Internal,,18.39,11.44,Investor Sale,,Jessica Lin,9436
9437,Null, ,Opendoor,No,11.69,8.67,Investor Sale,,Amit Kumar,9437
9438, ,Pend,Opendoor,No,12.07,24.77,Investor Sale,No,Emily Patel,9438
9439, Closed,Null,Bulk,No,14.21,24.73,Job Transfer,Yes,Jessica Lin,9439
9440,Offered,Available,Broker,No,6.86,18.36,,Yes,Priya Sharma,9440
9441,New,Kick,Broker,,9.05,18.33,,No,Michael Chen,9441
9442,Offered,Always Kick,Auction.com,Yes,18.71,25.48,,,Sophia Williams,9442
9443,Closed, ,Internal,,3.66,27.7,Job Transfer,No,Jessica Lin,9443
9444,New, Close , MLS,No,3.09,5.81,,No,Samantha Pierce,9444
9445,Offered,Available,M.L.S.,,17.29,5.5,Downsizing,No,Amit Kumar,9445
9446,Offered,Always Kick,Bulk,,16.86,24.77,Investor Sale,,Jessica Lin,9446
9447, Closed,Null,Bulk,Yes,7.8,11.2,Job Transfer,,Amit Kumar,9447
9448,Reviewed,Null,M L S,Yes,7.49,20.07,Job Transfer,No,Priya Sharma,9448
9449, Closed,Pending,M L S,Yes,9.69,19.93,,,Jessica Lin,9449
9450, , ,Internal,,2.36,11.38,,,Samantha Pierce,9450
9451, ,Kick,Opendoor,,7.36,19.86,Downsizing,No,David Thompson,9451
9452,Cancelled,Cancel,M.L.S.,,9.12,17.78,Downsizing,No,Emily Patel,9452
9453,Reviewed,Cancelled,Broker,Yes,13.0,11.95,Job Transfer,Yes,Sophia Williams,9453
9454,Null,Pend,Auction.com,No,12.42,12.65,Job Transfer,Yes,Jessica Lin,9454
9455,Reviewed,Available,M.L.S.,,12.12,14.74,,No,Amit Kumar,9455
9456,Closed,Pending,Broker,No,10.69,11.12,Investor Sale,,Samantha Pierce,9456
9457, Closed,Always Kick,Broker,,6.2,28.09,,,Amit Kumar,9457
9458,Accepted Offer, ,Broker,No,5.01,12.69,Downsizing,,Luis Garcia,9458
9459,Reviewed,Cancel, MLS,,4.26,14.81,Job Transfer,Yes,Jessica Lin,9459
9460,Cancelled,Always Kick,Opendoor,No,14.82,18.4,Job Transfer,Yes,Priya Sharma,9460
9461, ,Null, MLS,Yes,9.56,18.48,Investor Sale,No,Michael Chen,9461
9462,Reviewed, ,Internal,,14.46,22.27,Investor Sale,No,Luis Garcia,9462
9463,Accepted Offer,Cancel,Internal,,19.37,23.09,Job Transfer,,Michael Chen,9463
9464,Offered,Closed,Broker,No,8.88,17.92,,,David Thompson,9464
9465, Closed,Cancelled,Bulk,Yes,14.83,27.0,Downsizing,Yes,Sophia Williams,9465
9466, ,Pending,Bulk,,3.28,25.08,Investor Sale,Yes,Sophia Williams,9466
9467,Null,Cancelled,Auction.com,Yes,11.99,24.12,Investor Sale,Yes,Michael Chen,9467
9468,New,Pending,Broker,No,12.66,12.73,,No,Jessica Lin,9468
9469,Accepted Offer,Cancel, MLS,No,18.46,17.5,Job Transfer,,David Thompson,9469
9470,Null,Kick,Internal,No,15.54,10.07,Downsizing,Yes,David Thompson,9470
9471,Closed,Pending, MLS,,3.14,5.47,Job Transfer,Yes,Priya Sharma,9471
9472, Closed, ,M.L.S.,No,18.38,27.13,,No,David Thompson,9472
9473,Reviewed,Kick,Bulk,No,19.97,17.29,,No,David Thompson,9473
9474,Accepted Offer, Close ,Internal,Yes,18.16,21.91,,,Sophia Williams,9474
9475,Null,Always Kick,Opendoor,Yes,3.28,22.73,,No,Luis Garcia,9475
9476,Accepted Offer,Close,M.L.S.,Yes,8.15,24.63,Job Transfer,No,Jessica Lin,9476
9477,Closed,Null,M.L.S.,,4.83,27.46,Investor Sale,Yes,Sophia Williams,9477
9478,Neww,Closed,Internal,No,17.12,12.81,Downsizing,Yes,Michael Chen,9478
9479, ,Close,Internal,No,10.82,10.82,,,Jason Miller,9479
9480,Cancelled,Closed,Opendoor,Yes,6.78,8.33,,Yes,Luis Garcia,9480
9481,Reviewed,Closed,Bulk,No,2.58,29.57,,Yes,Michael Chen,9481
9482,New,Closed,M L S,,13.85,28.57,Job Transfer,No,Emily Patel,9482
9483, ,Pending,Internal,Yes,5.81,5.24,Downsizing,Yes,Samantha Pierce,9483
9484,Accepted Offer,Pend, MLS,,5.82,15.28,Downsizing,Yes,Luis Garcia,9484
9485,Closed,Cancelled,M.L.S.,No,6.45,18.22,Investor Sale,Yes,Samantha Pierce,9485
9486,Closed,Always Kick,Auction.com,Yes,14.83,10.13,,Yes,Priya Sharma,9486
9487,Reviewed,Always Kick,Broker,,11.97,20.74,Job Transfer,,Sophia Williams,9487
9488,Cancelled,Null,M.L.S.,,4.03,27.29,,No,Samantha Pierce,9488
9489,Closed,Always Kick,Bulk,,6.74,20.0,Job Transfer,,Emily Patel,9489
9490,Accepted Offer,Available,M.L.S.,,6.08,6.17,Investor Sale,Yes,David Thompson,9490
9491,Accepted Offer,Always Kick,M.L.S.,Yes,11.83,23.21,Investor Sale,No,Samantha Pierce,9491
9492, Closed,Close,Bulk,No,10.38,18.3,Job Transfer,No,Priya Sharma,9492
9493,Null,Always Kick,M L S,,19.43,20.66,Downsizing,No,David Thompson,9493
9494,Null,Kick, MLS,,19.26,5.62,Job Transfer,No,Luis Garcia,9494
9495,Reviewed, ,M.L.S.,Yes,19.15,11.18,Downsizing,Yes,Michael Chen,9495
9496, ,Kick,Internal,Yes,5.61,7.47,Investor Sale,No,David Thompson,9496
9497,Null,Available,Auction.com,,5.59,21.89,,,Samantha Pierce,9497
9498,Accepted Offer,Closed,Internal,Yes,12.14,13.62,Investor Sale,No,Michael Chen,9498
9499,New,Kick, MLS,Yes,13.5,22.5,Investor Sale,No,Jason Miller,9499
9500,New, Close ,M.L.S.,Yes,13.47,14.5,Investor Sale,No,Emily Patel,9500
9501,Null,Closed,Auction.com,,18.11,18.19,Downsizing,No,Jessica Lin,9501
9502,Neww,Available,Internal,Yes,17.94,15.1,Job Transfer,No,Jason Miller,9502
9503,Reviewed,Pending,Opendoor,Yes,14.32,26.7,,No,Priya Sharma,9503
9504, ,Kick, MLS,Yes,18.25,22.32,Job Transfer,Yes,Sophia Williams,9504
9505,Cancelled,Pending,Opendoor,Yes,4.4,8.01,Job Transfer,No,David Thompson,9505
9506,Neww,Available,Broker,No,18.87,12.69,Downsizing,No,Samantha Pierce,9506
9507,New,Available,Internal,No,16.82,6.5,Job Transfer,,Jessica Lin,9507
9508,Accepted Offer,Pending,Bulk,No,14.05,27.46,Job Transfer,,Priya Sharma,9508
9509,Accepted Offer,Closed,M L S,No,15.84,22.24,,No,Jason Miller,9509
9510, Closed,Pending,Bulk,No,7.58,22.78,,Yes,David Thompson,9510
9511,New,Cancelled,Auction.com,No,17.49,21.62,Investor Sale,,Michael Chen,9511
9512,Null,Cancelled, MLS,No,12.96,5.31,Downsizing,,Jason Miller,9512
9513,Neww,Pend,M L S,,8.79,11.44,,,Sophia Williams,9513
9514,Cancelled,Always Kick,Broker,Yes,4.19,7.97,Job Transfer,Yes,Jason Miller,9514
9515, , ,M.L.S.,,8.89,29.55,Job Transfer,Yes,Jason Miller,9515
9516,Reviewed,Always Kick,Broker,Yes,4.44,29.62,,Yes,Luis Garcia,9516
9517,Cancelled,Close,Opendoor,Yes,3.42,11.26,Investor Sale,Yes,Emily Patel,9517
9518,Offered,Null,M L S,No,5.95,22.4,,Yes,Samantha Pierce,9518
9519, ,Pending,Bulk,No,15.59,15.83,Investor Sale,,Priya Sharma,9519
9520,Cancelled, Close ,Auction.com,Yes,3.59,19.52,Downsizing,,Samantha Pierce,9520
9521,Null, Close ,Opendoor,Yes,5.16,29.23,Downsizing,No,Michael Chen,9521
9522,Neww,Close,M L S,,15.5,29.32,Job Transfer,Yes,Jessica Lin,9522
9523,New,Kick,Broker,No,8.38,16.44,,Yes,Michael Chen,9523
9524,Offered,Null,Internal,No,13.83,20.05,Downsizing,,Luis Garcia,9524
9525, Closed,Available,Auction.com,,15.19,22.64,,Yes,Emily Patel,9525
9526,Closed,Null,M.L.S.,No,19.07,20.38,Downsizing,Yes,Luis Garcia,9526
9527,Closed, Close ,Broker,Yes,7.04,23.81,,,Emily Patel,9527
9528,Reviewed,Closed,Broker,,14.4,19.53,Downsizing,,Sophia Williams,9528
9529,Accepted Offer, ,M.L.S.,No,13.3,29.02,,No,Amit Kumar,9529
9530,Accepted Offer,Cancel,Bulk,,6.36,13.25,,Yes,Emily Patel,9530
9531,Neww,Null,Broker,Yes,9.22,15.52,Job Transfer,No,Luis Garcia,9531
9532,Neww,Null,Broker,No,12.44,18.52,,Yes,Jason Miller,9532
9533,Accepted Offer,Available,Auction.com,Yes,8.6,8.72,Investor Sale,,Jason Miller,9533
9534,Reviewed,Available, MLS,,6.53,16.48,Job Transfer,Yes,Sophia Williams,9534
9535,New, Close ,Auction.com,,7.02,19.41,,,Jason Miller,9535
9536,Offered,Available,Bulk,Yes,10.36,29.69,,No,David Thompson,9536
9537,Accepted Offer,Cancel,Bulk,Yes,2.97,16.06,Downsizing,Yes,Priya Sharma,9537
9538,Neww,Always Kick,M L S,,14.79,25.62,Job Transfer,No,Michael Chen,9538
9539, Closed,Always Kick,Auction.com,Yes,11.2,20.81,Investor Sale,Yes,Amit Kumar,9539
9540,Offered,Kick,M.L.S.,,6.79,8.79,Downsizing,,Jessica Lin,9540
9541,Closed,Cancelled,M.L.S.,Yes,7.43,27.36,Investor Sale,,Luis Garcia,9541
9542,Accepted Offer,Null,M.L.S.,Yes,14.18,19.93,Job Transfer,Yes,Samantha Pierce,9542
9543,Closed,Cancelled, MLS,,7.07,7.19,,,Priya Sharma,9543
9544, Closed,Pend,M L S,Yes,3.12,10.0,Downsizing,,Sophia Williams,9544
9545, Closed, ,Auction.com,Yes,9.15,12.4,Downsizing,Yes,Jason Miller,9545
9546,Reviewed,Kick,M L S,,7.63,13.46,Investor Sale,,Michael Chen,9546
9547, Closed,Cancelled,Auction.com,No,2.16,6.97,Downsizing,,Amit Kumar,9547
9548,New,Close,M L S,No,9.35,6.97,Downsizing,Yes,Emily Patel,9548
9549,Accepted Offer,Pending,Internal,Yes,13.47,16.03,Downsizing,,Michael Chen,9549
9550,New,Closed,Internal,Yes,7.87,5.2,Downsizing,Yes,Jessica Lin,9550
9551,Reviewed,Cancel,Auction.com,Yes,11.21,27.16,Investor Sale,,David Thompson,9551
9552,Null,Cancel,M L S,No,8.24,5.21,,Yes,Jessica Lin,9552
9553,New,Cancel,Internal,Yes,6.54,10.43,Downsizing,,Sophia Williams,9553
9554, Closed,Available,Internal,Yes,18.33,26.73,Job Transfer,Yes,David Thompson,9554
9555,Cancelled,Cancel, MLS,Yes,13.95,15.26,Job Transfer,,Amit Kumar,9555
9556,Neww,Available,Auction.com,Yes,17.74,22.88,,Yes,Jason Miller,9556
9557,Accepted Offer,Pending,Broker,Yes,9.86,20.3,Downsizing,No,Sophia Williams,9557
9558,Accepted Offer,Cancel,Opendoor,,6.36,27.14,Investor Sale,No,Emily Patel,9558
9559,Null, Close ,M.L.S.,Yes,5.61,20.62,Investor Sale,No,Emily Patel,9559
9560,New, ,Bulk,No,9.63,26.02,Job Transfer,,Michael Chen,9560
9561,Reviewed,Closed,Broker,,8.46,12.9,,Yes,Jessica Lin,9561
9562,Reviewed,Null,M L S,,12.54,25.2,,Yes,Jason Miller,9562
9563,Closed,Pending, MLS,Yes,17.91,19.8,,,Samantha Pierce,9563
9564, Closed,Cancelled,Broker,No,12.79,22.27,Downsizing,No,Priya Sharma,9564
9565,Closed,Available,M.L.S.,Yes,12.81,10.97,Investor Sale,No,Sophia Williams,9565
9566, Closed,Pend,M L S,,7.99,18.5,Downsizing,,Emily Patel,9566
9567,Reviewed,Always Kick,Bulk,,14.21,26.1,Job Transfer,No,Luis Garcia,9567
9568,Null,Always Kick,M L S,No,18.05,19.47,Job Transfer,Yes,Jessica Lin,9568
9569,Reviewed, , MLS,,2.94,6.05,Downsizing,No,Amit Kumar,9569
9570,Neww,Closed,Internal,No,2.23,15.87,,Yes,Emily Patel,9570
9571,Accepted Offer,Close,Broker,No,11.48,26.6,Downsizing,No,Jason Miller,9571
9572, ,Close,Opendoor,,15.64,23.87,Downsizing,Yes,David Thompson,9572
9573, ,Closed,Opendoor,,12.75,27.59,Job Transfer,Yes,Jason Miller,9573
9574, Closed,Kick,Broker,,19.45,22.28,Downsizing,Yes,Michael Chen,9574
9575,Cancelled,Close,Internal,No,7.1,25.07,Investor Sale,Yes,Emily Patel,9575
9576, Closed,Null,Opendoor,No,11.81,10.73,Job Transfer,,Sophia Williams,9576
9577,Offered,Null,Internal,Yes,10.09,9.71,,No,Emily Patel,9577
9578,Accepted Offer,Available, MLS,,19.0,7.3,Investor Sale,Yes,Luis Garcia,9578
9579,Accepted Offer,Always Kick,Internal,,8.31,15.47,Downsizing,,Amit Kumar,9579
9580,Null,Close,Opendoor,No,7.93,27.72,,No,David Thompson,9580
9581,Accepted Offer,Closed,Auction.com,No,4.49,24.66,Investor Sale,No,Jason Miller,9581
9582,Cancelled,Available, MLS,No,13.77,26.6,Downsizing,Yes,Samantha Pierce,9582
9583,Neww, Close ,Opendoor,Yes,18.65,24.8,Investor Sale,Yes,Luis Garcia,9583
9584,New, Close ,Internal,,15.74,26.66,,No,Sophia Williams,9584
9585,Cancelled,Available,M L S,No,4.03,19.38,Investor Sale,,Priya Sharma,9585
9586, ,Closed, MLS,,13.88,27.68,,,David Thompson,9586
9587,Null,Null,Internal,Yes,17.76,28.26,Downsizing,Yes,Amit Kumar,9587
9588,Closed,Always Kick,Opendoor,Yes,3.16,23.63,Downsizing,No,Priya Sharma,9588
9589,Closed,Cancelled,M L S,Yes,16.03,12.17,Downsizing,No,Emily Patel,9589
9590,Neww,Closed,M L S,Yes,8.6,25.58,Investor Sale,Yes,Sophia Williams,9590
9591, Closed,Kick,M L S,Yes,4.37,29.4,Investor Sale,Yes,Jason Miller,9591
9592,New,Close,Internal,Yes,16.55,15.21,Downsizing,,Sophia Williams,9592
9593,Accepted Offer,Pending,Opendoor,Yes,9.07,21.19,Investor Sale,Yes,Samantha Pierce,9593
9594, Closed,Available,Opendoor,No,5.71,18.47,Investor Sale,No,Amit Kumar,9594
9595,Cancelled,Pending,Internal,Yes,18.71,15.07,Downsizing,No,Samantha Pierce,9595
9596,Neww,Closed,M.L.S.,Yes,6.36,18.32,,Yes,Amit Kumar,9596
9597,New,Closed,Auction.com,No,5.74,18.06,Investor Sale,,David Thompson,9597
9598, Closed, ,M L S,Yes,6.76,17.85,Downsizing,No,Samantha Pierce,9598
9599, Closed,Available,M L S,Yes,9.08,11.79,Investor Sale,No,Priya Sharma,9599
9600,Closed,Cancel,Internal,Yes,18.16,26.89,,No,Emily Patel,9600
9601,Reviewed,Pending,Auction.com,Yes,15.59,6.45,,,Jessica Lin,9601
9602,Neww,Pending,Opendoor,,7.31,11.99,Investor Sale,No,Michael Chen,9602
9603, ,Pend,Bulk,Yes,13.95,29.59,Job Transfer,,Luis Garcia,9603
9604,Cancelled, Close ,Auction.com,,19.94,5.72,Job Transfer,Yes,Michael Chen,9604
9605,Closed, Close ,Auction.com,Yes,16.31,11.65,Job Transfer,No,Amit Kumar,9605
9606,Cancelled,Closed,Bulk,,17.88,20.86,Job Transfer,,Luis Garcia,9606
9607,Neww,Cancelled,M L S,No,19.67,19.12,Job Transfer,,Samantha Pierce,9607
9608,Reviewed,Closed,Internal,No,2.62,6.71,Investor Sale,,Jessica Lin,9608
9609,Offered,Null,Internal,,19.44,6.23,Investor Sale,,David Thompson,9609
9610,Cancelled,Close,Bulk,Yes,19.68,18.03,Investor Sale,,Luis Garcia,9610
9611,Cancelled,Cancel,Bulk,Yes,14.99,8.14,,Yes,Samantha Pierce,9611
9612,New, , MLS,No,11.08,19.61,,,Emily Patel,9612
9613,Accepted Offer,Kick,Opendoor,,5.47,28.78,Downsizing,Yes,Luis Garcia,9613
9614,Neww,Pend,Opendoor,No,2.46,27.93,Investor Sale,Yes,Michael Chen,9614
9615,Neww, Close ,Broker,Yes,13.45,24.51,,Yes,Jessica Lin,9615
9616,Reviewed,Close,Broker,No,7.61,27.02,Downsizing,No,Amit Kumar,9616
9617, ,Closed,M L S,Yes,3.33,15.65,Downsizing,No,Jason Miller,9617
9618, Closed, ,Auction.com,Yes,19.86,23.62,Downsizing,No,Priya Sharma,9618
9619,Neww,Available,Auction.com,,11.24,14.71,Investor Sale,No,Luis Garcia,9619
9620,Offered,Closed,M L S,Yes,5.3,12.79,,No,Amit Kumar,9620
9621,Accepted Offer, Close , MLS,,6.31,26.97,Downsizing,,Luis Garcia,9621
9622,Accepted Offer,Close,Broker,No,5.4,25.34,Investor Sale,Yes,Emily Patel,9622
9623,Null,Cancelled,Internal,No,6.41,29.92,,No,David Thompson,9623
9624,Closed,Pend,Bulk,Yes,8.8,9.83,Investor Sale,Yes,Sophia Williams,9624
9625,Accepted Offer,Null,M.L.S.,No,16.3,6.73,Investor Sale,Yes,Jason Miller,9625
9626,Neww,Pending,M L S,No,3.71,16.76,,No,Emily Patel,9626
9627,Null,Cancel,Internal,,14.85,16.68,Job Transfer,No,Sophia Williams,9627
9628,Reviewed,Pend,M.L.S.,,13.3,6.09,Downsizing,,Michael Chen,9628
9629, ,Closed,Broker,Yes,18.66,6.73,Job Transfer,No,David Thompson,9629
9630,Closed,Kick,Broker,No,2.47,11.68,Investor Sale,Yes,Michael Chen,9630
9631,Cancelled,Null,Bulk,,6.62,9.93,,No,Jason Miller,9631
9632,Null,Cancel,M.L.S.,,18.25,27.56,Downsizing,,Emily Patel,9632
9633,New, ,Opendoor,No,2.91,27.85,Downsizing,No,David Thompson,9633
9634,Reviewed,Available,M.L.S.,Yes,12.71,20.66,Downsizing,Yes,Sophia Williams,9634
9635,New,Closed,M.L.S.,,3.47,17.47,Job Transfer,,Priya Sharma,9635
9636, Closed,Available,Broker,,17.49,29.74,Job Transfer,,Samantha Pierce,9636
9637,Cancelled,Closed,M L S,No,10.65,18.88,Downsizing,No,Emily Patel,9637
9638,New, ,Bulk,No,18.94,12.43,Job Transfer,No,Amit Kumar,9638
9639,Reviewed,Closed,Broker,,2.17,18.18,,Yes,Amit Kumar,9639
9640,Reviewed,Close,Opendoor,No,6.28,18.36,Downsizing,No,Priya Sharma,9640
9641,Offered,Pending,Broker,No,15.49,5.09,Investor Sale,Yes,Michael Chen,9641
9642,Closed,Available, MLS,,4.79,24.07,Downsizing,No,Jessica Lin,9642
9643,Neww,Cancel,M L S,No,16.76,28.77,Job Transfer,No,Priya Sharma,9643
9644,Cancelled,Kick,Internal,No,2.6,25.63,Downsizing,No,Michael Chen,9644
9645, ,Null,Bulk,,16.49,14.38,Downsizing,Yes,Jason Miller,9645
9646,New, Close ,Auction.com,,14.03,27.11,,Yes,Sophia Williams,9646
9647,New, , MLS,No,10.48,25.26,Job Transfer,,Samantha Pierce,9647
9648, Closed,Pending,Internal,No,6.63,23.92,Investor Sale,Yes,Priya Sharma,9648
9649,Offered,Close,Internal,No,17.27,16.11,Downsizing,No,Jason Miller,9649
9650,Closed,Cancel,M L S,,5.49,20.24,,No,Emily Patel,9650
9651,Null,Closed,Bulk,,7.37,17.26,,Yes,Luis Garcia,9651
9652,Accepted Offer,Pending,Internal,,9.05,26.72,Investor Sale,Yes,Priya Sharma,9652
9653,Accepted Offer,Kick,Bulk,,14.65,13.54,Job Transfer,Yes,Michael Chen,9653
9654,Offered, Close , MLS,,11.02,13.92,Investor Sale,Yes,David Thompson,9654
9655,Cancelled,Cancelled,Opendoor,,2.35,9.32,Downsizing,No,Jessica Lin,9655
9656,Cancelled,Pend,Broker,Yes,13.34,14.99,,Yes,Samantha Pierce,9656
9657, ,Pend,Broker,No,19.2,14.36,Downsizing,,Sophia Williams,9657
9658, ,Close,Internal,,18.42,18.67,Downsizing,Yes,Priya Sharma,9658
9659,Cancelled,Available,M L S,Yes,6.5,9.29,Investor Sale,,David Thompson,9659
9660,New,Null,Opendoor,Yes,10.99,24.15,Job Transfer,,Jason Miller,9660
9661,Closed,Close,Auction.com,Yes,11.11,29.02,Downsizing,,Michael Chen,9661
9662,Reviewed,Pending,Internal,,5.85,27.16,Job Transfer,,Samantha Pierce,9662
9663,Neww,Null,Broker,No,17.22,23.07,Job Transfer,No,David Thompson,9663
9664,Null,Close,Opendoor,,7.24,12.45,Job Transfer,No,Jason Miller,9664
9665,Closed,Cancel,Broker,,13.37,17.7,Investor Sale,No,Emily Patel,9665
9666,Offered,Cancel,Auction.com,Yes,13.77,26.56,,No,Jessica Lin,9666
9667, ,Always Kick,Broker,No,19.5,26.87,Job Transfer,No,Michael Chen,9667
9668,Neww,Cancel,Internal,Yes,16.05,19.93,Downsizing,No,Amit Kumar,9668
9669,Accepted Offer,Always Kick,Bulk,Yes,17.77,6.71,Job Transfer,Yes,Luis Garcia,9669
9670,Null,Cancelled,M L S,,9.79,28.37,Job Transfer,,Michael Chen,9670
9671,New,Always Kick,Auction.com,No,10.93,21.15,Downsizing,Yes,Jason Miller,9671
9672,Null, , MLS,No,8.97,15.54,Job Transfer,,Michael Chen,9672
9673,Offered,Cancel,Bulk,,15.23,15.55,,Yes,Luis Garcia,9673
9674, , Close ,Auction.com,No,19.32,26.23,Investor Sale,,Samantha Pierce,9674
9675,Null,Null,Auction.com,Yes,11.09,22.36,,,Emily Patel,9675
9676,New,Pend,Auction.com,No,5.26,6.89,Investor Sale,,Priya Sharma,9676
9677, Closed,Close,M L S,No,4.97,29.84,Job Transfer,No,Jessica Lin,9677
9678, ,Close,M.L.S.,,8.43,20.54,Job Transfer,Yes,Amit Kumar,9678
9679,Reviewed,Null,Opendoor,Yes,6.98,21.28,Downsizing,,Amit Kumar,9679
9680,Neww,Pending,M.L.S.,Yes,5.86,24.87,Job Transfer,No,Luis Garcia,9680
9681, Closed,Cancelled,Opendoor,,12.4,21.07,Investor Sale,,Michael Chen,9681
9682, ,Pend,Bulk,No,19.74,9.2,Downsizing,Yes,Amit Kumar,9682
9683,Reviewed,Kick,Bulk,No,6.92,18.1,Job Transfer,No,Jason Miller,9683
9684,Cancelled,Available,Broker,No,8.49,11.35,Downsizing,No,Jessica Lin,9684
9685,New,Null,Broker,,7.95,11.87,Downsizing,Yes,Amit Kumar,9685
9686,Neww,Kick,Bulk,No,6.26,26.12,Job Transfer,Yes,Emily Patel,9686
9687,Null,Cancel,Bulk,,2.4,12.41,Downsizing,No,Amit Kumar,9687
9688, ,Pend,M.L.S.,Yes,5.58,24.21,Job Transfer,Yes,Samantha Pierce,9688
9689,Null,Closed,Broker,No,4.01,15.47,,,Michael Chen,9689
9690, Closed,Available,Internal,No,4.82,17.67,Investor Sale,No,Samantha Pierce,9690
9691,Null, Close ,Internal,Yes,12.26,12.89,Job Transfer,Yes,Samantha Pierce,9691
9692, ,Cancelled,Broker,,13.71,17.41,Downsizing,,Samantha Pierce,9692
9693,New, Close ,M L S,Yes,17.27,22.41,Investor Sale,No,Amit Kumar,9693
9694,Reviewed,Available,Auction.com,Yes,12.17,20.69,,Yes,Jessica Lin,9694
9695,Accepted Offer,Closed,M.L.S.,Yes,17.41,29.94,,Yes,Amit Kumar,9695
9696,Offered,Pending,Bulk,,8.44,24.28,Downsizing,Yes,Amit Kumar,9696
9697,Accepted Offer,Cancel, MLS,Yes,9.56,29.04,Downsizing,Yes,Emily Patel,9697
9698, Closed, ,Internal,Yes,14.7,29.47,,Yes,Amit Kumar,9698
9699,Cancelled,Available,Opendoor,,16.46,9.91,,Yes,Emily Patel,9699
9700,Reviewed,Closed,Internal,No,3.55,21.07,Job Transfer,,Sophia Williams,9700
9701, Closed,Closed,Auction.com,No,17.9,25.57,Investor Sale,,Priya Sharma,9701
9702,Cancelled,Available,Opendoor,,15.64,7.82,,Yes,Priya Sharma,9702
9703,New,Cancel,M L S,Yes,10.95,21.05,,,Michael Chen,9703
9704,Offered,Closed,Auction.com,,8.42,10.47,,,Samantha Pierce,9704
9705,Neww,Closed, MLS,,6.17,15.28,,Yes,Luis Garcia,9705
9706,Accepted Offer,Cancel,Opendoor,No,10.97,13.36,,No,Jason Miller,9706
9707,New,Pending,M L S,No,2.5,24.32,Investor Sale,Yes,Luis Garcia,9707
9708, Closed,Kick,Broker,Yes,6.29,15.67,Job Transfer,Yes,Sophia Williams,9708
9709,New,Kick,Bulk,No,2.98,22.6,Investor Sale,Yes,Jessica Lin,9709
9710,Null, ,M L S,,9.85,21.14,Job Transfer,,Jessica Lin,9710
9711,Accepted Offer, Close ,M.L.S.,,6.43,18.71,Downsizing,Yes,Amit Kumar,9711
9712,Null,Available,M.L.S.,,5.58,9.12,Job Transfer,Yes,Emily Patel,9712
9713,New, Close , MLS,No,11.8,22.53,Investor Sale,,Emily Patel,9713
9714,Closed, Close ,Opendoor,No,10.39,15.5,Job Transfer,,David Thompson,9714
9715, ,Close,Broker,Yes,8.83,24.4,Downsizing,Yes,Amit Kumar,9715
9716,Offered,Close,Internal,No,8.14,10.51,Downsizing,Yes,Luis Garcia,9716
9717,Neww,Kick,Internal,No,13.68,5.57,Downsizing,Yes,Samantha Pierce,9717
9718,New,Kick,M.L.S.,Yes,18.93,17.26,Job Transfer,Yes,Jason Miller,9718
9719,Null,Kick,M L S,,14.25,28.62,Investor Sale,No,Jason Miller,9719
9720,Cancelled, ,Opendoor,Yes,8.23,10.75,Investor Sale,,Michael Chen,9720
9721,New,Kick,M L S,No,7.09,12.53,Downsizing,No,Priya Sharma,9721
9722, , Close ,Internal,Yes,13.89,17.36,,No,Priya Sharma,9722
9723,Null,Pend,Internal,,13.53,9.8,,Yes,David Thompson,9723
9724, ,Kick, MLS,Yes,9.09,27.49,Investor Sale,Yes,Priya Sharma,9724
9725,Neww,Always Kick,Opendoor,,11.9,29.77,,Yes,Sophia Williams,9725
9726,Accepted Offer,Close,M.L.S.,,3.12,24.46,Investor Sale,No,David Thompson,9726
9727,Null,Kick,Internal,Yes,17.84,10.86,Downsizing,No,Sophia Williams,9727
9728,Accepted Offer,Always Kick,M L S,Yes,5.5,14.56,Investor Sale,No,Sophia Williams,9728
9729,Cancelled,Pending,M.L.S.,Yes,19.45,12.2,Investor Sale,No,Amit Kumar,9729
9730,Reviewed,Null,Opendoor,No,8.95,17.3,Downsizing,Yes,Jason Miller,9730
9731,Neww,Pend,Internal,Yes,11.9,10.9,,Yes,Amit Kumar,9731
9732,Accepted Offer,Closed,Bulk,,5.62,9.97,Investor Sale,Yes,Luis Garcia,9732
9733, ,Close,Opendoor,Yes,2.91,25.23,Investor Sale,No,David Thompson,9733
9734,Closed,Close,Bulk,No,4.06,10.18,Job Transfer,No,Priya Sharma,9734
9735,Cancelled,Closed,Auction.com,No,10.46,16.1,Job Transfer,Yes,Jason Miller,9735
9736, ,Kick,M.L.S.,Yes,18.8,5.0,Job Transfer,Yes,Luis Garcia,9736
9737,Cancelled,Null,M L S,Yes,6.59,25.68,Investor Sale,No,Jessica Lin,9737
9738, ,Cancelled, MLS,Yes,7.07,15.42,Downsizing,Yes,Luis Garcia,9738
9739,Reviewed,Closed,Bulk,Yes,15.67,20.13,,,Michael Chen,9739
9740,Closed,Available,M L S,Yes,13.09,18.28,Investor Sale,No,Priya Sharma,9740
9741,Cancelled,Pending,Internal,No,8.9,14.14,Downsizing,No,Luis Garcia,9741
9742,Accepted Offer,Closed, MLS,No,6.34,10.08,Job Transfer,No,Sophia Williams,9742
9743,Neww,Close,Auction.com,Yes,18.51,14.84,,No,Sophia Williams,9743
9744,Reviewed, ,Broker,Yes,6.6,20.24,Job Transfer,Yes,Sophia Williams,9744
9745,Neww, Close ,M.L.S.,,11.97,20.94,,Yes,Luis Garcia,9745
9746,Neww,Available,Bulk,,5.38,19.0,Investor Sale,,Priya Sharma,9746
9747,Null,Always Kick,Opendoor,Yes,15.14,16.31,Job Transfer,,Emily Patel,9747
9748,Neww,Kick,Internal,,12.74,13.55,,,Samantha Pierce,9748
9749, ,Pend,Internal,No,5.34,19.02,Downsizing,No,Jessica Lin,9749
9750,New,Closed,Auction.com,No,12.37,15.48,Downsizing,,Michael Chen,9750
9751,Cancelled,Always Kick,Bulk,Yes,13.31,20.35,,Yes,Luis Garcia,9751
9752,Neww,Pending,Bulk,No,17.37,15.41,Investor Sale,Yes,Samantha Pierce,9752
9753,New,Close,Internal,,2.17,27.75,,Yes,David Thompson,9753
9754,Neww,Pend,M L S,No,19.37,16.1,,No,Jason Miller,9754
9755,Cancelled,Pend,Auction.com,No,15.6,18.24,Downsizing,No,Amit Kumar,9755
9756,Reviewed,Cancelled,Bulk,Yes,10.26,28.92,Investor Sale,Yes,Michael Chen,9756
9757,Closed,Close,Broker,Yes,5.11,27.38,Job Transfer,Yes,Michael Chen,9757
9758,New, ,Auction.com,Yes,10.98,22.73,Investor Sale,No,Sophia Williams,9758
9759,Accepted Offer,Always Kick,Bulk,Yes,13.07,22.33,,No,David Thompson,9759
9760, Closed,Always Kick,Bulk,Yes,3.43,18.03,Downsizing,No,Samantha Pierce,9760
9761, Closed, Close ,M L S,,2.85,19.43,Investor Sale,Yes,Luis Garcia,9761
9762,Null, ,Auction.com,Yes,11.33,17.63,Job Transfer,Yes,David Thompson,9762
9763,New,Null,Broker,,18.07,14.24,Downsizing,Yes,Jason Miller,9763
9764, ,Pending,Internal,No,13.93,18.28,Downsizing,Yes,Jessica Lin,9764
9765,Null, ,Bulk,No,19.85,24.94,,No,Emily Patel,9765
9766,Accepted Offer,Always Kick, MLS,No,6.74,29.08,Job Transfer,No,Emily Patel,9766
9767,Accepted Offer, ,Broker,No,13.3,12.24,Job Transfer,No,Sophia Williams,9767
9768,Null,Always Kick,Opendoor,,16.75,29.77,Downsizing,No,Michael Chen,9768
9769,Null,Close,Opendoor,No,19.81,12.15,Job Transfer,No,Priya Sharma,9769
9770,Neww, ,Auction.com,Yes,7.38,13.25,Job Transfer,,Luis Garcia,9770
9771,Reviewed,Closed,Opendoor,,17.92,25.59,Job Transfer,No,Sophia Williams,9771
9772, Closed,Kick,Internal,,3.66,15.37,,No,David Thompson,9772
9773,New,Cancelled,Broker,Yes,10.59,19.16,Downsizing,Yes,Samantha Pierce,9773
9774,New,Cancel,Auction.com,No,6.25,20.82,Investor Sale,Yes,Jason Miller,9774
9775,Neww,Kick,Auction.com,,9.04,14.4,Downsizing,,Sophia Williams,9775
9776, Closed, ,Bulk,No,15.2,25.95,Downsizing,Yes,Samantha Pierce,9776
9777,Neww, Close ,Opendoor,No,10.57,28.74,Job Transfer,,Samantha Pierce,9777
9778, ,Closed,Opendoor,Yes,14.11,19.34,Downsizing,No,David Thompson,9778
9779,New,Always Kick, MLS,No,19.94,8.87,Investor Sale,No,Emily Patel,9779
9780,Neww,Pend, MLS,,17.45,10.7,,No,Jessica Lin,9780
9781,Neww,Kick,Internal,Yes,15.17,10.98,Job Transfer,Yes,David Thompson,9781
9782,Closed,Pending,Broker,No,5.43,13.01,Job Transfer,Yes,David Thompson,9782
9783, Closed,Always Kick,Internal,No,6.21,9.9,Investor Sale,Yes,Sophia Williams,9783
9784,Neww,Closed,M.L.S.,Yes,7.89,27.43,,Yes,Michael Chen,9784
9785,Accepted Offer,Cancel,Broker,Yes,12.98,20.19,Job Transfer,Yes,David Thompson,9785
9786, Closed,Close,Opendoor,No,4.55,12.38,,,Emily Patel,9786
9787,Cancelled,Cancel,Opendoor,No,6.05,16.59,,,Samantha Pierce,9787
9788, ,Null,Opendoor,Yes,17.24,10.28,,No,Michael Chen,9788
9789,New,Available,Broker,No,9.06,5.5,Downsizing,Yes,Jason Miller,9789
9790,Cancelled,Always Kick,Bulk,,13.28,12.13,,Yes,Priya Sharma,9790
9791,Accepted Offer,Null,Internal,Yes,7.68,20.46,Investor Sale,No,Jessica Lin,9791
9792, Closed,Available, MLS,No,8.91,7.38,Investor Sale,,Amit Kumar,9792
9793,Reviewed,Kick,Broker,,2.76,29.01,Job Transfer,Yes,Jessica Lin,9793
9794,Neww,Closed,M L S,No,12.72,16.58,Downsizing,No,Priya Sharma,9794
9795,Null, ,Broker,No,10.6,14.84,Investor Sale,No,Sophia Williams,9795
9796,Accepted Offer,Pend,Auction.com,Yes,3.3,11.73,,Yes,Jason Miller,9796
9797,Neww,Pend,M L S,Yes,3.73,5.68,Downsizing,Yes,Jason Miller,9797
9798,Closed,Always Kick,Broker,Yes,15.83,25.5,,Yes,Michael Chen,9798
9799, Closed,Null,Opendoor,Yes,2.32,5.05,,Yes,Samantha Pierce,9799
9800,Neww,Kick,Opendoor,,6.91,8.45,,No,Sophia Williams,9800
9801, Closed,Closed,Opendoor,Yes,3.32,9.51,,,Luis Garcia,9801
9802,Offered,Cancelled,Internal,Yes,12.7,8.47,Downsizing,Yes,Jason Miller,9802
9803, ,Closed, MLS,No,16.56,28.48,Investor Sale,No,Amit Kumar,9803
9804, ,Close,Auction.com,,5.31,14.42,,No,Priya Sharma,9804
9805,Cancelled, ,Auction.com,,3.7,20.86,Downsizing,No,Luis Garcia,9805
9806,New,Always Kick, MLS,Yes,13.25,15.04,Downsizing,No,Sophia Williams,9806
9807,Null,Always Kick,Bulk,Yes,9.82,20.66,Investor Sale,No,Priya Sharma,9807
9808,Neww,Pending,Bulk,Yes,15.81,13.64,Downsizing,,Jessica Lin,9808
9809,Cancelled,Closed,Bulk,No,3.7,24.66,Investor Sale,,Sophia Williams,9809
9810, Closed,Closed,M.L.S.,,2.46,19.13,,,Samantha Pierce,9810
9811,Accepted Offer,Pending,Internal,Yes,16.07,25.44,Job Transfer,Yes,Sophia Williams,9811
9812, Closed,Available,Opendoor,,9.24,29.77,Downsizing,,Sophia Williams,9812
9813,Reviewed,Cancelled,M L S,Yes,13.47,5.07,Investor Sale,No,Emily Patel,9813
9814, ,Close,M.L.S.,No,6.93,18.09,Investor Sale,No,Samantha Pierce,9814
9815, Closed,Available,Opendoor,No,2.08,16.86,Job Transfer,No,Amit Kumar,9815
9816, ,Kick,Broker,,2.88,9.4,Downsizing,,Luis Garcia,9816
9817,Null, ,M L S,Yes,5.94,19.36,,Yes,Samantha Pierce,9817
9818,Cancelled,Always Kick,Internal,No,4.14,21.52,,No,Sophia Williams,9818
9819,New,Available,Internal,No,10.86,24.19,,,Michael Chen,9819
9820,New,Cancelled,Bulk,No,11.55,8.94,Job Transfer,,Jessica Lin,9820
9821,Accepted Offer,Pending, MLS,No,16.85,21.13,,Yes,David Thompson,9821
9822,Cancelled,Null,M L S,,11.11,13.34,Investor Sale,Yes,David Thompson,9822
9823,Cancelled,Cancelled,M.L.S.,,7.7,9.2,,,Jessica Lin,9823
9824,Offered,Cancel,Opendoor,Yes,11.8,22.21,Job Transfer,Yes,Samantha Pierce,9824
9825,Cancelled,Close,Bulk,No,10.3,17.12,Investor Sale,,Emily Patel,9825
9826,Accepted Offer,Kick,M L S,No,9.79,5.13,Downsizing,Yes,Michael Chen,9826
9827,Offered, Close ,M.L.S.,No,12.47,26.17,Job Transfer,Yes,Jason Miller,9827
9828,Offered, Close ,M L S,,3.06,15.63,Investor Sale,No,Sophia Williams,9828
9829,Reviewed,Cancelled,M.L.S.,No,9.08,23.15,Investor Sale,,Jessica Lin,9829
9830,New,Closed,Bulk,Yes,18.46,13.7,Job Transfer,,Emily Patel,9830
9831,Accepted Offer,Pend,Internal,,13.49,15.85,,Yes,David Thompson,9831
9832,Neww,Available,Auction.com,,13.07,21.42,,No,Jessica Lin,9832
9833,Accepted Offer,Always Kick,Broker,No,12.28,20.03,,No,Amit Kumar,9833
9834,Cancelled,Always Kick,Internal,Yes,13.03,16.29,Downsizing,No,Emily Patel,9834
9835,New,Always Kick,Internal,Yes,14.55,15.11,,No,Emily Patel,9835
9836,New,Cancelled,Auction.com,,16.99,22.05,,No,Sophia Williams,9836
9837,Null,Null,Internal,Yes,18.24,16.47,,No,Michael Chen,9837
9838,New,Cancel,Internal,Yes,2.69,22.08,Investor Sale,Yes,Emily Patel,9838
9839,Cancelled,Pending,Opendoor,No,12.84,25.64,Investor Sale,,Sophia Williams,9839
9840,Closed, ,M.L.S.,Yes,4.24,7.45,Downsizing,No,Amit Kumar,9840
9841,Cancelled, Close ,Broker,,18.36,8.65,Investor Sale,No,Amit Kumar,9841
9842,Closed, Close ,M L S,No,17.81,16.19,Job Transfer,Yes,Priya Sharma,9842
9843,Closed, ,Internal,No,6.22,18.67,Job Transfer,,Luis Garcia,9843
9844,Closed,Pend,Bulk,,19.93,22.89,Downsizing,No,Emily Patel,9844
9845,Accepted Offer,Pend, MLS,Yes,12.2,5.42,,Yes,Sophia Williams,9845
9846,Cancelled,Cancelled,Internal,No,14.67,18.65,,No,Samantha Pierce,9846
9847,Cancelled,Cancelled,Bulk,Yes,19.91,10.77,Job Transfer,,Jessica Lin,9847
9848,Accepted Offer,Closed,Bulk,,14.6,17.66,Investor Sale,No,Emily Patel,9848
9849,Closed, ,Auction.com,,4.16,29.87,Job Transfer,,Emily Patel,9849
9850,Offered,Cancel,M L S,,4.57,14.34,Downsizing,,Michael Chen,9850
9851, ,Closed,Bulk,No,7.85,24.32,Investor Sale,,David Thompson,9851
9852,Offered,Pending,Bulk,No,6.04,20.9,Investor Sale,No,Emily Patel,9852
9853,Cancelled, Close , MLS,,8.48,8.12,Downsizing,,Sophia Williams,9853
9854,Reviewed,Always Kick, MLS,No,11.97,20.41,Investor Sale,,Luis Garcia,9854
9855,Neww,Always Kick,Auction.com,No,18.51,9.76,Downsizing,,Michael Chen,9855
9856,Null,Pending,M.L.S.,Yes,2.33,18.58,Investor Sale,,Jason Miller,9856
9857,Neww,Close,M L S,Yes,14.67,20.33,Job Transfer,,Luis Garcia,9857
9858,Offered,Closed,Auction.com,Yes,9.13,14.23,,No,Jessica Lin,9858
9859,Offered,Closed,M L S,,16.45,15.83,Job Transfer,Yes,David Thompson,9859
9860,Null,Cancel,M.L.S.,,17.06,21.85,Investor Sale,,Emily Patel,9860
9861, Closed,Pend, MLS,,13.42,24.6,Job Transfer,No,Priya Sharma,9861
9862,Cancelled, , MLS,,19.01,9.89,Downsizing,No,Michael Chen,9862
9863,Closed,Null,Opendoor,Yes,4.13,15.36,,No,Emily Patel,9863
9864,Null,Cancel,Auction.com,,15.54,13.2,,,Amit Kumar,9864
9865,Offered,Close,Bulk,No,15.08,27.08,Investor Sale,Yes,Sophia Williams,9865
9866, Closed,Kick,Bulk,,14.16,14.09,Downsizing,No,Samantha Pierce,9866
9867, ,Close, MLS,Yes,19.61,13.98,,,Samantha Pierce,9867
9868, ,Available,M.L.S.,No,6.09,10.66,Job Transfer,Yes,Emily Patel,9868
9869,Offered, ,Bulk,,12.45,13.02,Investor Sale,Yes,Jessica Lin,9869
9870,Cancelled,Cancelled, MLS,No,4.26,6.12,Job Transfer,Yes,David Thompson,9870
9871,Cancelled,Cancel,Auction.com,No,18.66,19.39,Job Transfer,,Samantha Pierce,9871
9872,Closed,Pending,Auction.com,No,5.92,24.08,Downsizing,Yes,Luis Garcia,9872
9873,Reviewed,Null, MLS,Yes,17.91,29.42,,,Emily Patel,9873
9874,Null,Pending,Opendoor,No,12.73,13.09,Job Transfer,Yes,Jason Miller,9874
9875, Closed,Always Kick,Auction.com,,8.23,16.59,Investor Sale,,Jason Miller,9875
9876, Closed,Cancelled,M L S,,7.41,7.82,Job Transfer,Yes,Jessica Lin,9876
9877,Offered,Cancelled,Broker,Yes,10.97,27.46,Job Transfer,Yes,Luis Garcia,9877
9878,Cancelled,Pending,Auction.com,Yes,7.67,25.95,Job Transfer,Yes,David Thompson,9878
9879,Offered,Cancel,Internal,No,10.85,28.68,Downsizing,,Samantha Pierce,9879
9880,Offered,Kick, MLS,No,15.31,21.96,Downsizing,Yes,Jessica Lin,9880
9881, Closed, Close ,M.L.S.,,10.85,10.33,Investor Sale,No,Priya Sharma,9881
9882,Accepted Offer,Pending,M L S,Yes,8.56,6.08,Downsizing,No,Samantha Pierce,9882
9883,Offered,Available,Opendoor,Yes,10.24,27.54,Job Transfer,No,Amit Kumar,9883
9884,Null,Available,M L S,,2.05,16.87,Job Transfer,,Michael Chen,9884
9885,Closed,Null,Opendoor,No,12.77,23.95,Investor Sale,,Priya Sharma,9885
9886,Cancelled, Close ,M.L.S.,Yes,6.56,28.94,Investor Sale,Yes,Luis Garcia,9886
9887,Closed,Pend,M L S,,7.68,20.26,,Yes,Sophia Williams,9887
9888,Cancelled,Close,M L S,Yes,15.1,12.43,Job Transfer,No,Emily Patel,9888
9889, Closed,Kick,M L S,No,17.85,24.92,Job Transfer,No,Luis Garcia,9889
9890,Null,Cancel,Internal,,15.15,17.68,Investor Sale,No,Luis Garcia,9890
9891,Reviewed,Closed,Bulk,No,13.57,22.85,Downsizing,Yes,Amit Kumar,9891
9892,Closed,Close, MLS,Yes,13.14,17.11,Job Transfer,,Sophia Williams,9892
9893,Null,Kick,Opendoor,Yes,9.78,11.7,Investor Sale,No,Sophia Williams,9893
9894,Offered,Cancelled, MLS,Yes,7.22,11.69,Job Transfer,,Priya Sharma,9894
9895,Reviewed,Null,Opendoor,Yes,5.17,9.19,Downsizing,,Emily Patel,9895
9896, Closed,Closed,M L S,Yes,15.46,18.08,Downsizing,Yes,Luis Garcia,9896
9897,Closed,Available,Broker,Yes,7.71,8.48,Investor Sale,,Emily Patel,9897
9898,Closed,Always Kick,Broker,No,13.35,15.95,Job Transfer,Yes,Michael Chen,9898
9899, ,Pend,Internal,No,3.52,15.19,Job Transfer,No,Emily Patel,9899
9900, ,Pend,Auction.com,No,10.6,25.0,Job Transfer,No,Emily Patel,9900
9901,Neww,Kick,Internal,,6.8,13.9,,Yes,Priya Sharma,9901
9902,Neww,Closed,Broker,Yes,18.95,28.42,Job Transfer,Yes,Jessica Lin,9902
9903,Null,Pend,Internal,Yes,8.63,5.31,Investor Sale,No,Luis Garcia,9903
9904,New, Close ,Internal,No,15.71,13.8,,No,Jessica Lin,9904
9905,New,Pend,Auction.com,Yes,17.28,17.05,,,Priya Sharma,9905
9906,Neww,Always Kick,M L S,No,3.03,28.83,Investor Sale,,Emily Patel,9906
9907,Null,Close,M L S,Yes,18.45,13.01,,No,Michael Chen,9907
9908,Cancelled,Closed,M.L.S.,Yes,18.87,9.44,Downsizing,,Luis Garcia,9908
9909,Neww, Close ,Broker,,11.94,12.85,Job Transfer,No,Luis Garcia,9909
9910, , ,Opendoor,Yes,11.02,21.38,Downsizing,,Samantha Pierce,9910
9911,Offered,Available,Broker,,12.15,29.11,Job Transfer,,David Thompson,9911
9912,Neww,Pending,Auction.com,No,15.2,10.19,Investor Sale,No,Priya Sharma,9912
9913,Neww, ,Auction.com,Yes,10.26,19.18,Downsizing,No,Michael Chen,9913
9914, Closed,Close,M L S,No,7.58,8.94,Investor Sale,Yes,Emily Patel,9914
9915,Reviewed,Cancel,Opendoor,,4.47,8.36,Downsizing,No,Amit Kumar,9915
9916,Accepted Offer,Closed,M L S,,5.11,13.94,Job Transfer,Yes,Amit Kumar,9916
9917,Closed,Pend,Broker,,8.65,28.39,Downsizing,Yes,Luis Garcia,9917
9918,Offered,Always Kick,M.L.S.,,13.1,17.28,,,Samantha Pierce,9918
9919,Neww,Pend,Opendoor,No,7.2,7.25,Job Transfer,No,Michael Chen,9919
9920,Cancelled,Pending,Bulk,No,16.71,12.11,Job Transfer,Yes,Jason Miller,9920
9921,Null, Close ,Broker,,14.85,8.39,Downsizing,,Emily Patel,9921
9922, ,Pending,Broker,Yes,11.23,5.7,Downsizing,Yes,Jessica Lin,9922
9923,Cancelled, ,Internal,Yes,17.21,22.05,Investor Sale,,Michael Chen,9923
9924,Closed,Null,Broker,,7.09,14.32,Job Transfer,Yes,Jessica Lin,9924
9925,Accepted Offer,Cancel,Bulk,,6.86,22.33,Downsizing,,Emily Patel,9925
9926,Neww,Closed,M.L.S.,,13.52,17.77,Investor Sale,,Samantha Pierce,9926
9927,Null,Always Kick,Opendoor,,14.52,20.64,Job Transfer,No,Amit Kumar,9927
9928, ,Available,Broker,No,4.65,7.86,,No,Emily Patel,9928
9929,New,Cancel,Broker,No,11.65,17.81,Investor Sale,Yes,Emily Patel,9929
9930,Reviewed,Closed,M.L.S.,No,11.48,11.9,Downsizing,,Jessica Lin,9930
9931,Null,Pending,Opendoor,Yes,13.54,7.55,,Yes,Luis Garcia,9931
9932, ,Closed,Auction.com,No,7.66,24.85,Downsizing,Yes,Amit Kumar,9932
9933,Cancelled, Close ,M L S,Yes,14.41,12.8,,Yes,Priya Sharma,9933
9934,Reviewed,Pending,Opendoor,Yes,19.44,25.16,Job Transfer,,David Thompson,9934
9935,Accepted Offer,Closed,M L S,,13.15,28.16,Investor Sale,Yes,David Thompson,9935
9936,Offered,Close,Broker,,10.26,10.34,,,Samantha Pierce,9936
9937,Neww,Null,Broker,,19.13,8.64,,No,Jason Miller,9937
9938, ,Cancelled, MLS,No,16.98,12.55,Downsizing,,Sophia Williams,9938
9939, Closed,Pending, MLS,Yes,10.26,29.94,Investor Sale,,Michael Chen,9939
9940, , ,M.L.S.,No,10.97,24.82,Investor Sale,,Samantha Pierce,9940
9941,New, ,Auction.com,Yes,15.09,25.92,,,Jessica Lin,9941
9942, ,Pending,M.L.S.,,7.31,7.33,Downsizing,,David Thompson,9942
9943,Cancelled,Null,Internal,,7.18,22.02,,,Luis Garcia,9943
9944,New,Cancelled,M L S,Yes,12.0,18.71,Downsizing,No,Emily Patel,9944
9945,Cancelled,Null, MLS,,10.84,11.09,Downsizing,Yes,David Thompson,9945
9946,Cancelled, ,M.L.S.,,13.42,5.13,Job Transfer,,Jessica Lin,9946
9947,New,Kick,Opendoor,Yes,3.06,28.19,,,Jason Miller,9947
9948, Closed,Always Kick,Auction.com,,18.58,21.97,,No,Samantha Pierce,9948
9949,Offered,Pending,Broker,,14.64,20.62,Investor Sale,No,Luis Garcia,9949
9950,Closed,Closed,Opendoor,Yes,14.94,22.2,Investor Sale,Yes,Jason Miller,9950
9951,Offered,Cancel,Broker,No,13.0,9.62,,,Michael Chen,9951
9952,Neww, Close ,Auction.com,,6.45,18.19,Downsizing,No,Luis Garcia,9952
9953,Cancelled,Kick,Broker,Yes,13.43,5.76,,Yes,Samantha Pierce,9953
9954,Cancelled,Available,M L S,,3.56,7.18,Downsizing,Yes,Samantha Pierce,9954
9955,Null,Close,M.L.S.,Yes,10.02,13.15,,No,Jason Miller,9955
9956,Offered, ,Auction.com,Yes,13.78,16.2,Investor Sale,Yes,Priya Sharma,9956
9957,Offered,Close,Broker,Yes,2.18,18.95,,No,Priya Sharma,9957
9958, Closed,Pend,Broker,No,18.67,21.6,Job Transfer,,Jessica Lin,9958
9959,Closed,Always Kick,Bulk,No,11.29,26.71,Job Transfer,Yes,Michael Chen,9959
9960,Reviewed,Available,Internal,No,7.88,23.99,Job Transfer,,Sophia Williams,9960
9961, ,Cancelled,Internal,,19.65,7.82,Job Transfer,No,Priya Sharma,9961
9962, Closed,Pending, MLS,No,13.98,5.5,Job Transfer,,Sophia Williams,9962
9963,Offered,Closed, MLS,No,17.81,22.9,,No,Luis Garcia,9963
9964,Null,Cancelled, MLS,,11.5,18.34,,,Jason Miller,9964
9965,Neww,Available,M.L.S.,No,4.04,14.34,Downsizing,Yes,Amit Kumar,9965
9966,New,Close,Opendoor,,5.1,18.99,Job Transfer,No,Jessica Lin,9966
9967,Cancelled,Always Kick,Auction.com,Yes,13.27,14.65,Job Transfer,,Luis Garcia,9967
9968,Offered, , MLS,,10.66,6.34,Investor Sale,,Amit Kumar,9968
9969,Accepted Offer,Always Kick,M L S,,14.74,16.58,Downsizing,,Amit Kumar,9969
9970,Offered,Pend,M L S,Yes,15.42,11.03,,,Jason Miller,9970
9971,Offered,Closed,Broker,No,16.64,23.24,Investor Sale,No,Samantha Pierce,9971
9972,New,Cancel,M L S,,14.8,27.46,Investor Sale,,Emily Patel,9972
9973,Offered,Pending,M.L.S.,No,5.23,23.96,Downsizing,,Amit Kumar,9973
9974,Offered, Close ,Auction.com,No,18.64,9.41,Downsizing,,Jason Miller,9974
9975,Reviewed,Close,Bulk,Yes,6.65,8.54,Downsizing,No,Emily Patel,9975
9976,Null,Available,M.L.S.,,15.3,14.1,,,Jessica Lin,9976
9977,Cancelled,Closed,Opendoor,,13.23,22.82,Downsizing,Yes,Sophia Williams,9977
9978,Neww,Cancelled,Internal,Yes,13.16,15.7,,No,Priya Sharma,9978
9979,Cancelled,Cancel,M L S,,9.53,7.95,Investor Sale,Yes,David Thompson,9979
9980,Offered,Close, MLS,Yes,7.81,25.4,Downsizing,Yes,Emily Patel,9980
9981, Closed,Pending,Broker,Yes,2.92,6.23,Investor Sale,Yes,David Thompson,9981
9982,Reviewed,Close,M L S,Yes,4.12,5.95,,No,Jessica Lin,9982
9983,Reviewed,Cancel,Bulk,Yes,7.96,20.43,Downsizing,Yes,David Thompson,9983
9984,Reviewed,Pending,Internal,No,6.69,25.64,Downsizing,Yes,Jessica Lin,9984
9985,Accepted Offer,Pending, MLS,Yes,14.29,8.24,Job Transfer,,Priya Sharma,9985
9986,Null,Pend,M.L.S.,No,19.49,20.45,Job Transfer,No,Priya Sharma,9986
9987,Neww,Pending,Auction.com,Yes,4.36,29.04,Investor Sale,,Samantha Pierce,9987
9988,Accepted Offer,Closed,Internal,No,9.61,23.12,Job Transfer,,Emily Patel,9988
9989,Offered, Close ,Internal,No,12.59,28.27,Job Transfer,No,Emily Patel,9989
9990, Closed,Pending, MLS,,13.03,12.82,Downsizing,No,Luis Garcia,9990
9991,Offered,Kick,Opendoor,No,7.44,21.84,Investor Sale,,Samantha Pierce,9991
9992,Reviewed,Null,M.L.S.,Yes,19.35,25.54,Downsizing,Yes,Amit Kumar,9992
9993, Closed,Always Kick,Auction.com,Yes,11.44,9.14,Investor Sale,,Emily Patel,9993
9994, Closed,Kick,Opendoor,,12.44,21.33,Downsizing,Yes,Luis Garcia,9994
9995,New,Available,Internal,No,10.64,27.79,Downsizing,Yes,Jason Miller,9995
9996,Null,Cancelled,Bulk,No,14.86,7.76,Downsizing,,Sophia Williams,9996
9997,Reviewed,Cancelled,M L S,Yes,4.41,18.12,Job Transfer,,David Thompson,9997
9998,Neww,Available,Internal,Yes,3.75,5.73,Job Transfer,Yes,Emily Patel,9998
9999, Closed, Close ,M L S,,12.87,25.1,Job Transfer,,Sophia Williams,9999
10000,Closed,Kick,Bulk,,13.85,6.87,Downsizing,,Amit Kumar,10000
10001, ,Pending,Broker,No,9.71,8.43,Downsizing,No,Michael Chen,10001
10002,New,Kick,M L S,,15.34,15.49,Job Transfer,,Jason Miller,10002
10003,Accepted Offer,Pend,Bulk,No,12.71,28.74,Investor Sale,Yes,Priya Sharma,10003
10004, ,Pend,Bulk,,9.22,16.54,Job Transfer,Yes,Amit Kumar,10004
10005,Closed,Kick,Broker,,8.22,25.96,Downsizing,No,Samantha Pierce,10005
10006,Offered,Closed,M L S,Yes,2.02,8.79,Investor Sale,Yes,Jason Miller,10006
10007,New,Closed,Broker,,5.74,26.19,Investor Sale,Yes,Jessica Lin,10007
10008,Accepted Offer,Kick,Internal,Yes,12.85,29.2,Investor Sale,Yes,Amit Kumar,10008
10009,Neww,Cancel,Internal,,10.77,10.39,,Yes,David Thompson,10009
10010,Neww,Always Kick,Auction.com,Yes,15.46,26.28,Downsizing,,Emily Patel,10010
10011,Closed,Null,Auction.com,Yes,10.68,27.69,Job Transfer,,Samantha Pierce,10011
10012,Accepted Offer,Null,M.L.S.,No,14.23,26.56,,No,Michael Chen,10012
10013,Neww,Null, MLS,,13.62,19.83,Job Transfer,Yes,Michael Chen,10013
10014,Neww,Cancelled,Opendoor,Yes,12.07,16.29,,No,Jason Miller,10014
10015,Cancelled,Available,Broker,No,6.82,26.26,,No,Michael Chen,10015
10016,New,Available,Broker,Yes,13.8,14.16,Downsizing,,Samantha Pierce,10016
10017,Closed,Closed,Bulk,No,17.33,24.11,Job Transfer,Yes,Amit Kumar,10017
10018, Closed,Kick,Internal,Yes,17.66,8.83,Investor Sale,Yes,Jessica Lin,10018
10019,Closed,Available,Opendoor,Yes,15.39,7.21,,No,Luis Garcia,10019
10020,Neww,Kick,Auction.com,No,10.87,5.62,,,Amit Kumar,10020
10021,Neww,Pend, MLS,No,18.91,14.51,Job Transfer,No,Luis Garcia,10021
10022,Neww,Kick,M L S,No,7.9,18.7,Downsizing,Yes,Luis Garcia,10022
10023,Reviewed, Close ,M L S,No,6.66,21.28,Job Transfer,,Sophia Williams,10023
10024,Null,Pend,M L S,Yes,4.25,9.52,Investor Sale,No,Emily Patel,10024
10025,New, ,Broker,Yes,14.67,14.61,Downsizing,Yes,Luis Garcia,10025
10026,Reviewed,Pend,M L S,No,17.78,12.32,Investor Sale,,Priya Sharma,10026
10027,Closed,Null,Bulk,Yes,14.07,29.94,Investor Sale,,Luis Garcia,10027
10028,Neww,Cancel,Opendoor,Yes,14.61,27.64,Job Transfer,No,David Thompson,10028
10029,New,Closed, MLS,No,3.28,20.59,,No,Priya Sharma,10029
10030,Closed, Close ,Internal,,16.65,6.74,,,Priya Sharma,10030
10031,Null, Close ,Auction.com,Yes,15.83,26.08,Job Transfer,Yes,Amit Kumar,10031
10032,Neww,Close,Internal,,2.08,7.74,,No,Amit Kumar,10032
10033,Neww,Pending,M L S,,11.92,16.57,,No,Amit Kumar,10033
10034,Offered, Close ,Bulk,Yes,12.16,20.23,Investor Sale,Yes,Priya Sharma,10034
10035,Closed,Available,Internal,Yes,14.47,15.61,Investor Sale,No,Jason Miller,10035
10036, ,Cancel,Opendoor,,2.67,12.01,Job Transfer,,Emily Patel,10036
10037, Closed, Close ,Broker,Yes,12.3,14.01,Downsizing,,David Thompson,10037
10038,Offered,Close,Broker,,6.97,21.71,Investor Sale,No,Jessica Lin,10038
10039,New,Pend,Opendoor,,15.26,25.58,Downsizing,,Samantha Pierce,10039
10040, ,Close,Bulk,Yes,3.67,5.42,Job Transfer,Yes,Priya Sharma,10040
10041, ,Pending,Opendoor,,18.26,5.39,Downsizing,Yes,Emily Patel,10041
10042,Closed,Pend,M.L.S.,No,15.29,29.66,Investor Sale,,Amit Kumar,10042
10043,Accepted Offer, ,M.L.S.,,5.34,6.3,Job Transfer,Yes,Amit Kumar,10043
10044, Closed, ,Internal,No,16.75,9.07,Downsizing,,Michael Chen,10044
10045,Reviewed,Close,Broker,No,4.2,11.37,Downsizing,Yes,Priya Sharma,10045
10046,Offered,Pending,Auction.com,,2.88,10.26,Investor Sale,,Amit Kumar,10046
10047,Null,Cancel,Opendoor,Yes,13.17,20.22,Job Transfer,Yes,Sophia Williams,10047
10048,New,Close,Internal,,5.35,8.23,,No,Amit Kumar,10048
10049,Neww, ,Auction.com,,19.88,21.66,Downsizing,Yes,Priya Sharma,10049
10050,Reviewed,Closed,Broker,Yes,9.44,9.43,Downsizing,Yes,Emily Patel,10050
10051,New,Always Kick,M.L.S.,Yes,8.42,15.74,Investor Sale,No,Samantha Pierce,10051
10052,New,Close,Broker,,14.06,25.15,Investor Sale,Yes,Sophia Williams,10052
10053,Offered,Always Kick,Internal,Yes,4.31,29.24,Investor Sale,Yes,Luis Garcia,10053
10054,Cancelled,Closed,Internal,No,17.92,23.87,Investor Sale,,Luis Garcia,10054
10055, Closed, ,Auction.com,Yes,12.3,11.83,Job Transfer,No,David Thompson,10055
10056, Closed,Pending,M.L.S.,No,14.12,27.5,Downsizing,No,Luis Garcia,10056
10057, ,Closed,M L S,No,18.13,5.51,Downsizing,,Emily Patel,10057
10058,Accepted Offer,Pend,Bulk,No,7.96,29.82,Investor Sale,Yes,David Thompson,10058
10059,Reviewed,Closed,Bulk,Yes,3.49,6.34,Job Transfer,Yes,Amit Kumar,10059
10060, ,Always Kick,Opendoor,No,13.95,10.59,Job Transfer,,Emily Patel,10060
10061,Cancelled,Kick,M.L.S.,No,16.98,20.41,Downsizing,Yes,Jessica Lin,10061
10062,Offered,Pending,M.L.S.,,14.25,6.86,Job Transfer,Yes,Amit Kumar,10062
10063,Offered, Close ,Internal,,13.68,27.46,Investor Sale,Yes,David Thompson,10063
10064,Reviewed,Pending,M.L.S.,,16.06,24.95,Job Transfer,No,Amit Kumar,10064
10065,Null,Close,Internal,,13.76,8.18,Job Transfer,No,Priya Sharma,10065
10066,Closed,Pend,Broker,,9.74,8.0,,Yes,Luis Garcia,10066
10067,New, Close ,Auction.com,Yes,18.57,23.81,Job Transfer,No,David Thompson,10067
10068,Cancelled,Cancel,M.L.S.,No,6.77,20.22,Investor Sale,Yes,Michael Chen,10068
10069,Accepted Offer,Available,Auction.com,Yes,14.69,7.97,Job Transfer,,Michael Chen,10069
10070,New,Kick,Bulk,Yes,8.62,17.62,Downsizing,,Emily Patel,10070
10071,New,Kick,Broker,Yes,17.3,8.82,Investor Sale,Yes,Emily Patel,10071
10072,Closed,Always Kick,M L S,Yes,4.3,17.66,Downsizing,,Sophia Williams,10072
10073, Closed,Close, MLS,,9.05,15.34,Downsizing,No,Emily Patel,10073
10074,Offered,Pend,Broker,No,18.26,12.23,Investor Sale,No,David Thompson,10074
10075,Neww,Close, MLS,Yes,17.52,7.07,Downsizing,,Emily Patel,10075
10076, Closed,Available,Auction.com,Yes,19.54,6.13,Job Transfer,,Michael Chen,10076
10077,Neww,Cancel,M.L.S.,No,4.44,20.73,Job Transfer,No,Jessica Lin,10077
10078,Null,Null,Broker,Yes,11.51,10.37,Job Transfer,Yes,Jason Miller,10078
10079,Null,Always Kick,Internal,,18.86,27.6,Downsizing,,Jessica Lin,10079
10080,Accepted Offer,Closed,M L S,No,2.56,18.88,Downsizing,Yes,Luis Garcia,10080
10081,Neww,Cancelled,M.L.S.,No,12.96,8.89,Downsizing,Yes,Amit Kumar,10081
10082,Reviewed,Always Kick,Internal,,15.72,20.39,Job Transfer,Yes,Luis Garcia,10082
10083,Reviewed, Close ,Bulk,Yes,17.74,24.52,Investor Sale,,Jessica Lin,10083
10084, Closed,Cancelled,Broker,No,18.91,20.31,Investor Sale,,Samantha Pierce,10084
10085,Neww,Always Kick,M L S,No,11.25,6.97,Investor Sale,Yes,Jason Miller,10085
10086,Closed, ,Internal,Yes,8.12,7.9,,Yes,Michael Chen,10086
10087,Accepted Offer,Close,Bulk,Yes,15.12,22.83,Job Transfer,No,Priya Sharma,10087
10088, ,Closed,Internal,Yes,6.68,13.42,,Yes,Priya Sharma,10088
