taxes_id,property_id,Tax,Tax_Flag
1,1,6389,
2,2,9321,
3,3,9963,
4,4,2173,
5,5,5985,
6,6,8242,
7,7,2124,
8,8,2964,
9,9,5568,
10,10,8007,
11,11,1864,
12,12,8993,
13,13,8219,
14,14,3415,
15,15,1512,
16,16,7812,
17,17,3831,
18,18,4527,
19,19,3041,
20,20,8194,
21,21,5779,
22,22,6668,
23,23,9956,
24,24,5427,
25,25,2306,
26,26,4865,
27,27,5719,
28,28,8948,
29,29,3233,
30,30,6417,
31,31,8850,
32,32,7153,
33,33,2123,
34,34,3047,
35,35,9186,
36,36,7122,
37,37,2195,
38,38,3450,
39,39,7381,
40,40,9639,
41,41,9762,
42,42,5297,
43,43,5583,
44,44,7406,
45,45,5173,
46,46,1896,
47,47,1718,
48,48,6182,
49,49,9729,
50,50,4928,
51,51,5081,
52,52,8170,
53,53,4536,
54,54,8212,
55,55,6680,
56,56,7313,
57,57,7551,
58,58,9264,
59,59,6406,
60,60,6799,
61,61,8933,
62,62,3048,
63,63,7882,
64,64,6717,
65,65,1694,
66,66,2901,
67,67,9990,
68,68,3863,
69,69,9846,
70,70,3409,
71,71,6297,
72,72,8906,
73,73,7959,
74,74,2591,
75,75,8274,
76,76,9199,
77,77,8929,
78,78,1885,
79,79,7814,
80,80,9351,
81,81,9722,
82,82,3090,
83,83,6266,
84,84,5529,
85,85,8782,
86,86,3448,
87,87,3724,
88,88,8098,
89,89,9708,
90,90,6345,
91,91,9983,
92,92,7087,
93,93,2109,
94,94,2901,
95,95,3467,
96,96,6952,
97,97,8727,
98,98,8263,
99,99,8682,
100,100,9706,
101,101,2717,
102,102,5195,
103,103,8917,
104,104,2859,
105,105,1871,
106,106,7574,
107,107,9811,
108,108,4981,
109,109,1958,
110,110,6573,
111,111,8115,
112,112,6703,
113,113,7870,
114,114,2511,
115,115,4860,
116,116,5509,
117,117,9762,
118,118,7772,
119,119,8075,
120,120,5781,
121,121,2624,
122,122,2042,
123,123,2194,
124,124,3892,
125,125,4961,
126,126,1870,
127,127,2602,
128,128,5198,
129,129,5187,
130,130,3577,
131,131,3936,
132,132,6078,
133,133,2484,
134,134,7071,
135,135,3502,
136,136,3565,
137,137,5771,
138,138,8922,
139,139,6593,
140,140,8760,
141,141,8225,
142,142,3390,
143,143,4034,
144,144,7304,
145,145,5555,
146,146,3512,
147,147,9728,
148,148,4998,
149,149,4306,
150,150,7452,
151,151,5118,
152,152,9519,
153,153,3055,
154,154,4918,
155,155,9471,
156,156,4753,
157,157,2192,
158,158,6200,
159,159,2075,
160,160,7421,
161,161,4788,
162,162,3985,
163,163,9936,
164,164,3066,
165,165,6606,
166,166,6893,
167,167,4760,
168,168,7385,
169,169,1541,
170,170,5548,
171,171,2668,
172,172,5931,
173,173,4292,
174,174,6769,
175,175,3491,
176,176,2945,
177,177,4372,
178,178,8497,
179,179,6056,
180,180,6565,
181,181,2782,
182,182,8692,
183,183,6061,
184,184,4062,
185,185,6450,
186,186,5318,
187,187,5386,
188,188,6081,
189,189,6456,
190,190,4162,
191,191,9723,
192,192,7314,
193,193,6105,
194,194,7820,
195,195,1755,
196,196,2160,
197,197,6474,
198,198,6011,
199,199,3129,
200,200,1854,
201,201,5918,
202,202,2525,
203,203,2057,
204,204,4298,
205,205,4903,
206,206,9282,
207,207,5152,
208,208,7696,
209,209,9850,
210,210,1859,
211,211,7009,
212,212,1843,
213,213,3236,
214,214,2392,
215,215,7617,
216,216,3475,
217,217,8399,
218,218,8511,
219,219,8048,
220,220,9446,
221,221,1824,
222,222,4085,
223,223,9145,
224,224,7832,
225,225,9445,
226,226,3014,
227,227,1967,
228,228,3712,
229,229,6953,
230,230,2008,
231,231,4847,
232,232,9125,
233,233,4966,
234,234,6523,
235,235,8172,
236,236,8657,
237,237,3734,
238,238,4858,
239,239,1951,
240,240,8128,
241,241,9325,
242,242,2251,
243,243,6192,
244,244,9431,
245,245,2285,
246,246,9873,
247,247,8092,
248,248,3937,
249,249,4211,
250,250,4626,
251,251,9746,
252,252,8683,
253,253,8691,
254,254,7964,
255,255,3765,
256,256,1600,
257,257,2765,
258,258,9546,
259,259,5598,
260,260,3991,
261,261,5609,
262,262,1865,
263,263,7569,
264,264,2495,
265,265,7255,
266,266,4169,
267,267,9587,
268,268,7763,
269,269,3580,
270,270,4208,
271,271,9887,
272,272,4651,
273,273,3974,
274,274,2153,
275,275,5842,
276,276,5978,
277,277,9463,
278,278,3393,
279,279,3033,
280,280,6427,
281,281,7351,
282,282,1767,
283,283,5609,
284,284,8486,
285,285,4254,
286,286,1660,
287,287,2318,
288,288,3755,
289,289,8969,
290,290,7486,
291,291,6832,
292,292,2402,
293,293,7803,
294,294,3146,
295,295,8140,
296,296,5939,
297,297,9458,
298,298,4430,
299,299,3337,
300,300,2625,
301,301,5364,
302,302,4220,
303,303,3486,
304,304,5373,
305,305,4140,
306,306,5351,
307,307,6602,
308,308,7282,
309,309,2597,
310,310,5791,
311,311,8759,
312,312,2256,
313,313,8653,
314,314,1971,
315,315,9112,
316,316,3932,
317,317,3163,
318,318,4328,
319,319,5352,
320,320,9942,
321,321,5335,
322,322,4532,
323,323,8123,
324,324,2142,
325,325,4256,
326,326,6021,
327,327,6480,
328,328,8438,
329,329,3169,
330,330,4871,
331,331,3142,
332,332,2562,
333,333,6302,
334,334,8056,
335,335,6137,
336,336,2361,
337,337,7491,
338,338,5415,
339,339,6666,
340,340,8764,
341,341,2101,
342,342,7231,
343,343,8687,
344,344,9867,
345,345,4414,
346,346,8926,
347,347,8232,
348,348,2383,
349,349,6591,
350,350,5146,
351,351,6147,
352,352,5583,
353,353,7804,
354,354,3445,
355,355,1845,
356,356,4826,
357,357,1709,
358,358,7698,
359,359,3193,
360,360,4741,
361,361,1500,
362,362,7340,
363,363,2816,
364,364,3642,
365,365,4457,
366,366,9162,
367,367,1795,
368,368,7396,
369,369,3704,
370,370,1967,
371,371,6121,
372,372,7482,
373,373,2006,
374,374,7235,
375,375,6456,
376,376,6194,
377,377,6433,
378,378,3668,
379,379,6352,
380,380,8587,
381,381,2064,
382,382,1870,
383,383,6445,
384,384,6540,
385,385,3767,
386,386,6815,
387,387,5960,
388,388,4845,
389,389,2379,
390,390,9778,
391,391,4347,
392,392,1682,
393,393,5290,
394,394,2118,
395,395,2728,
396,396,5247,
397,397,2673,
398,398,3627,
399,399,2514,
400,400,2919,
401,401,6630,
402,402,6373,
403,403,9360,
404,404,4999,
405,405,4662,
406,406,3143,
407,407,5880,
408,408,2138,
409,409,9488,
410,410,4992,
411,411,5822,
412,412,7039,
413,413,6947,
414,414,6594,
415,415,4543,
416,416,8571,
417,417,8648,
418,418,9114,
419,419,9459,
420,420,6750,
421,421,9837,
422,422,2217,
423,423,4732,
424,424,9222,
425,425,7019,
426,426,4737,
427,427,2752,
428,428,4205,
429,429,9591,
430,430,8089,
431,431,9550,
432,432,2490,
433,433,2418,
434,434,8838,
435,435,8595,
436,436,7443,
437,437,7199,
438,438,9611,
439,439,5869,
440,440,7759,
441,441,9731,
442,442,6663,
443,443,4874,
444,444,3846,
445,445,2137,
446,446,3751,
447,447,6504,
448,448,2596,
449,449,6572,
450,450,4451,
451,451,7102,
452,452,2443,
453,453,4303,
454,454,5273,
455,455,7767,
456,456,9486,
457,457,6088,
458,458,9171,
459,459,9118,
460,460,1954,
461,461,8920,
462,462,6013,
463,463,5926,
464,464,9696,
465,465,6997,
466,466,5220,
467,467,7303,
468,468,1797,
469,469,5903,
470,470,7287,
471,471,5974,
472,472,6510,
473,473,2301,
474,474,8446,
475,475,5934,
476,476,9713,
477,477,3324,
478,478,8579,
479,479,1564,
480,480,7373,
481,481,5456,
482,482,6834,
483,483,2825,
484,484,6926,
485,485,7890,
486,486,8814,
487,487,8336,
488,488,6052,
489,489,8505,
490,490,4006,
491,491,4713,
492,492,2863,
493,493,7586,
494,494,5827,
495,495,2511,
496,496,3389,
497,497,7583,
498,498,1687,
499,499,5458,
500,500,6312,
501,501,4419,
502,502,6189,
503,503,6575,
504,504,6053,
505,505,9589,
506,506,2314,
507,507,5467,
508,508,8829,
509,509,4298,
510,510,8812,
511,511,4859,
512,512,9532,
513,513,5843,
514,514,1864,
515,515,8499,
516,516,9901,
517,517,8450,
518,518,9693,
519,519,8845,
520,520,5021,
521,521,5253,
522,522,8023,
523,523,8298,
524,524,8983,
525,525,8686,
526,526,5001,
527,527,3057,
528,528,4876,
529,529,5420,
530,530,2080,
531,531,9865,
532,532,1655,
533,533,9565,
534,534,4961,
535,535,8333,
536,536,2262,
537,537,4407,
538,538,9161,
539,539,7950,
540,540,4885,
541,541,3540,
542,542,9159,
543,543,4421,
544,544,9609,
545,545,4975,
546,546,5944,
547,547,6948,
548,548,5077,
549,549,4250,
550,550,5077,
551,551,2475,
552,552,5223,
553,553,6133,
554,554,8355,
555,555,9915,
556,556,6799,
557,557,1666,
558,558,4908,
559,559,7730,
560,560,4107,
561,561,2661,
562,562,1961,
563,563,7685,
564,564,3789,
565,565,7559,
566,566,9667,
567,567,4993,
568,568,6143,
569,569,3929,
570,570,6427,
571,571,4595,
572,572,4898,
573,573,8994,
574,574,9318,
575,575,4355,
576,576,7432,
577,577,6620,
578,578,2832,
579,579,3657,
580,580,8873,
581,581,3410,
582,582,8805,
583,583,1811,
584,584,7304,
585,585,9418,
586,586,7549,
587,587,9517,
588,588,8644,
589,589,3115,
590,590,8570,
591,591,2497,
592,592,9878,
593,593,3149,
594,594,8972,
595,595,6426,
596,596,8913,
597,597,2149,
598,598,6035,
599,599,4067,
600,600,2473,
601,601,5832,
602,602,7618,
603,603,2017,
604,604,9076,
605,605,2343,
606,606,9289,
607,607,6988,
608,608,4911,
609,609,5605,
610,610,5916,
611,611,1704,
612,612,2995,
613,613,6073,
614,614,9619,
615,615,7531,
616,616,6113,
617,617,4022,
618,618,2455,
619,619,8985,
620,620,9103,
621,621,9386,
622,622,7138,
623,623,1635,
624,624,5327,
625,625,7615,
626,626,9192,
627,627,6383,
628,628,6281,
629,629,6145,
630,630,7114,
631,631,4354,
632,632,3094,
633,633,8781,
634,634,3369,
635,635,8538,
636,636,9055,
637,637,5760,
638,638,5148,
639,639,6482,
640,640,2452,
641,641,4588,
642,642,7064,
643,643,9861,
644,644,2531,
645,645,8743,
646,646,4204,
647,647,1844,
648,648,4746,
649,649,8142,
650,650,2026,
651,651,5731,
652,652,6413,
653,653,3173,
654,654,4289,
655,655,8379,
656,656,5202,
657,657,2496,
658,658,8930,
659,659,8907,
660,660,5373,
661,661,1965,
662,662,8782,
663,663,2881,
664,664,4857,
665,665,4742,
666,666,6123,
667,667,2436,
668,668,5579,
669,669,5720,
670,670,6574,
671,671,1889,
672,672,7386,
673,673,4201,
674,674,6800,
675,675,3775,
676,676,7460,
677,677,4283,
678,678,7912,
679,679,2871,
680,680,3072,
681,681,1740,
682,682,8894,
683,683,5818,
684,684,5770,
685,685,5479,
686,686,4508,
687,687,3574,
688,688,6779,
689,689,9299,
690,690,8707,
691,691,6367,
692,692,3282,
693,693,3743,
694,694,4961,
695,695,4502,
696,696,7642,
697,697,6527,
698,698,5823,
699,699,7872,
700,700,2686,
701,701,2345,
702,702,9330,
703,703,9334,
704,704,7308,
705,705,6390,
706,706,8085,
707,707,1871,
708,708,6588,
709,709,7127,
710,710,5172,
711,711,6530,
712,712,1569,
713,713,9818,
714,714,9348,
715,715,3850,
716,716,4122,
717,717,3322,
718,718,5670,
719,719,4036,
720,720,4295,
721,721,3280,
722,722,2990,
723,723,8899,
724,724,9817,
725,725,5168,
726,726,2224,
727,727,2861,
728,728,7822,
729,729,5056,
730,730,1663,
731,731,9712,
732,732,6736,
733,733,8460,
734,734,1557,
735,735,4925,
736,736,6129,
737,737,2185,
738,738,8756,
739,739,8110,
740,740,5668,
741,741,2170,
742,742,3812,
743,743,5723,
744,744,6246,
745,745,7606,
746,746,7175,
747,747,3571,
748,748,1651,
749,749,5713,
750,750,5454,
751,751,7954,
752,752,2818,
753,753,6109,
754,754,4405,
755,755,8805,
756,756,2153,
757,757,2464,
758,758,5840,
759,759,2281,
760,760,2450,
761,761,1842,
762,762,9260,
763,763,6529,
764,764,8916,
765,765,6416,
766,766,5773,
767,767,8901,
768,768,9770,
769,769,1619,
770,770,5949,
771,771,1597,
772,772,5920,
773,773,5285,
774,774,3759,
775,775,5755,
776,776,9256,
777,777,7152,
778,778,5536,
779,779,5965,
780,780,4682,
781,781,6872,
782,782,2020,
783,783,5217,
784,784,6770,
785,785,2959,
786,786,7931,
787,787,3263,
788,788,6076,
789,789,7845,
790,790,8438,
791,791,5942,
792,792,1873,
793,793,6087,
794,794,6185,
795,795,6421,
796,796,8691,
797,797,2724,
798,798,2175,
799,799,4866,
800,800,7921,
801,801,4722,
802,802,5425,
803,803,3671,
804,804,4409,
805,805,8413,
806,806,3043,
807,807,4983,
808,808,4037,
809,809,5059,
810,810,2442,
811,811,7355,
812,812,6110,
813,813,7677,
814,814,3665,
815,815,4026,
816,816,5842,
817,817,4674,
818,818,3564,
819,819,8817,
820,820,1850,
821,821,2580,
822,822,4800,
823,823,4663,
824,824,8531,
825,825,4919,
826,826,5331,
827,827,5270,
828,828,2144,
829,829,3299,
830,830,8142,
831,831,8628,
832,832,6436,
833,833,8159,
834,834,1626,
835,835,1704,
836,836,5452,
837,837,6219,
838,838,1912,
839,839,2471,
840,840,8553,
841,841,7855,
842,842,5260,
843,843,7197,
844,844,5893,
845,845,5009,
846,846,8060,
847,847,1569,
848,848,9465,
849,849,8138,
850,850,4231,
851,851,7248,
852,852,9988,
853,853,4460,
854,854,2037,
855,855,5483,
856,856,2275,
857,857,6709,
858,858,6203,
859,859,9572,
860,860,2122,
861,861,6857,
862,862,4279,
863,863,8385,
864,864,4188,
865,865,5459,
866,866,6828,
867,867,2157,
868,868,6675,
869,869,6048,
870,870,7165,
871,871,8121,
872,872,2610,
873,873,8853,
874,874,2957,
875,875,8293,
876,876,1801,
877,877,4413,
878,878,8867,
879,879,4132,
880,880,5189,
881,881,6629,
882,882,6656,
883,883,1684,
884,884,7242,
885,885,4625,
886,886,4166,
887,887,9171,
888,888,1992,
889,889,8984,
890,890,1565,
891,891,5124,
892,892,9892,
893,893,6495,
894,894,8607,
895,895,7196,
896,896,4846,
897,897,7093,
898,898,3715,
899,899,3513,
900,900,9241,
901,901,2690,
902,902,7632,
903,903,1514,
904,904,6266,
905,905,5354,
906,906,9760,
907,907,8679,
908,908,7599,
909,909,3799,
910,910,4719,
911,911,2959,
912,912,2679,
913,913,3400,
914,914,7858,
915,915,3772,
916,916,8026,
917,917,4426,
918,918,5574,
919,919,8860,
920,920,3181,
921,921,5078,
922,922,9754,
923,923,2289,
924,924,4176,
925,925,4045,
926,926,5272,
927,927,5421,
928,928,4390,
929,929,1710,
930,930,3885,
931,931,9143,
932,932,5238,
933,933,2501,
934,934,8244,
935,935,2238,
936,936,2571,
937,937,2419,
938,938,2196,
939,939,8083,
940,940,1957,
941,941,7057,
942,942,2735,
943,943,9655,
944,944,9339,
945,945,9150,
946,946,3141,
947,947,4197,
948,948,9263,
949,949,8117,
950,950,1550,
951,951,1986,
952,952,9299,
953,953,7883,
954,954,4071,
955,955,7915,
956,956,6558,
957,957,9275,
958,958,9134,
959,959,5634,
960,960,9672,
961,961,2193,
962,962,2658,
963,963,3152,
964,964,5457,
965,965,3637,
966,966,6338,
967,967,5810,
968,968,6115,
969,969,1709,
970,970,8399,
971,971,4564,
972,972,8923,
973,973,8308,
974,974,2095,
975,975,7078,
976,976,3708,
977,977,7589,
978,978,8380,
979,979,5820,
980,980,8038,
981,981,7423,
982,982,9077,
983,983,4690,
984,984,7554,
985,985,1559,
986,986,9243,
987,987,6355,
988,988,5799,
989,989,5945,
990,990,7749,
991,991,3931,
992,992,4554,
993,993,3573,
994,994,4097,
995,995,4946,
996,996,3148,
997,997,2599,
998,998,6904,
999,999,5131,
1000,1000,2459,
1001,1001,7922,
1002,1002,3023,
1003,1003,8954,
1004,1004,1619,
1005,1005,5900,
1006,1006,9325,
1007,1007,2940,
1008,1008,3832,
1009,1009,5920,
1010,1010,5947,
1011,1011,9644,
1012,1012,3936,
1013,1013,5241,
1014,1014,5323,
1015,1015,3843,
1016,1016,9240,
1017,1017,9886,
1018,1018,7544,
1019,1019,8301,
1020,1020,8734,
1021,1021,4192,
1022,1022,7301,
1023,1023,6506,
1024,1024,3618,
1025,1025,4438,
1026,1026,8206,
1027,1027,9691,
1028,1028,6490,
1029,1029,5255,
1030,1030,5754,
1031,1031,6409,
1032,1032,8278,
1033,1033,9875,
1034,1034,2978,
1035,1035,9101,
1036,1036,7370,
1037,1037,7331,
1038,1038,8903,
1039,1039,5512,
1040,1040,7737,
1041,1041,8786,
1042,1042,5885,
1043,1043,5011,
1044,1044,9008,
1045,1045,5438,
1046,1046,4932,
1047,1047,8821,
1048,1048,2241,
1049,1049,4779,
1050,1050,3067,
1051,1051,9398,
1052,1052,3962,
1053,1053,1669,
1054,1054,8848,
1055,1055,2373,
1056,1056,1568,
1057,1057,2015,
1058,1058,8235,
1059,1059,6779,
1060,1060,9807,
1061,1061,1778,
1062,1062,8289,
1063,1063,7701,
1064,1064,2227,
1065,1065,6986,
1066,1066,5493,
1067,1067,9866,
1068,1068,4608,
1069,1069,7745,
1070,1070,6209,
1071,1071,9401,
1072,1072,7061,
1073,1073,1751,
1074,1074,7257,
1075,1075,3392,
1076,1076,6813,
1077,1077,1769,
1078,1078,6615,
1079,1079,4204,
1080,1080,2817,
1081,1081,4686,
1082,1082,7129,
1083,1083,8537,
1084,1084,4325,
1085,1085,1782,
1086,1086,8883,
1087,1087,1585,
1088,1088,9379,
1089,1089,5327,
1090,1090,3167,
1091,1091,4551,
1092,1092,7324,
1093,1093,6406,
1094,1094,6725,
1095,1095,3651,
1096,1096,2758,
1097,1097,8837,
1098,1098,2623,
1099,1099,8201,
1100,1100,1519,
1101,1101,3223,
1102,1102,2259,
1103,1103,6897,
1104,1104,7741,
1105,1105,4975,
1106,1106,8511,
1107,1107,9907,
1108,1108,1894,
1109,1109,5734,
1110,1110,9201,
1111,1111,3433,
1112,1112,4406,
1113,1113,5650,
1114,1114,2037,
1115,1115,2024,
1116,1116,4369,
1117,1117,4498,
1118,1118,2352,
1119,1119,6090,
1120,1120,6097,
1121,1121,4176,
1122,1122,6588,
1123,1123,6400,
1124,1124,7527,
1125,1125,8858,
1126,1126,7032,
1127,1127,2586,
1128,1128,3956,
1129,1129,8063,
1130,1130,3557,
1131,1131,2876,
1132,1132,5685,
1133,1133,5319,
1134,1134,6862,
1135,1135,8332,
1136,1136,9557,
1137,1137,5701,
1138,1138,4127,
1139,1139,6136,
1140,1140,6038,
1141,1141,7975,
1142,1142,9818,
1143,1143,7755,
1144,1144,7987,
1145,1145,2061,
1146,1146,7331,
1147,1147,7455,
1148,1148,2049,
1149,1149,8848,
1150,1150,3261,
1151,1151,4281,
1152,1152,8756,
1153,1153,8250,
1154,1154,8232,
1155,1155,5493,
1156,1156,7378,
1157,1157,7529,
1158,1158,7885,
1159,1159,6984,
1160,1160,1601,
1161,1161,7895,
1162,1162,2733,
1163,1163,8284,
1164,1164,9938,
1165,1165,2821,
1166,1166,6108,
1167,1167,7548,
1168,1168,8049,
1169,1169,8443,
1170,1170,4787,
1171,1171,3791,
1172,1172,5545,
1173,1173,6112,
1174,1174,6761,
1175,1175,5146,
1176,1176,9116,
1177,1177,1704,
1178,1178,7991,
1179,1179,3736,
1180,1180,1624,
1181,1181,1712,
1182,1182,5175,
1183,1183,9421,
1184,1184,5740,
1185,1185,9920,
1186,1186,7936,
1187,1187,4884,
1188,1188,7585,
1189,1189,4130,
1190,1190,8876,
1191,1191,3299,
1192,1192,8694,
1193,1193,2644,
1194,1194,9674,
1195,1195,9279,
1196,1196,1988,
1197,1197,2594,
1198,1198,7955,
1199,1199,4142,
1200,1200,1998,
1201,1201,5748,
1202,1202,7101,
1203,1203,9220,
1204,1204,6170,
1205,1205,7080,
1206,1206,5723,
1207,1207,2045,
1208,1208,9557,
1209,1209,7989,
1210,1210,9510,
1211,1211,2458,
1212,1212,9605,
1213,1213,8514,
1214,1214,7268,
1215,1215,2915,
1216,1216,8819,
1217,1217,2443,
1218,1218,9951,
1219,1219,3161,
1220,1220,2267,
1221,1221,3063,
1222,1222,8893,
1223,1223,6217,
1224,1224,3969,
1225,1225,6035,
1226,1226,8339,
1227,1227,2402,
1228,1228,5591,
1229,1229,9383,
1230,1230,8549,
1231,1231,9904,
1232,1232,8712,
1233,1233,5305,
1234,1234,1655,
1235,1235,6501,
1236,1236,4947,
1237,1237,5961,
1238,1238,5066,
1239,1239,4321,
1240,1240,2247,
1241,1241,6224,
1242,1242,7938,
1243,1243,2428,
1244,1244,2335,
1245,1245,8045,
1246,1246,4098,
1247,1247,9037,
1248,1248,8308,
1249,1249,2271,
1250,1250,6310,
1251,1251,5376,
1252,1252,3923,
1253,1253,6805,
1254,1254,9012,
1255,1255,6114,
1256,1256,5304,
1257,1257,3203,
1258,1258,7157,
1259,1259,4950,
1260,1260,7883,
1261,1261,6550,
1262,1262,4367,
1263,1263,5468,
1264,1264,4084,
1265,1265,5310,
1266,1266,8675,
1267,1267,9063,
1268,1268,8088,
1269,1269,3762,
1270,1270,8018,
1271,1271,5733,
1272,1272,7247,
1273,1273,3472,
1274,1274,5754,
1275,1275,5148,
1276,1276,8082,
1277,1277,6300,
1278,1278,2072,
1279,1279,5968,
1280,1280,2430,
1281,1281,2666,
1282,1282,1970,
1283,1283,2373,
1284,1284,3929,
1285,1285,4002,
1286,1286,8407,
1287,1287,5952,
1288,1288,5888,
1289,1289,2477,
1290,1290,4777,
1291,1291,7298,
1292,1292,8772,
1293,1293,2468,
1294,1294,5936,
1295,1295,8085,
1296,1296,9175,
1297,1297,6514,
1298,1298,5873,
1299,1299,9417,
1300,1300,7486,
1301,1301,3368,
1302,1302,3789,
1303,1303,4927,
1304,1304,2162,
1305,1305,5082,
1306,1306,5284,
1307,1307,7661,
1308,1308,6506,
1309,1309,8163,
1310,1310,5089,
1311,1311,6793,
1312,1312,9995,
1313,1313,9370,
1314,1314,3755,
1315,1315,6548,
1316,1316,3947,
1317,1317,5772,
1318,1318,8217,
1319,1319,2597,
1320,1320,9748,
1321,1321,3267,
1322,1322,7963,
1323,1323,7163,
1324,1324,7835,
1325,1325,6388,
1326,1326,3746,
1327,1327,9844,
1328,1328,7295,
1329,1329,7677,
1330,1330,6960,
1331,1331,1720,
1332,1332,5408,
1333,1333,9994,
1334,1334,3016,
1335,1335,5491,
1336,1336,3313,
1337,1337,7733,
1338,1338,3227,
1339,1339,4839,
1340,1340,2552,
1341,1341,8548,
1342,1342,6010,
1343,1343,6883,
1344,1344,5797,
1345,1345,5678,
1346,1346,3103,
1347,1347,2534,
1348,1348,5801,
1349,1349,6150,
1350,1350,3872,
1351,1351,7583,
1352,1352,9509,
1353,1353,4373,
1354,1354,2100,
1355,1355,8616,
1356,1356,9771,
1357,1357,3680,
1358,1358,3693,
1359,1359,4568,
1360,1360,2335,
1361,1361,2764,
1362,1362,1911,
1363,1363,3847,
1364,1364,2619,
1365,1365,3188,
1366,1366,7726,
1367,1367,3467,
1368,1368,5417,
1369,1369,6910,
1370,1370,5225,
1371,1371,5482,
1372,1372,8517,
1373,1373,3855,
1374,1374,8391,
1375,1375,2858,
1376,1376,4232,
1377,1377,4873,
1378,1378,6922,
1379,1379,1566,
1380,1380,1716,
1381,1381,4959,
1382,1382,2521,
1383,1383,8086,
1384,1384,6424,
1385,1385,8580,
1386,1386,5960,
1387,1387,6319,
1388,1388,6359,
1389,1389,5966,
1390,1390,8860,
1391,1391,3296,
1392,1392,1545,
1393,1393,4770,
1394,1394,7202,
1395,1395,1742,
1396,1396,2637,
1397,1397,3066,
1398,1398,3772,
1399,1399,4198,
1400,1400,7572,
1401,1401,5197,
1402,1402,6315,
1403,1403,6796,
1404,1404,6232,
1405,1405,6086,
1406,1406,4455,
1407,1407,3290,
1408,1408,4476,
1409,1409,2550,
1410,1410,9733,
1411,1411,6388,
1412,1412,1698,
1413,1413,6793,
1414,1414,6571,
1415,1415,7975,
1416,1416,3482,
1417,1417,6576,
1418,1418,8280,
1419,1419,4762,
1420,1420,7177,
1421,1421,4504,
1422,1422,2208,
1423,1423,9767,
1424,1424,6737,
1425,1425,9328,
1426,1426,2278,
1427,1427,8543,
1428,1428,6255,
1429,1429,2764,
1430,1430,3148,
1431,1431,2859,
1432,1432,3009,
1433,1433,9127,
1434,1434,4281,
1435,1435,1776,
1436,1436,7342,
1437,1437,4039,
1438,1438,2086,
1439,1439,8034,
1440,1440,6723,
1441,1441,7953,
1442,1442,5713,
1443,1443,7874,
1444,1444,7943,
1445,1445,8992,
1446,1446,5779,
1447,1447,9724,
1448,1448,4715,
1449,1449,8629,
1450,1450,9131,
1451,1451,8820,
1452,1452,5631,
1453,1453,2439,
1454,1454,4604,
1455,1455,6557,
1456,1456,5675,
1457,1457,8748,
1458,1458,1593,
1459,1459,3372,
1460,1460,9191,
1461,1461,9071,
1462,1462,7500,
1463,1463,9432,
1464,1464,9187,
1465,1465,2520,
1466,1466,5927,
1467,1467,6285,
1468,1468,6655,
1469,1469,2369,
1470,1470,7487,
1471,1471,4456,
1472,1472,6716,
1473,1473,5316,
1474,1474,3319,
1475,1475,8224,
1476,1476,6133,
1477,1477,4713,
1478,1478,5408,
1479,1479,3002,
1480,1480,5444,
1481,1481,5740,
1482,1482,8943,
1483,1483,7103,
1484,1484,3820,
1485,1485,5969,
1486,1486,1691,
1487,1487,8941,
1488,1488,7323,
1489,1489,5535,
1490,1490,9148,
1491,1491,4821,
1492,1492,2303,
1493,1493,3648,
1494,1494,3235,
1495,1495,7791,
1496,1496,1687,
1497,1497,7678,
1498,1498,5195,
1499,1499,5358,
1500,1500,7659,
1501,1501,9833,
1502,1502,5490,
1503,1503,2173,
1504,1504,2415,
1505,1505,2782,
1506,1506,6570,
1507,1507,5789,
1508,1508,5243,
1509,1509,7090,
1510,1510,9304,
1511,1511,3801,
1512,1512,9304,
1513,1513,5941,
1514,1514,8227,
1515,1515,8252,
1516,1516,2795,
1517,1517,4780,
1518,1518,8315,
1519,1519,2751,
1520,1520,6416,
1521,1521,8610,
1522,1522,7898,
1523,1523,8265,
1524,1524,4765,
1525,1525,3522,
1526,1526,6511,
1527,1527,4255,
1528,1528,7449,
1529,1529,4832,
1530,1530,4738,
1531,1531,1587,
1532,1532,6202,
1533,1533,2170,
1534,1534,2847,
1535,1535,1931,
1536,1536,5643,
1537,1537,9881,
1538,1538,2311,
1539,1539,9469,
1540,1540,3590,
1541,1541,9131,
1542,1542,5873,
1543,1543,6678,
1544,1544,3028,
1545,1545,4163,
1546,1546,5205,
1547,1547,3472,
1548,1548,1669,
1549,1549,6113,
1550,1550,8766,
1551,1551,7799,
1552,1552,8034,
1553,1553,5875,
1554,1554,6081,
1555,1555,5890,
1556,1556,2301,
1557,1557,2364,
1558,1558,7660,
1559,1559,4129,
1560,1560,8085,
1561,1561,7155,
1562,1562,9328,
1563,1563,6223,
1564,1564,5320,
1565,1565,2317,
1566,1566,5500,
1567,1567,9423,
1568,1568,8216,
1569,1569,3309,
1570,1570,3612,
1571,1571,6934,
1572,1572,4558,
1573,1573,7615,
1574,1574,1913,
1575,1575,4305,
1576,1576,4139,
1577,1577,3833,
1578,1578,1975,
1579,1579,6922,
1580,1580,7943,
1581,1581,8657,
1582,1582,2581,
1583,1583,8367,
1584,1584,3539,
1585,1585,8262,
1586,1586,9482,
1587,1587,6562,
1588,1588,4731,
1589,1589,6958,
1590,1590,6460,
1591,1591,2819,
1592,1592,9841,
1593,1593,4103,
1594,1594,6662,
1595,1595,5069,
1596,1596,6071,
1597,1597,8446,
1598,1598,1607,
1599,1599,4074,
1600,1600,7100,
1601,1601,3539,
1602,1602,2858,
1603,1603,7241,
1604,1604,3053,
1605,1605,5975,
1606,1606,3058,
1607,1607,6992,
1608,1608,5970,
1609,1609,3961,
1610,1610,2331,
1611,1611,2864,
1612,1612,1790,
1613,1613,8601,
1614,1614,8327,
1615,1615,1658,
1616,1616,4958,
1617,1617,3871,
1618,1618,4773,
1619,1619,3214,
1620,1620,3709,
1621,1621,7320,
1622,1622,2079,
1623,1623,2803,
1624,1624,3268,
1625,1625,2559,
1626,1626,3990,
1627,1627,5685,
1628,1628,6441,
1629,1629,4668,
1630,1630,8083,
1631,1631,7925,
1632,1632,3297,
1633,1633,1578,
1634,1634,9267,
1635,1635,4999,
1636,1636,3605,
1637,1637,8853,
1638,1638,3696,
1639,1639,2792,
1640,1640,8372,
1641,1641,5786,
1642,1642,3251,
1643,1643,4165,
1644,1644,8050,
1645,1645,8164,
1646,1646,2200,
1647,1647,8795,
1648,1648,5159,
1649,1649,4960,
1650,1650,5406,
1651,1651,8780,
1652,1652,3111,
1653,1653,9387,
1654,1654,9219,
1655,1655,1736,
1656,1656,5229,
1657,1657,2120,
1658,1658,3983,
1659,1659,8810,
1660,1660,6241,
1661,1661,8617,
1662,1662,7762,
1663,1663,9474,
1664,1664,1927,
1665,1665,6779,
1666,1666,8180,
1667,1667,6639,
1668,1668,1586,
1669,1669,9946,
1670,1670,3692,
1671,1671,3094,
1672,1672,8381,
1673,1673,9328,
1674,1674,6612,
1675,1675,6096,
1676,1676,9293,
1677,1677,5066,
1678,1678,9169,
1679,1679,9120,
1680,1680,8687,
1681,1681,4703,
1682,1682,9060,
1683,1683,1983,
1684,1684,3815,
1685,1685,6714,
1686,1686,9247,
1687,1687,6894,
1688,1688,3119,
1689,1689,3480,
1690,1690,2382,
1691,1691,5042,
1692,1692,3318,
1693,1693,3629,
1694,1694,3163,
1695,1695,7514,
1696,1696,1710,
1697,1697,1987,
1698,1698,9457,
1699,1699,7848,
1700,1700,6344,
1701,1701,3953,
1702,1702,1580,
1703,1703,1744,
1704,1704,2932,
1705,1705,6138,
1706,1706,1572,
1707,1707,8203,
1708,1708,2115,
1709,1709,1660,
1710,1710,5369,
1711,1711,3271,
1712,1712,9127,
1713,1713,8204,
1714,1714,2473,
1715,1715,8390,
1716,1716,4048,
1717,1717,9208,
1718,1718,9855,
1719,1719,6797,
1720,1720,5903,
1721,1721,4606,
1722,1722,6757,
1723,1723,4775,
1724,1724,4249,
1725,1725,1685,
1726,1726,2731,
1727,1727,6750,
1728,1728,2580,
1729,1729,4071,
1730,1730,9854,
1731,1731,7223,
1732,1732,4821,
1733,1733,7295,
1734,1734,7472,
1735,1735,3989,
1736,1736,4841,
1737,1737,5603,
1738,1738,6050,
1739,1739,5553,
1740,1740,8362,
1741,1741,9528,
1742,1742,8341,
1743,1743,9546,
1744,1744,6272,
1745,1745,4445,
1746,1746,4171,
1747,1747,4109,
1748,1748,9273,
1749,1749,1988,
1750,1750,8378,
1751,1751,4272,
1752,1752,3978,
1753,1753,7654,
1754,1754,3334,
1755,1755,8570,
1756,1756,5168,
1757,1757,1530,
1758,1758,1643,
1759,1759,1668,
1760,1760,8257,
1761,1761,4118,
1762,1762,2425,
1763,1763,7630,
1764,1764,7344,
1765,1765,9312,
1766,1766,1503,
1767,1767,5866,
1768,1768,8337,
1769,1769,3755,
1770,1770,4275,
1771,1771,3397,
1772,1772,2533,
1773,1773,7747,
1774,1774,8804,
1775,1775,5801,
1776,1776,8230,
1777,1777,8505,
1778,1778,4966,
1779,1779,4712,
1780,1780,3121,
1781,1781,5312,
1782,1782,4413,
1783,1783,1510,
1784,1784,2115,
1785,1785,5639,
1786,1786,5352,
1787,1787,5977,
1788,1788,7622,
1789,1789,5742,
1790,1790,8131,
1791,1791,4132,
1792,1792,6343,
1793,1793,3170,
1794,1794,7946,
1795,1795,5977,
1796,1796,6880,
1797,1797,4834,
1798,1798,9052,
1799,1799,7853,
1800,1800,8926,
1801,1801,6511,
1802,1802,9197,
1803,1803,8602,
1804,1804,4778,
1805,1805,5451,
1806,1806,5268,
1807,1807,2628,
1808,1808,2182,
1809,1809,8758,
1810,1810,7454,
1811,1811,6624,
1812,1812,7299,
1813,1813,2713,
1814,1814,4524,
1815,1815,9032,
1816,1816,3478,
1817,1817,1565,
1818,1818,8502,
1819,1819,3538,
1820,1820,2730,
1821,1821,9662,
1822,1822,1885,
1823,1823,9845,
1824,1824,1624,
1825,1825,7957,
1826,1826,8356,
1827,1827,9524,
1828,1828,8183,
1829,1829,6186,
1830,1830,5820,
1831,1831,5277,
1832,1832,2214,
1833,1833,6160,
1834,1834,1734,
1835,1835,8862,
1836,1836,2454,
1837,1837,7300,
1838,1838,9694,
1839,1839,2579,
1840,1840,5655,
1841,1841,5013,
1842,1842,3963,
1843,1843,8202,
1844,1844,7097,
1845,1845,5517,
1846,1846,6800,
1847,1847,5634,
1848,1848,6068,
1849,1849,6585,
1850,1850,2348,
1851,1851,4851,
1852,1852,7315,
1853,1853,6628,
1854,1854,5592,
1855,1855,4452,
1856,1856,2094,
1857,1857,5145,
1858,1858,8901,
1859,1859,8363,
1860,1860,7776,
1861,1861,3211,
1862,1862,5981,
1863,1863,3620,
1864,1864,9927,
1865,1865,6506,
1866,1866,3177,
1867,1867,5753,
1868,1868,8830,
1869,1869,6617,
1870,1870,2177,
1871,1871,1625,
1872,1872,5620,
1873,1873,7567,
1874,1874,8369,
1875,1875,5227,
1876,1876,3465,
1877,1877,4612,
1878,1878,1811,
1879,1879,1967,
1880,1880,5392,
1881,1881,3309,
1882,1882,9038,
1883,1883,7299,
1884,1884,5055,
1885,1885,3182,
1886,1886,1688,
1887,1887,7919,
1888,1888,8825,
1889,1889,6646,
1890,1890,3484,
1891,1891,7876,
1892,1892,5875,
1893,1893,3915,
1894,1894,4707,
1895,1895,6832,
1896,1896,5036,
1897,1897,7401,
1898,1898,8211,
1899,1899,9742,
1900,1900,4257,
1901,1901,4477,
1902,1902,8493,
1903,1903,2313,
1904,1904,6927,
1905,1905,5806,
1906,1906,1902,
1907,1907,2010,
1908,1908,4555,
1909,1909,3598,
1910,1910,6770,
1911,1911,7008,
1912,1912,7433,
1913,1913,7156,
1914,1914,6520,
1915,1915,3617,
1916,1916,6054,
1917,1917,9203,
1918,1918,8578,
1919,1919,7406,
1920,1920,8316,
1921,1921,6369,
1922,1922,4140,
1923,1923,4034,
1924,1924,2644,
1925,1925,6982,
1926,1926,5545,
1927,1927,9895,
1928,1928,3662,
1929,1929,3937,
1930,1930,7425,
1931,1931,5200,
1932,1932,2902,
1933,1933,4575,
1934,1934,9751,
1935,1935,8737,
1936,1936,7823,
1937,1937,8539,
1938,1938,5523,
1939,1939,5545,
1940,1940,2648,
1941,1941,8561,
1942,1942,6223,
1943,1943,9253,
1944,1944,9317,
1945,1945,9571,
1946,1946,8957,
1947,1947,4546,
1948,1948,6563,
1949,1949,6785,
1950,1950,9297,
1951,1951,8946,
1952,1952,3512,
1953,1953,3398,
1954,1954,2681,
1955,1955,5084,
1956,1956,3756,
1957,1957,7659,
1958,1958,9076,
1959,1959,7673,
1960,1960,6000,
1961,1961,8155,
1962,1962,3927,
1963,1963,7491,
1964,1964,4343,
1965,1965,1547,
1966,1966,3560,
1967,1967,6746,
1968,1968,5723,
1969,1969,7240,
1970,1970,4609,
1971,1971,4404,
1972,1972,6809,
1973,1973,4596,
1974,1974,7452,
1975,1975,3323,
1976,1976,7467,
1977,1977,5249,
1978,1978,5741,
1979,1979,8152,
1980,1980,7949,
1981,1981,4309,
1982,1982,5120,
1983,1983,2609,
1984,1984,1994,
1985,1985,9024,
1986,1986,8774,
1987,1987,2650,
1988,1988,5977,
1989,1989,9242,
1990,1990,9699,
1991,1991,2688,
1992,1992,4025,
1993,1993,7504,
1994,1994,2395,
1995,1995,6844,
1996,1996,2535,
1997,1997,2994,
1998,1998,1508,
1999,1999,4191,
2000,2000,7572,
2001,2001,6134,
2002,2002,3295,
2003,2003,3086,
2004,2004,5864,
2005,2005,9852,
2006,2006,1845,
2007,2007,8596,
2008,2008,2394,
2009,2009,8713,
2010,2010,1759,
2011,2011,7991,
2012,2012,3418,
2013,2013,7481,
2014,2014,8011,
2015,2015,7093,
2016,2016,6857,
2017,2017,9228,
2018,2018,3135,
2019,2019,3268,
2020,2020,8961,
2021,2021,5644,
2022,2022,8458,
2023,2023,7828,
2024,2024,3575,
2025,2025,7383,
2026,2026,2668,
2027,2027,5473,
2028,2028,5055,
2029,2029,8629,
2030,2030,4697,
2031,2031,6029,
2032,2032,8126,
2033,2033,1550,
2034,2034,2630,
2035,2035,5681,
2036,2036,3072,
2037,2037,5536,
2038,2038,3046,
2039,2039,7220,
2040,2040,5802,
2041,2041,9076,
2042,2042,9649,
2043,2043,7531,
2044,2044,3284,
2045,2045,6697,
2046,2046,4255,
2047,2047,5331,
2048,2048,7014,
2049,2049,2006,
2050,2050,1973,
2051,2051,5679,
2052,2052,7816,
2053,2053,3012,
2054,2054,8222,
2055,2055,7703,
2056,2056,5305,
2057,2057,2466,
2058,2058,7043,
2059,2059,2252,
2060,2060,1878,
2061,2061,3409,
2062,2062,8917,
2063,2063,7198,
2064,2064,8420,
2065,2065,8030,
2066,2066,8506,
2067,2067,4146,
2068,2068,8262,
2069,2069,8656,
2070,2070,2325,
2071,2071,5908,
2072,2072,6226,
2073,2073,4125,
2074,2074,6896,
2075,2075,5068,
2076,2076,7281,
2077,2077,9037,
2078,2078,6928,
2079,2079,6710,
2080,2080,4285,
2081,2081,9125,
2082,2082,2431,
2083,2083,3239,
2084,2084,1941,
2085,2085,9634,
2086,2086,4151,
2087,2087,6991,
2088,2088,4977,
2089,2089,9231,
2090,2090,9114,
2091,2091,5172,
2092,2092,5789,
2093,2093,9715,
2094,2094,2321,
2095,2095,7620,
2096,2096,8071,
2097,2097,7655,
2098,2098,7080,
2099,2099,5874,
2100,2100,2627,
2101,2101,3535,
2102,2102,4579,
2103,2103,4458,
2104,2104,3618,
2105,2105,4217,
2106,2106,3854,
2107,2107,6160,
2108,2108,8667,
2109,2109,9451,
2110,2110,8726,
2111,2111,9590,
2112,2112,4308,
2113,2113,5242,
2114,2114,5445,
2115,2115,3401,
2116,2116,4123,
2117,2117,1878,
2118,2118,9731,
2119,2119,6325,
2120,2120,5612,
2121,2121,7171,
2122,2122,2577,
2123,2123,4996,
2124,2124,3144,
2125,2125,9649,
2126,2126,1794,
2127,2127,1916,
2128,2128,5836,
2129,2129,1720,
2130,2130,6832,
2131,2131,1744,
2132,2132,9818,
2133,2133,2261,
2134,2134,1512,
2135,2135,9187,
2136,2136,4035,
2137,2137,2403,
2138,2138,8197,
2139,2139,1733,
2140,2140,3958,
2141,2141,6083,
2142,2142,9704,
2143,2143,3863,
2144,2144,8182,
2145,2145,8927,
2146,2146,3217,
2147,2147,6925,
2148,2148,4661,
2149,2149,4011,
2150,2150,1861,
2151,2151,7764,
2152,2152,4153,
2153,2153,4726,
2154,2154,3752,
2155,2155,2544,
2156,2156,6735,
2157,2157,8445,
2158,2158,9324,
2159,2159,7489,
2160,2160,7544,
2161,2161,5034,
2162,2162,7620,
2163,2163,4945,
2164,2164,3787,
2165,2165,2957,
2166,2166,8500,
2167,2167,3547,
2168,2168,5558,
2169,2169,4376,
2170,2170,7856,
2171,2171,4909,
2172,2172,4011,
2173,2173,5239,
2174,2174,1960,
2175,2175,6245,
2176,2176,1650,
2177,2177,4885,
2178,2178,4815,
2179,2179,8081,
2180,2180,7949,
2181,2181,6166,
2182,2182,6684,
2183,2183,9598,
2184,2184,3217,
2185,2185,4684,
2186,2186,4468,
2187,2187,4757,
2188,2188,2152,
2189,2189,3692,
2190,2190,7187,
2191,2191,8871,
2192,2192,3781,
2193,2193,3928,
2194,2194,1776,
2195,2195,2493,
2196,2196,5052,
2197,2197,7924,
2198,2198,6851,
2199,2199,8052,
2200,2200,3881,
2201,2201,3181,
2202,2202,3925,
2203,2203,9586,
2204,2204,8722,
2205,2205,7063,
2206,2206,5303,
2207,2207,2231,
2208,2208,5888,
2209,2209,3703,
2210,2210,8401,
2211,2211,8057,
2212,2212,3545,
2213,2213,1811,
2214,2214,9132,
2215,2215,8025,
2216,2216,4271,
2217,2217,8285,
2218,2218,1515,
2219,2219,5606,
2220,2220,3608,
2221,2221,2459,
2222,2222,7445,
2223,2223,4983,
2224,2224,9136,
2225,2225,3646,
2226,2226,2312,
2227,2227,9217,
2228,2228,5606,
2229,2229,2083,
2230,2230,9171,
2231,2231,2852,
2232,2232,7539,
2233,2233,5861,
2234,2234,6948,
2235,2235,8650,
2236,2236,8068,
2237,2237,6308,
2238,2238,9932,
2239,2239,9507,
2240,2240,7783,
2241,2241,8053,
2242,2242,8994,
2243,2243,9908,
2244,2244,1737,
2245,2245,8538,
2246,2246,7355,
2247,2247,2365,
2248,2248,2229,
2249,2249,8908,
2250,2250,3923,
2251,2251,3707,
2252,2252,6161,
2253,2253,8394,
2254,2254,7630,
2255,2255,6516,
2256,2256,6341,
2257,2257,1736,
2258,2258,7089,
2259,2259,4780,
2260,2260,8307,
2261,2261,6348,
2262,2262,5646,
2263,2263,7063,
2264,2264,8865,
2265,2265,3016,
2266,2266,5172,
2267,2267,1657,
2268,2268,2840,
2269,2269,5232,
2270,2270,5894,
2271,2271,4734,
2272,2272,9819,
2273,2273,9103,
2274,2274,3796,
2275,2275,5440,
2276,2276,3493,
2277,2277,7394,
2278,2278,9257,
2279,2279,6799,
2280,2280,4168,
2281,2281,8226,
2282,2282,6548,
2283,2283,3673,
2284,2284,3431,
2285,2285,7943,
2286,2286,4743,
2287,2287,8076,
2288,2288,2003,
2289,2289,3552,
2290,2290,6508,
2291,2291,3929,
2292,2292,6447,
2293,2293,5902,
2294,2294,1513,
2295,2295,8331,
2296,2296,6281,
2297,2297,7113,
2298,2298,6488,
2299,2299,4848,
2300,2300,6818,
2301,2301,8978,
2302,2302,5268,
2303,2303,4276,
2304,2304,9309,
2305,2305,6716,
2306,2306,8153,
2307,2307,4720,
2308,2308,3346,
2309,2309,6241,
2310,2310,2643,
2311,2311,9346,
2312,2312,2201,
2313,2313,7408,
2314,2314,5795,
2315,2315,3085,
2316,2316,4458,
2317,2317,4685,
2318,2318,2604,
2319,2319,9594,
2320,2320,8405,
2321,2321,6343,
2322,2322,8955,
2323,2323,8009,
2324,2324,2361,
2325,2325,9997,
2326,2326,3867,
2327,2327,7721,
2328,2328,5564,
2329,2329,6553,
2330,2330,8372,
2331,2331,4143,
2332,2332,7342,
2333,2333,7955,
2334,2334,4383,
2335,2335,4352,
2336,2336,7495,
2337,2337,7421,
2338,2338,6810,
2339,2339,3892,
2340,2340,8072,
2341,2341,2203,
2342,2342,3876,
2343,2343,4643,
2344,2344,2233,
2345,2345,7108,
2346,2346,8210,
2347,2347,4594,
2348,2348,3504,
2349,2349,1704,
2350,2350,5470,
2351,2351,5516,
2352,2352,7958,
2353,2353,6462,
2354,2354,4043,
2355,2355,5028,
2356,2356,5548,
2357,2357,5160,
2358,2358,5965,
2359,2359,4411,
2360,2360,3653,
2361,2361,5133,
2362,2362,9226,
2363,2363,3984,
2364,2364,7987,
2365,2365,6452,
2366,2366,6880,
2367,2367,2005,
2368,2368,7974,
2369,2369,1583,
2370,2370,9204,
2371,2371,2073,
2372,2372,1723,
2373,2373,6890,
2374,2374,2199,
2375,2375,6556,
2376,2376,7960,
2377,2377,5828,
2378,2378,9189,
2379,2379,1954,
2380,2380,5209,
2381,2381,2194,
2382,2382,5352,
2383,2383,1560,
2384,2384,5963,
2385,2385,4013,
2386,2386,5790,
2387,2387,4692,
2388,2388,5569,
2389,2389,7381,
2390,2390,7915,
2391,2391,6580,
2392,2392,4673,
2393,2393,9192,
2394,2394,7765,
2395,2395,2981,
2396,2396,6813,
2397,2397,8726,
2398,2398,7609,
2399,2399,5132,
2400,2400,5935,
2401,2401,4642,
2402,2402,7643,
2403,2403,3974,
2404,2404,3928,
2405,2405,3273,
2406,2406,4498,
2407,2407,7296,
2408,2408,3704,
2409,2409,7755,
2410,2410,8503,
2411,2411,8680,
2412,2412,4266,
2413,2413,6335,
2414,2414,7156,
2415,2415,7711,
2416,2416,8478,
2417,2417,6220,
2418,2418,5679,
2419,2419,8867,
2420,2420,3935,
2421,2421,4393,
2422,2422,8279,
2423,2423,5651,
2424,2424,8969,
2425,2425,9369,
2426,2426,2602,
2427,2427,2875,
2428,2428,5811,
2429,2429,6808,
2430,2430,4227,
2431,2431,5234,
2432,2432,7951,
2433,2433,3280,
2434,2434,9507,
2435,2435,9366,
2436,2436,4064,
2437,2437,1981,
2438,2438,9548,
2439,2439,7149,
2440,2440,7511,
2441,2441,6614,
2442,2442,4643,
2443,2443,3272,
2444,2444,5165,
2445,2445,2251,
2446,2446,9690,
2447,2447,6580,
2448,2448,8061,
2449,2449,3346,
2450,2450,7601,
2451,2451,4771,
2452,2452,6201,
2453,2453,1568,
2454,2454,7584,
2455,2455,9081,
2456,2456,6060,
2457,2457,5187,
2458,2458,4511,
2459,2459,8482,
2460,2460,8895,
2461,2461,4088,
2462,2462,9306,
2463,2463,7287,
2464,2464,2013,
2465,2465,3059,
2466,2466,7325,
2467,2467,4454,
2468,2468,5421,
2469,2469,5521,
2470,2470,6881,
2471,2471,8256,
2472,2472,3006,
2473,2473,9779,
2474,2474,4016,
2475,2475,5895,
2476,2476,4262,
2477,2477,9191,
2478,2478,1791,
2479,2479,4264,
2480,2480,6481,
2481,2481,4843,
2482,2482,9367,
2483,2483,2818,
2484,2484,8250,
2485,2485,1704,
2486,2486,8804,
2487,2487,8681,
2488,2488,4487,
2489,2489,9274,
2490,2490,1795,
2491,2491,4498,
2492,2492,2108,
2493,2493,5994,
2494,2494,7695,
2495,2495,5935,
2496,2496,6146,
2497,2497,1501,
2498,2498,2903,
2499,2499,4287,
2500,2500,2491,
2501,2501,8638,
2502,2502,9334,
2503,2503,8560,
2504,2504,6583,
2505,2505,9873,
2506,2506,6432,
2507,2507,4743,
2508,2508,6441,
2509,2509,2773,
2510,2510,4423,
2511,2511,3081,
2512,2512,6901,
2513,2513,9812,
2514,2514,9221,
2515,2515,8422,
2516,2516,6213,
2517,2517,6454,
2518,2518,9717,
2519,2519,2564,
2520,2520,6522,
2521,2521,6843,
2522,2522,4015,
2523,2523,3158,
2524,2524,6658,
2525,2525,6597,
2526,2526,2507,
2527,2527,2947,
2528,2528,5399,
2529,2529,3833,
2530,2530,5397,
2531,2531,6112,
2532,2532,4472,
2533,2533,1786,
2534,2534,8020,
2535,2535,9388,
2536,2536,5811,
2537,2537,6030,
2538,2538,7704,
2539,2539,2792,
2540,2540,2560,
2541,2541,5622,
2542,2542,1705,
2543,2543,6507,
2544,2544,3445,
2545,2545,2416,
2546,2546,9357,
2547,2547,4851,
2548,2548,6125,
2549,2549,4565,
2550,2550,3308,
2551,2551,1784,
2552,2552,5177,
2553,2553,3517,
2554,2554,4207,
2555,2555,5659,
2556,2556,7174,
2557,2557,6366,
2558,2558,5629,
2559,2559,8802,
2560,2560,6946,
2561,2561,2309,
2562,2562,2848,
2563,2563,7558,
2564,2564,8918,
2565,2565,5235,
2566,2566,3864,
2567,2567,7075,
2568,2568,9034,
2569,2569,4007,
2570,2570,5696,
2571,2571,9614,
2572,2572,2196,
2573,2573,6424,
2574,2574,4064,
2575,2575,3546,
2576,2576,4528,
2577,2577,9136,
2578,2578,7569,
2579,2579,6808,
2580,2580,5178,
2581,2581,4610,
2582,2582,8476,
2583,2583,7972,
2584,2584,7309,
2585,2585,4005,
2586,2586,9578,
2587,2587,5609,
2588,2588,2553,
2589,2589,8022,
2590,2590,6323,
2591,2591,9889,
2592,2592,1721,
2593,2593,7333,
2594,2594,2106,
2595,2595,4964,
2596,2596,5906,
2597,2597,3303,
2598,2598,4896,
2599,2599,8305,
2600,2600,2499,
2601,2601,3244,
2602,2602,2970,
2603,2603,6339,
2604,2604,5532,
2605,2605,4637,
2606,2606,4794,
2607,2607,7717,
2608,2608,5899,
2609,2609,8768,
2610,2610,8755,
2611,2611,6749,
2612,2612,1840,
2613,2613,9460,
2614,2614,7709,
2615,2615,9937,
2616,2616,3918,
2617,2617,7663,
2618,2618,7285,
2619,2619,8438,
2620,2620,5984,
2621,2621,3501,
2622,2622,8646,
2623,2623,9048,
2624,2624,9265,
2625,2625,2789,
2626,2626,8969,
2627,2627,5093,
2628,2628,6183,
2629,2629,9952,
2630,2630,2911,
2631,2631,2248,
2632,2632,9601,
2633,2633,9316,
2634,2634,8432,
2635,2635,6265,
2636,2636,4966,
2637,2637,5230,
2638,2638,2073,
2639,2639,9451,
2640,2640,3825,
2641,2641,8370,
2642,2642,8832,
2643,2643,3649,
2644,2644,9298,
2645,2645,6829,
2646,2646,4988,
2647,2647,6776,
2648,2648,4060,
2649,2649,6310,
2650,2650,7321,
2651,2651,3989,
2652,2652,9265,
2653,2653,5635,
2654,2654,7012,
2655,2655,1885,
2656,2656,8275,
2657,2657,2719,
2658,2658,2450,
2659,2659,3204,
2660,2660,5320,
2661,2661,4125,
2662,2662,2277,
2663,2663,5459,
2664,2664,9591,
2665,2665,9980,
2666,2666,8866,
2667,2667,4824,
2668,2668,5440,
2669,2669,7330,
2670,2670,4918,
2671,2671,5804,
2672,2672,1817,
2673,2673,7159,
2674,2674,4427,
2675,2675,5155,
2676,2676,5783,
2677,2677,9524,
2678,2678,4597,
2679,2679,9919,
2680,2680,6396,
2681,2681,8490,
2682,2682,2193,
2683,2683,8149,
2684,2684,9723,
2685,2685,8468,
2686,2686,8712,
2687,2687,7533,
2688,2688,9277,
2689,2689,6483,
2690,2690,8395,
2691,2691,6761,
2692,2692,4644,
2693,2693,7413,
2694,2694,3932,
2695,2695,9171,
2696,2696,1679,
2697,2697,9434,
2698,2698,2005,
2699,2699,7240,
2700,2700,9874,
2701,2701,8933,
2702,2702,3391,
2703,2703,9990,
2704,2704,5915,
2705,2705,9085,
2706,2706,2627,
2707,2707,3035,
2708,2708,3664,
2709,2709,1811,
2710,2710,1557,
2711,2711,6366,
2712,2712,8025,
2713,2713,8886,
2714,2714,5402,
2715,2715,6870,
2716,2716,3980,
2717,2717,9967,
2718,2718,3996,
2719,2719,6719,
2720,2720,6830,
2721,2721,8887,
2722,2722,8060,
2723,2723,5724,
2724,2724,7159,
2725,2725,2288,
2726,2726,5424,
2727,2727,1536,
2728,2728,1954,
2729,2729,5644,
2730,2730,7244,
2731,2731,4186,
2732,2732,2141,
2733,2733,2654,
2734,2734,4593,
2735,2735,9730,
2736,2736,9464,
2737,2737,4215,
2738,2738,8111,
2739,2739,2204,
2740,2740,4986,
2741,2741,8446,
2742,2742,2190,
2743,2743,2247,
2744,2744,5584,
2745,2745,8909,
2746,2746,2869,
2747,2747,2878,
2748,2748,6861,
2749,2749,8913,
2750,2750,5624,
2751,2751,8684,
2752,2752,3283,
2753,2753,1803,
2754,2754,2704,
2755,2755,5845,
2756,2756,8794,
2757,2757,8651,
2758,2758,4031,
2759,2759,1909,
2760,2760,7795,
2761,2761,9196,
2762,2762,3366,
2763,2763,7954,
2764,2764,9476,
2765,2765,4651,
2766,2766,2394,
2767,2767,7564,
2768,2768,6074,
2769,2769,4038,
2770,2770,5077,
2771,2771,4828,
2772,2772,1529,
2773,2773,5534,
2774,2774,2956,
2775,2775,3845,
2776,2776,4876,
2777,2777,8504,
2778,2778,7720,
2779,2779,3313,
2780,2780,6192,
2781,2781,4786,
2782,2782,6539,
2783,2783,5555,
2784,2784,3679,
2785,2785,2504,
2786,2786,5609,
2787,2787,5880,
2788,2788,7317,
2789,2789,8723,
2790,2790,2717,
2791,2791,7655,
2792,2792,2336,
2793,2793,4428,
2794,2794,8959,
2795,2795,9481,
2796,2796,3417,
2797,2797,2987,
2798,2798,6743,
2799,2799,5544,
2800,2800,7200,
2801,2801,8592,
2802,2802,4621,
2803,2803,1890,
2804,2804,4535,
2805,2805,6457,
2806,2806,3671,
2807,2807,6027,
2808,2808,4765,
2809,2809,7005,
2810,2810,1763,
2811,2811,4296,
2812,2812,8281,
2813,2813,3122,
2814,2814,2215,
2815,2815,5040,
2816,2816,4732,
2817,2817,9499,
2818,2818,4616,
2819,2819,3779,
2820,2820,3968,
2821,2821,4586,
2822,2822,5753,
2823,2823,9727,
2824,2824,9062,
2825,2825,8368,
2826,2826,5594,
2827,2827,2191,
2828,2828,6723,
2829,2829,9532,
2830,2830,6705,
2831,2831,9946,
2832,2832,2677,
2833,2833,4205,
2834,2834,2105,
2835,2835,8705,
2836,2836,2566,
2837,2837,3075,
2838,2838,5076,
2839,2839,3982,
2840,2840,9960,
2841,2841,6084,
2842,2842,7025,
2843,2843,7700,
2844,2844,9656,
2845,2845,2941,
2846,2846,4904,
2847,2847,3449,
2848,2848,5324,
2849,2849,9722,
2850,2850,4162,
2851,2851,2944,
2852,2852,8899,
2853,2853,2653,
2854,2854,5647,
2855,2855,2552,
2856,2856,8597,
2857,2857,2496,
2858,2858,2778,
2859,2859,2953,
2860,2860,6803,
2861,2861,9544,
2862,2862,7137,
2863,2863,1869,
2864,2864,9128,
2865,2865,6071,
2866,2866,3697,
2867,2867,3087,
2868,2868,4181,
2869,2869,8442,
2870,2870,8495,
2871,2871,1637,
2872,2872,3383,
2873,2873,7480,
2874,2874,9656,
2875,2875,8339,
2876,2876,5709,
2877,2877,1642,
2878,2878,2870,
2879,2879,5450,
2880,2880,9636,
2881,2881,3140,
2882,2882,9114,
2883,2883,6333,
2884,2884,7175,
2885,2885,6919,
2886,2886,6418,
2887,2887,4127,
2888,2888,7250,
2889,2889,9871,
2890,2890,2563,
2891,2891,9883,
2892,2892,5262,
2893,2893,9281,
2894,2894,5294,
2895,2895,8295,
2896,2896,2374,
2897,2897,4440,
2898,2898,5875,
2899,2899,2393,
2900,2900,3243,
2901,2901,6830,
2902,2902,6838,
2903,2903,4064,
2904,2904,2517,
2905,2905,2525,
2906,2906,6681,
2907,2907,9168,
2908,2908,2122,
2909,2909,7247,
2910,2910,2333,
2911,2911,5738,
2912,2912,6049,
2913,2913,6205,
2914,2914,6458,
2915,2915,9764,
2916,2916,1856,
2917,2917,5919,
2918,2918,3964,
2919,2919,4774,
2920,2920,8319,
2921,2921,6226,
2922,2922,3946,
2923,2923,2716,
2924,2924,2218,
2925,2925,3725,
2926,2926,1587,
2927,2927,3090,
2928,2928,3151,
2929,2929,4054,
2930,2930,4529,
2931,2931,8579,
2932,2932,5330,
2933,2933,6745,
2934,2934,6744,
2935,2935,3533,
2936,2936,7028,
2937,2937,4717,
2938,2938,4416,
2939,2939,8890,
2940,2940,2409,
2941,2941,2023,
2942,2942,3444,
2943,2943,6228,
2944,2944,1747,
2945,2945,8005,
2946,2946,7524,
2947,2947,7377,
2948,2948,5118,
2949,2949,4682,
2950,2950,9059,
2951,2951,7722,
2952,2952,4503,
2953,2953,4840,
2954,2954,9169,
2955,2955,7900,
2956,2956,9270,
2957,2957,7651,
2958,2958,2948,
2959,2959,2504,
2960,2960,4698,
2961,2961,9283,
2962,2962,5104,
2963,2963,1947,
2964,2964,7412,
2965,2965,2332,
2966,2966,6734,
2967,2967,3778,
2968,2968,6520,
2969,2969,3348,
2970,2970,2509,
2971,2971,9179,
2972,2972,1906,
2973,2973,7055,
2974,2974,6804,
2975,2975,7613,
2976,2976,5886,
2977,2977,8480,
2978,2978,5615,
2979,2979,2267,
2980,2980,7388,
2981,2981,5394,
2982,2982,5335,
2983,2983,7017,
2984,2984,7980,
2985,2985,5899,
2986,2986,8442,
2987,2987,8227,
2988,2988,5382,
2989,2989,4389,
2990,2990,4761,
2991,2991,2541,
2992,2992,6498,
2993,2993,7484,
2994,2994,3930,
2995,2995,7296,
2996,2996,5948,
2997,2997,3756,
2998,2998,8109,
2999,2999,7046,
3000,3000,9554,
3001,3001,1976,
3002,3002,7937,
3003,3003,6755,
3004,3004,4768,
3005,3005,3887,
3006,3006,7809,
3007,3007,3249,
3008,3008,4287,
3009,3009,2402,
3010,3010,7779,
3011,3011,2816,
3012,3012,9636,
3013,3013,8315,
3014,3014,7678,
3015,3015,2989,
3016,3016,2358,
3017,3017,5184,
3018,3018,5514,
3019,3019,2276,
3020,3020,9236,
3021,3021,8606,
3022,3022,9498,
3023,3023,2352,
3024,3024,8346,
3025,3025,8184,
3026,3026,8840,
3027,3027,2635,
3028,3028,4432,
3029,3029,4961,
3030,3030,9097,
3031,3031,5627,
3032,3032,6229,
3033,3033,6242,
3034,3034,2480,
3035,3035,8562,
3036,3036,2950,
3037,3037,8549,
3038,3038,1882,
3039,3039,6092,
3040,3040,3667,
3041,3041,4828,
3042,3042,4663,
3043,3043,5082,
3044,3044,8653,
3045,3045,9258,
3046,3046,5240,
3047,3047,3309,
3048,3048,3425,
3049,3049,4309,
3050,3050,9762,
3051,3051,8706,
3052,3052,6978,
3053,3053,2056,
3054,3054,7192,
3055,3055,9859,
3056,3056,8755,
3057,3057,6505,
3058,3058,7404,
3059,3059,8930,
3060,3060,5424,
3061,3061,3424,
3062,3062,3578,
3063,3063,3285,
3064,3064,7511,
3065,3065,7727,
3066,3066,7675,
3067,3067,1972,
3068,3068,3476,
3069,3069,6795,
3070,3070,9171,
3071,3071,9722,
3072,3072,5933,
3073,3073,9480,
3074,3074,1771,
3075,3075,7898,
3076,3076,9912,
3077,3077,1815,
3078,3078,6368,
3079,3079,2729,
3080,3080,2268,
3081,3081,5991,
3082,3082,2080,
3083,3083,7416,
3084,3084,7021,
3085,3085,3813,
3086,3086,4048,
3087,3087,8494,
3088,3088,5071,
3089,3089,4749,
3090,3090,4359,
3091,3091,9305,
3092,3092,5353,
3093,3093,4815,
3094,3094,5572,
3095,3095,6689,
3096,3096,9675,
3097,3097,4258,
3098,3098,6472,
3099,3099,5759,
3100,3100,8734,
3101,3101,4992,
3102,3102,2290,
3103,3103,3590,
3104,3104,7815,
3105,3105,8393,
3106,3106,8194,
3107,3107,9760,
3108,3108,6202,
3109,3109,5162,
3110,3110,1737,
3111,3111,7684,
3112,3112,3802,
3113,3113,5879,
3114,3114,5064,
3115,3115,8080,
3116,3116,6153,
3117,3117,6057,
3118,3118,2868,
3119,3119,3741,
3120,3120,2514,
3121,3121,4351,
3122,3122,6290,
3123,3123,1927,
3124,3124,3053,
3125,3125,4985,
3126,3126,7736,
3127,3127,9776,
3128,3128,6708,
3129,3129,4509,
3130,3130,7793,
3131,3131,5068,
3132,3132,2926,
3133,3133,5654,
3134,3134,2006,
3135,3135,8863,
3136,3136,8113,
3137,3137,7452,
3138,3138,4399,
3139,3139,2574,
3140,3140,3353,
3141,3141,3741,
3142,3142,7988,
3143,3143,9141,
3144,3144,2566,
3145,3145,4570,
3146,3146,8576,
3147,3147,4454,
3148,3148,8417,
3149,3149,5665,
3150,3150,8193,
3151,3151,1647,
3152,3152,1621,
3153,3153,2618,
3154,3154,3487,
3155,3155,9959,
3156,3156,9696,
3157,3157,9303,
3158,3158,9223,
3159,3159,3725,
3160,3160,5186,
3161,3161,9479,
3162,3162,3354,
3163,3163,1666,
3164,3164,3724,
3165,3165,8219,
3166,3166,7283,
3167,3167,8002,
3168,3168,3702,
3169,3169,3394,
3170,3170,2227,
3171,3171,3044,
3172,3172,2629,
3173,3173,3081,
3174,3174,7516,
3175,3175,6078,
3176,3176,7718,
3177,3177,3161,
3178,3178,2720,
3179,3179,4675,
3180,3180,6453,
3181,3181,7420,
3182,3182,2013,
3183,3183,7995,
3184,3184,4506,
3185,3185,5399,
3186,3186,8234,
3187,3187,9404,
3188,3188,8973,
3189,3189,8201,
3190,3190,9930,
3191,3191,2451,
3192,3192,8151,
3193,3193,3453,
3194,3194,4619,
3195,3195,3699,
3196,3196,9154,
3197,3197,5114,
3198,3198,6596,
3199,3199,8866,
3200,3200,1525,
3201,3201,9314,
3202,3202,5144,
3203,3203,9926,
3204,3204,8200,
3205,3205,8017,
3206,3206,3036,
3207,3207,3386,
3208,3208,8808,
3209,3209,7892,
3210,3210,7991,
3211,3211,2786,
3212,3212,4315,
3213,3213,8919,
3214,3214,4556,
3215,3215,8221,
3216,3216,9357,
3217,3217,9796,
3218,3218,7221,
3219,3219,6127,
3220,3220,4491,
3221,3221,2052,
3222,3222,7570,
3223,3223,7729,
3224,3224,5010,
3225,3225,6138,
3226,3226,6681,
3227,3227,6224,
3228,3228,9598,
3229,3229,7584,
3230,3230,3171,
3231,3231,8223,
3232,3232,2874,
3233,3233,6393,
3234,3234,4573,
3235,3235,8839,
3236,3236,9350,
3237,3237,2727,
3238,3238,4571,
3239,3239,4114,
3240,3240,7546,
3241,3241,5409,
3242,3242,5808,
3243,3243,9731,
3244,3244,4088,
3245,3245,9579,
3246,3246,7770,
3247,3247,9971,
3248,3248,9988,
3249,3249,6607,
3250,3250,6175,
3251,3251,1909,
3252,3252,1722,
3253,3253,5612,
3254,3254,6168,
3255,3255,9647,
3256,3256,8644,
3257,3257,4701,
3258,3258,9393,
3259,3259,5007,
3260,3260,9268,
3261,3261,6288,
3262,3262,3336,
3263,3263,3317,
3264,3264,7686,
3265,3265,5225,
3266,3266,5624,
3267,3267,2840,
3268,3268,3599,
3269,3269,4456,
3270,3270,5161,
3271,3271,2547,
3272,3272,7466,
3273,3273,5156,
3274,3274,8020,
3275,3275,9369,
3276,3276,3228,
3277,3277,3710,
3278,3278,6201,
3279,3279,9453,
3280,3280,9401,
3281,3281,6044,
3282,3282,1689,
3283,3283,4601,
3284,3284,7393,
3285,3285,2188,
3286,3286,1683,
3287,3287,6889,
3288,3288,1522,
3289,3289,7071,
3290,3290,1779,
3291,3291,5245,
3292,3292,4612,
3293,3293,7436,
3294,3294,9915,
3295,3295,8483,
3296,3296,9347,
3297,3297,5417,
3298,3298,2989,
3299,3299,3356,
3300,3300,8547,
3301,3301,2920,
3302,3302,2957,
3303,3303,4220,
3304,3304,7338,
3305,3305,2758,
3306,3306,5321,
3307,3307,6740,
3308,3308,9288,
3309,3309,8724,
3310,3310,7235,
3311,3311,1949,
3312,3312,9604,
3313,3313,8942,
3314,3314,8429,
3315,3315,5154,
3316,3316,4752,
3317,3317,2995,
3318,3318,8330,
3319,3319,4061,
3320,3320,1977,
3321,3321,8382,
3322,3322,6839,
3323,3323,2541,
3324,3324,7726,
3325,3325,4280,
3326,3326,3990,
3327,3327,5782,
3328,3328,5064,
3329,3329,2045,
3330,3330,2475,
3331,3331,3912,
3332,3332,5783,
3333,3333,5863,
3334,3334,5889,
3335,3335,2230,
3336,3336,2094,
3337,3337,8783,
3338,3338,9256,
3339,3339,6490,
3340,3340,2864,
3341,3341,4603,
3342,3342,4848,
3343,3343,4349,
3344,3344,5108,
3345,3345,3459,
3346,3346,9551,
3347,3347,7450,
3348,3348,2864,
3349,3349,7209,
3350,3350,2881,
3351,3351,5747,
3352,3352,6374,
3353,3353,5211,
3354,3354,7402,
3355,3355,7294,
3356,3356,2573,
3357,3357,3060,
3358,3358,5679,
3359,3359,4962,
3360,3360,8229,
3361,3361,6564,
3362,3362,4122,
3363,3363,4950,
3364,3364,7543,
3365,3365,2406,
3366,3366,6125,
3367,3367,3655,
3368,3368,3364,
3369,3369,9809,
3370,3370,4922,
3371,3371,7729,
3372,3372,3112,
3373,3373,2802,
3374,3374,3163,
3375,3375,3194,
3376,3376,9252,
3377,3377,4203,
3378,3378,9705,
3379,3379,4725,
3380,3380,8293,
3381,3381,6417,
3382,3382,2961,
3383,3383,8365,
3384,3384,4910,
3385,3385,7569,
3386,3386,4094,
3387,3387,3584,
3388,3388,9820,
3389,3389,1946,
3390,3390,4004,
3391,3391,8378,
3392,3392,5753,
3393,3393,5092,
3394,3394,2409,
3395,3395,5317,
3396,3396,9419,
3397,3397,5950,
3398,3398,3199,
3399,3399,8935,
3400,3400,4532,
3401,3401,1958,
3402,3402,3906,
3403,3403,9195,
3404,3404,8102,
3405,3405,4113,
3406,3406,2824,
3407,3407,7192,
3408,3408,9472,
3409,3409,6716,
3410,3410,5623,
3411,3411,2348,
3412,3412,9528,
3413,3413,6151,
3414,3414,9857,
3415,3415,6518,
3416,3416,6317,
3417,3417,1992,
3418,3418,4825,
3419,3419,1577,
3420,3420,1682,
3421,3421,4788,
3422,3422,7388,
3423,3423,7901,
3424,3424,7797,
3425,3425,7425,
3426,3426,7002,
3427,3427,9657,
3428,3428,4597,
3429,3429,6322,
3430,3430,3158,
3431,3431,4068,
3432,3432,1623,
3433,3433,5501,
3434,3434,2607,
3435,3435,9154,
3436,3436,4687,
3437,3437,6757,
3438,3438,2157,
3439,3439,9492,
3440,3440,3051,
3441,3441,2890,
3442,3442,6032,
3443,3443,2068,
3444,3444,4869,
3445,3445,9748,
3446,3446,9898,
3447,3447,9385,
3448,3448,8874,
3449,3449,4981,
3450,3450,5046,
3451,3451,1760,
3452,3452,9614,
3453,3453,9060,
3454,3454,4557,
3455,3455,1984,
3456,3456,9570,
3457,3457,2230,
3458,3458,2488,
3459,3459,5510,
3460,3460,9643,
3461,3461,8117,
3462,3462,4461,
3463,3463,1736,
3464,3464,9532,
3465,3465,5783,
3466,3466,2069,
3467,3467,7303,
3468,3468,2029,
3469,3469,8887,
3470,3470,8593,
3471,3471,9317,
3472,3472,8820,
3473,3473,2633,
3474,3474,2199,
3475,3475,2705,
3476,3476,8378,
3477,3477,7550,
3478,3478,9248,
3479,3479,5373,
3480,3480,3762,
3481,3481,5007,
3482,3482,2399,
3483,3483,7891,
3484,3484,4809,
3485,3485,2368,
3486,3486,3222,
3487,3487,9100,
3488,3488,5502,
3489,3489,2260,
3490,3490,7986,
3491,3491,8307,
3492,3492,6751,
3493,3493,8040,
3494,3494,7599,
3495,3495,2624,
3496,3496,7461,
3497,3497,2989,
3498,3498,7352,
3499,3499,8914,
3500,3500,9144,
3501,3501,2362,
3502,3502,8249,
3503,3503,8630,
3504,3504,4701,
3505,3505,7040,
3506,3506,5091,
3507,3507,8668,
3508,3508,5747,
3509,3509,5151,
3510,3510,7029,
3511,3511,2900,
3512,3512,5630,
3513,3513,5369,
3514,3514,7100,
3515,3515,2522,
3516,3516,8201,
3517,3517,8336,
3518,3518,5494,
3519,3519,7056,
3520,3520,2710,
3521,3521,6171,
3522,3522,7993,
3523,3523,3712,
3524,3524,4163,
3525,3525,7908,
3526,3526,1838,
3527,3527,7771,
3528,3528,2967,
3529,3529,1660,
3530,3530,7433,
3531,3531,5017,
3532,3532,4349,
3533,3533,9072,
3534,3534,4461,
3535,3535,2204,
3536,3536,7273,
3537,3537,8869,
3538,3538,5974,
3539,3539,9089,
3540,3540,1884,
3541,3541,5619,
3542,3542,5761,
3543,3543,2285,
3544,3544,3411,
3545,3545,5045,
3546,3546,5714,
3547,3547,4123,
3548,3548,8333,
3549,3549,1557,
3550,3550,3043,
3551,3551,4116,
3552,3552,2962,
3553,3553,4676,
3554,3554,9935,
3555,3555,9680,
3556,3556,5587,
3557,3557,9315,
3558,3558,6108,
3559,3559,1732,
3560,3560,6852,
3561,3561,5568,
3562,3562,5250,
3563,3563,9120,
3564,3564,5813,
3565,3565,9115,
3566,3566,2770,
3567,3567,9373,
3568,3568,3078,
3569,3569,8915,
3570,3570,5004,
3571,3571,5462,
3572,3572,9520,
3573,3573,2239,
3574,3574,9025,
3575,3575,5064,
3576,3576,5279,
3577,3577,5489,
3578,3578,8616,
3579,3579,6552,
3580,3580,7587,
3581,3581,2563,
3582,3582,8836,
3583,3583,2972,
3584,3584,5638,
3585,3585,6035,
3586,3586,5134,
3587,3587,3943,
3588,3588,7443,
3589,3589,9506,
3590,3590,2689,
3591,3591,2843,
3592,3592,5223,
3593,3593,3729,
3594,3594,5467,
3595,3595,7535,
3596,3596,2085,
3597,3597,1679,
3598,3598,4816,
3599,3599,2994,
3600,3600,1788,
3601,3601,6251,
3602,3602,7785,
3603,3603,4537,
3604,3604,2197,
3605,3605,8767,
3606,3606,5023,
3607,3607,4788,
3608,3608,5323,
3609,3609,7588,
3610,3610,4843,
3611,3611,4078,
3612,3612,7121,
3613,3613,4735,
3614,3614,6170,
3615,3615,2095,
3616,3616,1626,
3617,3617,2036,
3618,3618,8743,
3619,3619,2784,
3620,3620,8868,
3621,3621,3809,
3622,3622,6137,
3623,3623,6057,
3624,3624,7123,
3625,3625,4220,
3626,3626,4807,
3627,3627,2801,
3628,3628,2168,
3629,3629,2626,
3630,3630,7348,
3631,3631,7193,
3632,3632,7630,
3633,3633,4703,
3634,3634,8152,
3635,3635,9620,
3636,3636,5891,
3637,3637,7980,
3638,3638,3706,
3639,3639,5731,
3640,3640,6644,
3641,3641,3934,
3642,3642,6601,
3643,3643,1913,
3644,3644,7282,
3645,3645,4889,
3646,3646,2460,
3647,3647,9738,
3648,3648,1769,
3649,3649,8224,
3650,3650,5964,
3651,3651,7819,
3652,3652,9251,
3653,3653,8965,
3654,3654,7190,
3655,3655,5423,
3656,3656,3626,
3657,3657,6132,
3658,3658,6420,
3659,3659,4098,
3660,3660,7119,
3661,3661,4347,
3662,3662,5606,
3663,3663,2276,
3664,3664,5458,
3665,3665,9684,
3666,3666,1658,
3667,3667,6292,
3668,3668,9488,
3669,3669,4410,
3670,3670,2291,
3671,3671,4392,
3672,3672,5523,
3673,3673,9407,
3674,3674,2159,
3675,3675,7335,
3676,3676,1707,
3677,3677,9790,
3678,3678,9931,
3679,3679,5628,
3680,3680,7736,
3681,3681,9118,
3682,3682,4562,
3683,3683,2821,
3684,3684,9046,
3685,3685,1708,
3686,3686,6457,
3687,3687,4610,
3688,3688,2353,
3689,3689,1721,
3690,3690,1924,
3691,3691,8213,
3692,3692,6645,
3693,3693,3220,
3694,3694,5013,
3695,3695,4118,
3696,3696,8070,
3697,3697,3088,
3698,3698,4186,
3699,3699,9953,
3700,3700,5135,
3701,3701,4003,
3702,3702,3383,
3703,3703,3303,
3704,3704,4787,
3705,3705,4662,
3706,3706,4360,
3707,3707,6678,
3708,3708,6082,
3709,3709,9200,
3710,3710,4222,
3711,3711,9485,
3712,3712,7579,
3713,3713,8678,
3714,3714,6762,
3715,3715,8515,
3716,3716,6135,
3717,3717,6557,
3718,3718,1509,
3719,3719,4973,
3720,3720,6361,
3721,3721,7413,
3722,3722,3445,
3723,3723,2423,
3724,3724,8302,
3725,3725,5880,
3726,3726,2931,
3727,3727,3641,
3728,3728,5943,
3729,3729,5260,
3730,3730,3263,
3731,3731,2117,
3732,3732,9283,
3733,3733,9922,
3734,3734,8940,
3735,3735,7754,
3736,3736,3981,
3737,3737,2324,
3738,3738,2960,
3739,3739,8205,
3740,3740,4052,
3741,3741,9550,
3742,3742,4283,
3743,3743,3397,
3744,3744,6150,
3745,3745,9915,
3746,3746,6678,
3747,3747,3589,
3748,3748,9970,
3749,3749,2384,
3750,3750,7575,
3751,3751,6202,
3752,3752,4149,
3753,3753,5161,
3754,3754,5001,
3755,3755,5538,
3756,3756,4496,
3757,3757,9101,
3758,3758,5975,
3759,3759,8854,
3760,3760,7722,
3761,3761,7892,
3762,3762,2559,
3763,3763,7414,
3764,3764,5118,
3765,3765,2745,
3766,3766,2945,
3767,3767,7364,
3768,3768,9690,
3769,3769,8357,
3770,3770,6128,
3771,3771,8116,
3772,3772,3754,
3773,3773,1524,
3774,3774,1782,
3775,3775,9642,
3776,3776,8261,
3777,3777,9144,
3778,3778,1522,
3779,3779,8220,
3780,3780,5965,
3781,3781,3290,
3782,3782,8941,
3783,3783,5692,
3784,3784,6524,
3785,3785,8825,
3786,3786,7238,
3787,3787,8276,
3788,3788,2966,
3789,3789,7301,
3790,3790,7060,
3791,3791,9795,
3792,3792,8386,
3793,3793,9305,
3794,3794,1671,
3795,3795,1733,
3796,3796,5020,
3797,3797,4121,
3798,3798,9173,
3799,3799,3612,
3800,3800,8101,
3801,3801,6263,
3802,3802,6774,
3803,3803,6369,
3804,3804,4322,
3805,3805,1579,
3806,3806,6843,
3807,3807,5359,
3808,3808,4706,
3809,3809,8763,
3810,3810,6984,
3811,3811,2802,
3812,3812,6570,
3813,3813,1589,
3814,3814,9522,
3815,3815,5899,
3816,3816,9450,
3817,3817,8996,
3818,3818,9282,
3819,3819,2504,
3820,3820,8708,
3821,3821,5471,
3822,3822,6411,
3823,3823,4011,
3824,3824,2351,
3825,3825,5056,
3826,3826,3680,
3827,3827,2896,
3828,3828,3047,
3829,3829,3455,
3830,3830,9830,
3831,3831,6249,
3832,3832,5322,
3833,3833,2957,
3834,3834,9718,
3835,3835,4653,
3836,3836,6311,
3837,3837,7118,
3838,3838,3999,
3839,3839,8707,
3840,3840,6649,
3841,3841,1559,
3842,3842,7615,
3843,3843,3799,
3844,3844,2861,
3845,3845,4559,
3846,3846,5692,
3847,3847,3488,
3848,3848,3447,
3849,3849,9142,
3850,3850,2205,
3851,3851,2869,
3852,3852,9868,
3853,3853,7854,
3854,3854,2874,
3855,3855,5971,
3856,3856,5782,
3857,3857,9826,
3858,3858,3936,
3859,3859,6339,
3860,3860,5793,
3861,3861,7603,
3862,3862,5727,
3863,3863,2145,
3864,3864,3894,
3865,3865,7637,
3866,3866,5704,
3867,3867,9645,
3868,3868,4932,
3869,3869,4450,
3870,3870,4806,
3871,3871,5304,
3872,3872,2350,
3873,3873,8320,
3874,3874,5251,
3875,3875,7511,
3876,3876,8525,
3877,3877,7967,
3878,3878,9575,
3879,3879,1665,
3880,3880,7811,
3881,3881,8806,
3882,3882,6129,
3883,3883,5302,
3884,3884,9013,
3885,3885,8034,
3886,3886,4857,
3887,3887,8929,
3888,3888,6427,
3889,3889,4999,
3890,3890,3757,
3891,3891,9739,
3892,3892,8135,
3893,3893,4883,
3894,3894,2878,
3895,3895,5787,
3896,3896,5737,
3897,3897,5470,
3898,3898,8160,
3899,3899,5108,
3900,3900,5890,
3901,3901,4027,
3902,3902,7495,
3903,3903,6331,
3904,3904,5907,
3905,3905,8675,
3906,3906,1500,
3907,3907,8028,
3908,3908,6817,
3909,3909,6717,
3910,3910,3100,
3911,3911,4589,
3912,3912,6858,
3913,3913,4570,
3914,3914,9711,
3915,3915,9385,
3916,3916,2447,
3917,3917,2953,
3918,3918,9005,
3919,3919,4365,
3920,3920,2449,
3921,3921,4718,
3922,3922,6706,
3923,3923,9811,
3924,3924,2495,
3925,3925,7279,
3926,3926,6204,
3927,3927,8587,
3928,3928,5925,
3929,3929,4172,
3930,3930,9502,
3931,3931,8455,
3932,3932,8880,
3933,3933,6663,
3934,3934,7213,
3935,3935,4735,
3936,3936,6837,
3937,3937,4765,
3938,3938,7385,
3939,3939,5346,
3940,3940,6732,
3941,3941,1598,
3942,3942,6629,
3943,3943,7784,
3944,3944,4055,
3945,3945,7908,
3946,3946,8459,
3947,3947,9103,
3948,3948,7984,
3949,3949,9299,
3950,3950,9103,
3951,3951,2996,
3952,3952,4599,
3953,3953,6580,
3954,3954,6374,
3955,3955,4135,
3956,3956,2427,
3957,3957,4699,
3958,3958,3299,
3959,3959,3363,
3960,3960,7680,
3961,3961,3901,
3962,3962,2952,
3963,3963,1611,
3964,3964,5288,
3965,3965,7658,
3966,3966,5894,
3967,3967,8680,
3968,3968,5738,
3969,3969,9778,
3970,3970,8102,
3971,3971,7341,
3972,3972,6058,
3973,3973,3597,
3974,3974,9278,
3975,3975,2696,
3976,3976,4908,
3977,3977,9045,
3978,3978,7352,
3979,3979,9037,
3980,3980,9882,
3981,3981,6114,
3982,3982,6706,
3983,3983,5764,
3984,3984,5193,
3985,3985,5199,
3986,3986,8000,
3987,3987,8038,
3988,3988,1906,
3989,3989,5663,
3990,3990,7325,
3991,3991,6377,
3992,3992,6367,
3993,3993,8558,
3994,3994,5270,
3995,3995,2883,
3996,3996,3843,
3997,3997,4894,
3998,3998,3571,
3999,3999,3001,
4000,4000,4746,
4001,4001,7124,
4002,4002,9800,
4003,4003,3537,
4004,4004,6155,
4005,4005,8566,
4006,4006,2394,
4007,4007,3962,
4008,4008,2716,
4009,4009,8898,
4010,4010,6520,
4011,4011,6310,
4012,4012,3946,
4013,4013,2194,
4014,4014,4571,
4015,4015,6669,
4016,4016,6553,
4017,4017,9974,
4018,4018,7942,
4019,4019,1751,
4020,4020,6428,
4021,4021,2274,
4022,4022,8570,
4023,4023,8817,
4024,4024,4960,
4025,4025,1748,
4026,4026,7942,
4027,4027,4500,
4028,4028,7054,
4029,4029,8678,
4030,4030,7701,
4031,4031,9511,
4032,4032,9581,
4033,4033,9287,
4034,4034,3617,
4035,4035,4362,
4036,4036,9751,
4037,4037,3108,
4038,4038,8716,
4039,4039,6043,
4040,4040,5717,
4041,4041,3180,
4042,4042,6808,
4043,4043,6464,
4044,4044,1818,
4045,4045,1502,
4046,4046,6620,
4047,4047,7399,
4048,4048,5418,
4049,4049,2367,
4050,4050,6370,
4051,4051,4369,
4052,4052,9016,
4053,4053,7235,
4054,4054,7363,
4055,4055,7610,
4056,4056,4296,
4057,4057,8712,
4058,4058,9644,
4059,4059,4471,
4060,4060,8937,
4061,4061,5786,
4062,4062,9932,
4063,4063,9512,
4064,4064,9732,
4065,4065,3808,
4066,4066,9113,
4067,4067,5026,
4068,4068,5561,
4069,4069,7058,
4070,4070,3830,
4071,4071,7367,
4072,4072,6064,
4073,4073,1673,
4074,4074,8240,
4075,4075,5025,
4076,4076,2964,
4077,4077,1986,
4078,4078,1918,
4079,4079,8101,
4080,4080,4572,
4081,4081,6378,
4082,4082,2588,
4083,4083,5004,
4084,4084,7826,
4085,4085,2591,
4086,4086,9905,
4087,4087,6872,
4088,4088,7480,
4089,4089,6468,
4090,4090,8646,
4091,4091,3855,
4092,4092,9352,
4093,4093,5648,
4094,4094,9307,
4095,4095,1814,
4096,4096,7420,
4097,4097,4761,
4098,4098,4709,
4099,4099,3110,
4100,4100,3769,
4101,4101,7659,
4102,4102,9393,
4103,4103,8929,
4104,4104,6288,
4105,4105,2295,
4106,4106,5186,
4107,4107,8187,
4108,4108,9932,
4109,4109,3542,
4110,4110,9568,
4111,4111,4845,
4112,4112,7512,
4113,4113,5342,
4114,4114,6276,
4115,4115,4895,
4116,4116,9177,
4117,4117,4798,
4118,4118,7144,
4119,4119,5162,
4120,4120,8861,
4121,4121,8720,
4122,4122,1734,
4123,4123,7246,
4124,4124,2981,
4125,4125,2847,
4126,4126,8567,
4127,4127,6819,
4128,4128,5823,
4129,4129,9282,
4130,4130,1576,
4131,4131,5949,
4132,4132,3716,
4133,4133,7204,
4134,4134,1799,
4135,4135,3214,
4136,4136,2821,
4137,4137,6647,
4138,4138,9284,
4139,4139,3940,
4140,4140,9690,
4141,4141,3015,
4142,4142,4721,
4143,4143,2160,
4144,4144,7532,
4145,4145,5115,
4146,4146,8722,
4147,4147,7146,
4148,4148,9358,
4149,4149,3081,
4150,4150,8441,
4151,4151,2082,
4152,4152,4710,
4153,4153,8570,
4154,4154,5408,
4155,4155,5616,
4156,4156,3607,
4157,4157,9844,
4158,4158,7709,
4159,4159,4179,
4160,4160,8150,
4161,4161,1830,
4162,4162,5943,
4163,4163,5120,
4164,4164,8289,
4165,4165,2396,
4166,4166,2180,
4167,4167,4141,
4168,4168,8769,
4169,4169,1860,
4170,4170,2225,
4171,4171,2373,
4172,4172,6370,
4173,4173,2443,
4174,4174,6000,
4175,4175,5170,
4176,4176,6223,
4177,4177,2057,
4178,4178,9378,
4179,4179,3630,
4180,4180,4023,
4181,4181,3562,
4182,4182,2710,
4183,4183,4185,
4184,4184,3100,
4185,4185,8931,
4186,4186,4759,
4187,4187,2784,
4188,4188,5150,
4189,4189,3696,
4190,4190,2899,
4191,4191,9410,
4192,4192,9745,
4193,4193,8894,
4194,4194,2996,
4195,4195,5699,
4196,4196,6498,
4197,4197,9385,
4198,4198,4801,
4199,4199,5490,
4200,4200,3553,
4201,4201,7189,
4202,4202,2239,
4203,4203,6937,
4204,4204,4382,
4205,4205,6757,
4206,4206,3844,
4207,4207,2843,
4208,4208,9725,
4209,4209,5032,
4210,4210,6899,
4211,4211,4039,
4212,4212,9927,
4213,4213,5380,
4214,4214,3627,
4215,4215,5166,
4216,4216,5879,
4217,4217,3323,
4218,4218,2912,
4219,4219,2515,
4220,4220,1975,
4221,4221,5433,
4222,4222,4525,
4223,4223,8213,
4224,4224,3871,
4225,4225,3540,
4226,4226,8963,
4227,4227,9511,
4228,4228,6337,
4229,4229,3151,
4230,4230,7120,
4231,4231,3312,
4232,4232,3699,
4233,4233,6756,
4234,4234,2818,
4235,4235,6962,
4236,4236,4535,
4237,4237,9042,
4238,4238,6353,
4239,4239,2397,
4240,4240,7638,
4241,4241,7194,
4242,4242,5748,
4243,4243,4568,
4244,4244,2456,
4245,4245,1541,
4246,4246,5289,
4247,4247,1659,
4248,4248,5384,
4249,4249,3626,
4250,4250,1583,
4251,4251,6247,
4252,4252,4601,
4253,4253,5280,
4254,4254,7200,
4255,4255,7149,
4256,4256,5884,
4257,4257,4583,
4258,4258,3347,
4259,4259,9863,
4260,4260,1858,
4261,4261,8700,
4262,4262,6182,
4263,4263,4651,
4264,4264,2492,
4265,4265,2018,
4266,4266,2898,
4267,4267,4341,
4268,4268,6180,
4269,4269,6030,
4270,4270,4956,
4271,4271,7092,
4272,4272,6074,
4273,4273,1578,
4274,4274,2771,
4275,4275,5921,
4276,4276,4309,
4277,4277,7506,
4278,4278,9955,
4279,4279,6647,
4280,4280,9061,
4281,4281,8156,
4282,4282,8469,
4283,4283,6903,
4284,4284,5827,
4285,4285,2501,
4286,4286,1814,
4287,4287,3839,
4288,4288,7184,
4289,4289,2260,
4290,4290,2205,
4291,4291,8838,
4292,4292,9277,
4293,4293,6849,
4294,4294,9650,
4295,4295,9453,
4296,4296,6968,
4297,4297,5355,
4298,4298,8874,
4299,4299,9538,
4300,4300,6065,
4301,4301,4987,
4302,4302,2421,
4303,4303,7671,
4304,4304,1819,
4305,4305,2680,
4306,4306,5051,
4307,4307,5155,
4308,4308,4502,
4309,4309,9023,
4310,4310,8205,
4311,4311,9048,
4312,4312,6864,
4313,4313,9301,
4314,4314,5393,
4315,4315,9349,
4316,4316,3816,
4317,4317,3002,
4318,4318,7438,
4319,4319,4379,
4320,4320,8393,
4321,4321,9263,
4322,4322,9196,
4323,4323,3979,
4324,4324,3406,
4325,4325,5841,
4326,4326,9346,
4327,4327,5511,
4328,4328,4401,
4329,4329,1664,
4330,4330,2730,
4331,4331,5019,
4332,4332,6965,
4333,4333,9842,
4334,4334,6088,
4335,4335,5849,
4336,4336,1817,
4337,4337,1590,
4338,4338,6449,
4339,4339,4921,
4340,4340,6417,
4341,4341,9985,
4342,4342,1897,
4343,4343,6832,
4344,4344,9777,
4345,4345,5652,
4346,4346,3416,
4347,4347,1830,
4348,4348,3027,
4349,4349,7901,
4350,4350,5841,
4351,4351,1663,
4352,4352,7484,
4353,4353,8476,
4354,4354,9913,
4355,4355,7331,
4356,4356,2193,
4357,4357,6265,
4358,4358,8809,
4359,4359,9272,
4360,4360,6572,
4361,4361,3492,
4362,4362,3043,
4363,4363,4055,
4364,4364,6388,
4365,4365,7929,
4366,4366,4786,
4367,4367,6116,
4368,4368,4333,
4369,4369,7956,
4370,4370,3926,
4371,4371,2906,
4372,4372,4620,
4373,4373,8322,
4374,4374,4883,
4375,4375,2059,
4376,4376,6235,
4377,4377,7437,
4378,4378,4542,
4379,4379,9109,
4380,4380,6939,
4381,4381,8840,
4382,4382,8649,
4383,4383,1812,
4384,4384,9172,
4385,4385,9601,
4386,4386,5990,
4387,4387,2123,
4388,4388,1995,
4389,4389,8942,
4390,4390,4193,
4391,4391,6943,
4392,4392,9991,
4393,4393,2731,
4394,4394,8432,
4395,4395,2057,
4396,4396,8969,
4397,4397,3860,
4398,4398,5821,
4399,4399,1962,
4400,4400,6347,
4401,4401,4331,
4402,4402,3430,
4403,4403,8002,
4404,4404,2944,
4405,4405,4017,
4406,4406,2542,
4407,4407,1610,
4408,4408,9810,
4409,4409,6412,
4410,4410,1981,
4411,4411,1507,
4412,4412,8062,
4413,4413,3674,
4414,4414,8919,
4415,4415,5046,
4416,4416,5004,
4417,4417,8918,
4418,4418,2006,
4419,4419,2799,
4420,4420,2254,
4421,4421,5431,
4422,4422,3273,
4423,4423,6962,
4424,4424,3021,
4425,4425,1888,
4426,4426,8577,
4427,4427,6858,
4428,4428,4714,
4429,4429,9440,
4430,4430,8293,
4431,4431,5368,
4432,4432,2376,
4433,4433,2086,
4434,4434,4063,
4435,4435,5792,
4436,4436,1628,
4437,4437,9491,
4438,4438,8440,
4439,4439,8202,
4440,4440,3076,
4441,4441,7442,
4442,4442,3001,
4443,4443,3775,
4444,4444,6247,
4445,4445,8098,
4446,4446,4725,
4447,4447,3681,
4448,4448,9294,
4449,4449,8375,
4450,4450,4593,
4451,4451,2135,
4452,4452,2478,
4453,4453,9137,
4454,4454,1904,
4455,4455,2914,
4456,4456,9143,
4457,4457,5449,
4458,4458,8198,
4459,4459,6433,
4460,4460,7230,
4461,4461,2474,
4462,4462,1840,
4463,4463,9828,
4464,4464,1719,
4465,4465,2693,
4466,4466,1596,
4467,4467,6490,
4468,4468,2416,
4469,4469,6490,
4470,4470,5178,
4471,4471,3245,
4472,4472,9406,
4473,4473,6328,
4474,4474,3511,
4475,4475,2410,
4476,4476,1519,
4477,4477,9771,
4478,4478,7800,
4479,4479,3555,
4480,4480,7160,
4481,4481,7760,
4482,4482,7075,
4483,4483,2972,
4484,4484,6774,
4485,4485,9989,
4486,4486,9838,
4487,4487,5875,
4488,4488,1509,
4489,4489,1840,
4490,4490,1842,
4491,4491,3151,
4492,4492,6273,
4493,4493,3076,
4494,4494,7402,
4495,4495,3541,
4496,4496,4736,
4497,4497,7777,
4498,4498,7339,
4499,4499,6639,
4500,4500,3571,
4501,4501,1985,
4502,4502,8040,
4503,4503,5420,
4504,4504,3277,
4505,4505,3733,
4506,4506,7477,
4507,4507,6816,
4508,4508,6995,
4509,4509,8200,
4510,4510,5630,
4511,4511,9334,
4512,4512,2945,
4513,4513,4417,
4514,4514,9104,
4515,4515,8027,
4516,4516,4030,
4517,4517,6387,
4518,4518,4428,
4519,4519,4871,
4520,4520,7821,
4521,4521,8868,
4522,4522,9840,
4523,4523,5921,
4524,4524,4107,
4525,4525,2875,
4526,4526,3048,
4527,4527,7976,
4528,4528,8705,
4529,4529,4575,
4530,4530,2780,
4531,4531,5453,
4532,4532,6490,
4533,4533,3654,
4534,4534,5333,
4535,4535,3358,
4536,4536,5128,
4537,4537,9892,
4538,4538,7749,
4539,4539,4332,
4540,4540,2819,
4541,4541,3126,
4542,4542,5952,
4543,4543,5177,
4544,4544,1519,
4545,4545,5017,
4546,4546,3685,
4547,4547,4441,
4548,4548,3032,
4549,4549,1547,
4550,4550,6920,
4551,4551,8886,
4552,4552,3298,
4553,4553,4198,
4554,4554,8942,
4555,4555,7169,
4556,4556,7363,
4557,4557,9106,
4558,4558,5624,
4559,4559,7103,
4560,4560,5349,
4561,4561,6975,
4562,4562,7006,
4563,4563,3109,
4564,4564,4034,
4565,4565,9784,
4566,4566,8715,
4567,4567,3741,
4568,4568,7418,
4569,4569,6405,
4570,4570,9362,
4571,4571,4515,
4572,4572,6302,
4573,4573,3261,
4574,4574,2693,
4575,4575,2152,
4576,4576,6231,
4577,4577,4892,
4578,4578,4240,
4579,4579,8522,
4580,4580,2011,
4581,4581,8017,
4582,4582,4898,
4583,4583,3899,
4584,4584,4939,
4585,4585,8936,
4586,4586,7636,
4587,4587,8667,
4588,4588,5692,
4589,4589,6317,
4590,4590,2489,
4591,4591,8661,
4592,4592,7693,
4593,4593,9533,
4594,4594,5531,
4595,4595,5382,
4596,4596,2023,
4597,4597,6624,
4598,4598,9098,
4599,4599,5231,
4600,4600,6127,
4601,4601,2833,
4602,4602,5155,
4603,4603,3164,
4604,4604,3823,
4605,4605,8952,
4606,4606,7280,
4607,4607,9858,
4608,4608,6743,
4609,4609,4363,
4610,4610,6796,
4611,4611,7212,
4612,4612,5427,
4613,4613,2148,
4614,4614,5251,
4615,4615,3019,
4616,4616,1986,
4617,4617,3241,
4618,4618,5700,
4619,4619,5663,
4620,4620,9355,
4621,4621,9832,
4622,4622,3067,
4623,4623,4445,
4624,4624,3154,
4625,4625,8327,
4626,4626,7708,
4627,4627,1828,
4628,4628,2233,
4629,4629,7570,
4630,4630,2710,
4631,4631,5266,
4632,4632,2430,
4633,4633,6671,
4634,4634,5581,
4635,4635,4389,
4636,4636,3856,
4637,4637,6122,
4638,4638,4439,
4639,4639,6656,
4640,4640,6437,
4641,4641,7810,
4642,4642,3480,
4643,4643,4590,
4644,4644,1983,
4645,4645,5500,
4646,4646,8233,
4647,4647,5147,
4648,4648,3566,
4649,4649,3918,
4650,4650,6894,
4651,4651,7548,
4652,4652,8369,
4653,4653,7455,
4654,4654,8880,
4655,4655,5110,
4656,4656,5177,
4657,4657,5728,
4658,4658,8954,
4659,4659,3378,
4660,4660,9622,
4661,4661,8917,
4662,4662,7192,
4663,4663,4573,
4664,4664,5913,
4665,4665,2934,
4666,4666,5353,
4667,4667,4976,
4668,4668,6258,
4669,4669,1757,
4670,4670,8144,
4671,4671,2964,
4672,4672,7442,
4673,4673,5648,
4674,4674,8810,
4675,4675,1567,
4676,4676,8981,
4677,4677,3489,
4678,4678,4383,
4679,4679,8698,
4680,4680,2618,
4681,4681,6074,
4682,4682,4923,
4683,4683,3566,
4684,4684,8256,
4685,4685,2099,
4686,4686,2182,
4687,4687,5886,
4688,4688,5997,
4689,4689,4058,
4690,4690,8416,
4691,4691,8608,
4692,4692,8075,
4693,4693,4762,
4694,4694,3642,
4695,4695,9565,
4696,4696,8638,
4697,4697,7008,
4698,4698,6652,
4699,4699,8429,
4700,4700,3459,
4701,4701,2558,
4702,4702,4310,
4703,4703,5628,
4704,4704,7948,
4705,4705,6251,
4706,4706,1511,
4707,4707,6436,
4708,4708,6825,
4709,4709,9320,
4710,4710,4614,
4711,4711,4516,
4712,4712,9228,
4713,4713,8288,
4714,4714,5177,
4715,4715,9988,
4716,4716,4400,
4717,4717,2200,
4718,4718,8685,
4719,4719,4561,
4720,4720,9325,
4721,4721,4457,
4722,4722,9464,
4723,4723,8857,
4724,4724,3521,
4725,4725,5385,
4726,4726,4583,
4727,4727,2171,
4728,4728,9611,
4729,4729,3984,
4730,4730,7800,
4731,4731,9723,
4732,4732,9337,
4733,4733,7552,
4734,4734,6133,
4735,4735,6999,
4736,4736,3586,
4737,4737,8186,
4738,4738,3207,
4739,4739,6239,
4740,4740,5163,
4741,4741,2868,
4742,4742,4777,
4743,4743,6898,
4744,4744,3248,
4745,4745,6202,
4746,4746,5435,
4747,4747,4259,
4748,4748,2472,
4749,4749,1719,
4750,4750,5142,
4751,4751,6938,
4752,4752,6290,
4753,4753,9674,
4754,4754,4011,
4755,4755,5383,
4756,4756,2948,
4757,4757,4058,
4758,4758,7331,
4759,4759,4892,
4760,4760,1739,
4761,4761,1646,
4762,4762,2998,
4763,4763,9665,
4764,4764,2412,
4765,4765,3902,
4766,4766,7141,
4767,4767,5675,
4768,4768,7944,
4769,4769,3533,
4770,4770,6918,
4771,4771,4420,
4772,4772,4252,
4773,4773,9476,
4774,4774,6943,
4775,4775,6654,
4776,4776,6252,
4777,4777,8595,
4778,4778,8336,
4779,4779,6081,
4780,4780,6857,
4781,4781,8554,
4782,4782,9919,
4783,4783,8689,
4784,4784,2748,
4785,4785,5133,
4786,4786,3398,
4787,4787,8467,
4788,4788,3012,
4789,4789,1896,
4790,4790,5146,
4791,4791,1900,
4792,4792,2003,
4793,4793,3282,
4794,4794,5824,
4795,4795,4966,
4796,4796,4215,
4797,4797,7699,
4798,4798,7353,
4799,4799,9217,
4800,4800,9357,
4801,4801,5633,
4802,4802,8555,
4803,4803,7301,
4804,4804,5405,
4805,4805,2202,
4806,4806,9127,
4807,4807,6697,
4808,4808,2740,
4809,4809,2882,
4810,4810,3963,
4811,4811,9171,
4812,4812,3144,
4813,4813,6723,
4814,4814,9936,
4815,4815,4679,
4816,4816,5542,
4817,4817,5127,
4818,4818,3803,
4819,4819,3375,
4820,4820,4771,
4821,4821,1814,
4822,4822,3777,
4823,4823,3143,
4824,4824,1773,
4825,4825,2441,
4826,4826,7334,
4827,4827,6496,
4828,4828,7951,
4829,4829,4681,
4830,4830,5431,
4831,4831,5375,
4832,4832,3869,
4833,4833,7632,
4834,4834,6624,
4835,4835,9759,
4836,4836,9691,
4837,4837,8230,
4838,4838,5536,
4839,4839,4747,
4840,4840,9382,
4841,4841,6729,
4842,4842,4414,
4843,4843,5737,
4844,4844,3805,
4845,4845,7169,
4846,4846,7614,
4847,4847,2861,
4848,4848,3433,
4849,4849,7184,
4850,4850,9308,
4851,4851,3057,
4852,4852,1577,
4853,4853,8990,
4854,4854,5950,
4855,4855,2293,
4856,4856,6708,
4857,4857,7239,
4858,4858,3675,
4859,4859,6383,
4860,4860,2925,
4861,4861,4575,
4862,4862,3886,
4863,4863,9849,
4864,4864,2618,
4865,4865,7728,
4866,4866,9817,
4867,4867,7086,
4868,4868,5364,
4869,4869,8890,
4870,4870,2896,
4871,4871,7315,
4872,4872,2906,
4873,4873,5657,
4874,4874,5219,
4875,4875,5873,
4876,4876,5280,
4877,4877,9098,
4878,4878,1534,
4879,4879,2873,
4880,4880,2381,
4881,4881,3554,
4882,4882,3456,
4883,4883,6242,
4884,4884,7423,
4885,4885,7996,
4886,4886,5559,
4887,4887,9644,
4888,4888,9224,
4889,4889,7242,
4890,4890,7580,
4891,4891,3550,
4892,4892,7471,
4893,4893,7952,
4894,4894,8104,
4895,4895,3835,
4896,4896,7114,
4897,4897,7837,
4898,4898,7978,
4899,4899,3795,
4900,4900,1666,
4901,4901,10000,
4902,4902,7727,
4903,4903,6988,
4904,4904,3531,
4905,4905,4711,
4906,4906,8174,
4907,4907,3344,
4908,4908,9543,
4909,4909,3945,
4910,4910,7254,
4911,4911,9888,
4912,4912,9095,
4913,4913,6234,
4914,4914,6411,
4915,4915,6784,
4916,4916,6832,
4917,4917,7824,
4918,4918,8959,
4919,4919,2545,
4920,4920,1942,
4921,4921,6237,
4922,4922,3160,
4923,4923,6511,
4924,4924,3513,
4925,4925,6542,
4926,4926,8523,
4927,4927,1857,
4928,4928,7338,
4929,4929,3726,
4930,4930,9341,
4931,4931,5199,
4932,4932,6318,
4933,4933,4827,
4934,4934,4428,
4935,4935,9158,
4936,4936,8446,
4937,4937,8384,
4938,4938,9861,
4939,4939,3882,
4940,4940,7429,
4941,4941,8830,
4942,4942,7991,
4943,4943,1930,
4944,4944,9404,
4945,4945,4894,
4946,4946,4813,
4947,4947,8099,
4948,4948,8285,
4949,4949,9255,
4950,4950,2867,
4951,4951,4995,
4952,4952,8267,
4953,4953,2502,
4954,4954,5665,
4955,4955,3787,
4956,4956,6423,
4957,4957,3404,
4958,4958,9065,
4959,4959,5980,
4960,4960,9138,
4961,4961,3254,
4962,4962,2553,
4963,4963,5615,
4964,4964,6720,
4965,4965,6290,
4966,4966,8679,
4967,4967,4423,
4968,4968,3691,
4969,4969,2512,
4970,4970,6796,
4971,4971,4146,
4972,4972,8226,
4973,4973,5879,
4974,4974,6739,
4975,4975,3725,
4976,4976,9443,
4977,4977,3293,
4978,4978,3186,
4979,4979,6096,
4980,4980,9633,
4981,4981,6888,
4982,4982,4895,
4983,4983,1571,
4984,4984,5744,
4985,4985,8235,
4986,4986,5324,
4987,4987,2627,
4988,4988,8476,
4989,4989,4947,
4990,4990,5092,
4991,4991,9489,
4992,4992,2285,
4993,4993,8058,
4994,4994,8734,
4995,4995,6129,
4996,4996,5949,
4997,4997,6927,
4998,4998,8429,
4999,4999,4379,
5000,5000,9058,
5001,5001,4438,
5002,5002,5152,
5003,5003,3211,
5004,5004,3606,
5005,5005,5609,
5006,5006,7563,
5007,5007,5564,
5008,5008,4607,
5009,5009,8726,
5010,5010,3358,
5011,5011,5754,
5012,5012,4505,
5013,5013,5678,
5014,5014,6645,
5015,5015,9619,
5016,5016,9289,
5017,5017,4732,
5018,5018,4949,
5019,5019,6901,
5020,5020,3428,
5021,5021,2173,
5022,5022,6371,
5023,5023,3991,
5024,5024,5636,
5025,5025,5146,
5026,5026,9355,
5027,5027,4016,
5028,5028,5418,
5029,5029,8909,
5030,5030,3059,
5031,5031,3708,
5032,5032,6838,
5033,5033,9187,
5034,5034,5273,
5035,5035,6205,
5036,5036,6964,
5037,5037,4925,
5038,5038,9938,
5039,5039,9609,
5040,5040,2630,
5041,5041,3389,
5042,5042,5842,
5043,5043,5965,
5044,5044,2266,
5045,5045,7323,
5046,5046,2848,
5047,5047,8098,
5048,5048,6837,
5049,5049,3346,
5050,5050,3844,
5051,5051,7101,
5052,5052,6692,
5053,5053,2306,
5054,5054,5436,
5055,5055,9328,
5056,5056,2934,
5057,5057,5081,
5058,5058,4507,
5059,5059,6658,
5060,5060,3721,
5061,5061,8838,
5062,5062,4677,
5063,5063,9253,
5064,5064,4315,
5065,5065,5651,
5066,5066,2192,
5067,5067,6352,
5068,5068,9212,
5069,5069,6202,
5070,5070,5274,
5071,5071,7381,
5072,5072,5215,
5073,5073,5941,
5074,5074,7355,
5075,5075,8022,
5076,5076,9333,
5077,5077,8222,
5078,5078,1886,
5079,5079,1856,
5080,5080,7856,
5081,5081,9878,
5082,5082,7005,
5083,5083,3985,
5084,5084,1948,
5085,5085,6703,
5086,5086,1609,
5087,5087,6088,
5088,5088,1628,
5089,5089,4166,
5090,5090,5900,
5091,5091,7767,
5092,5092,1660,
5093,5093,4071,
5094,5094,9073,
5095,5095,3239,
5096,5096,9449,
5097,5097,6588,
5098,5098,6560,
5099,5099,9956,
5100,5100,4091,
5101,5101,2818,
5102,5102,1513,
5103,5103,5731,
5104,5104,9893,
5105,5105,6281,
5106,5106,3961,
5107,5107,6808,
5108,5108,9680,
5109,5109,2501,
5110,5110,6802,
5111,5111,3475,
5112,5112,3724,
5113,5113,8476,
5114,5114,2998,
5115,5115,3273,
5116,5116,9446,
5117,5117,9895,
5118,5118,4069,
5119,5119,4204,
5120,5120,9703,
5121,5121,6723,
5122,5122,8386,
5123,5123,3552,
5124,5124,5574,
5125,5125,5284,
5126,5126,8648,
5127,5127,6828,
5128,5128,4179,
5129,5129,9469,
5130,5130,8473,
5131,5131,3928,
5132,5132,2516,
5133,5133,7931,
5134,5134,3374,
5135,5135,5558,
5136,5136,6755,
5137,5137,6904,
5138,5138,4124,
5139,5139,5373,
5140,5140,6319,
5141,5141,6456,
5142,5142,9216,
5143,5143,5875,
5144,5144,8774,
5145,5145,4062,
5146,5146,2564,
5147,5147,7551,
5148,5148,5819,
5149,5149,8232,
5150,5150,2000,
5151,5151,9228,
5152,5152,5948,
5153,5153,2848,
5154,5154,3375,
5155,5155,6612,
5156,5156,4908,
5157,5157,5382,
5158,5158,7556,
5159,5159,5975,
5160,5160,5926,
5161,5161,8707,
5162,5162,8274,
5163,5163,7199,
5164,5164,3332,
5165,5165,9120,
5166,5166,5009,
5167,5167,2120,
5168,5168,9424,
5169,5169,8592,
5170,5170,5115,
5171,5171,3075,
5172,5172,8310,
5173,5173,4204,
5174,5174,9622,
5175,5175,9937,
5176,5176,2799,
5177,5177,1967,
5178,5178,3520,
5179,5179,4857,
5180,5180,8470,
5181,5181,8969,
5182,5182,3865,
5183,5183,3188,
5184,5184,2690,
5185,5185,2006,
5186,5186,7831,
5187,5187,8913,
5188,5188,4850,
5189,5189,1736,
5190,5190,7437,
5191,5191,2637,
5192,5192,4786,
5193,5193,8274,
5194,5194,2993,
5195,5195,7822,
5196,5196,5755,
5197,5197,3703,
5198,5198,7316,
5199,5199,4674,
5200,5200,3401,
5201,5201,9346,
5202,5202,3334,
5203,5203,6925,
5204,5204,4044,
5205,5205,2504,
5206,5206,9196,
5207,5207,6743,
5208,5208,7896,
5209,5209,9983,
5210,5210,7079,
5211,5211,3573,
5212,5212,4721,
5213,5213,4325,
5214,5214,1659,
5215,5215,9370,
5216,5216,3343,
5217,5217,8407,
5218,5218,7254,
5219,5219,3177,
5220,5220,6739,
5221,5221,4999,
5222,5222,6641,
5223,5223,6436,
5224,5224,2033,
5225,5225,1501,
5226,5226,7382,
5227,5227,2013,
5228,5228,8377,
5229,5229,8341,
5230,5230,4885,
5231,5231,7951,
5232,5232,8273,
5233,5233,4742,
5234,5234,6036,
5235,5235,6591,
5236,5236,1925,
5237,5237,4815,
5238,5238,3191,
5239,5239,2525,
5240,5240,9482,
5241,5241,8224,
5242,5242,3662,
5243,5243,7313,
5244,5244,6203,
5245,5245,9231,
5246,5246,9735,
5247,5247,2037,
5248,5248,6195,
5249,5249,3214,
5250,5250,5709,
5251,5251,4597,
5252,5252,2840,
5253,5253,6060,
5254,5254,4652,
5255,5255,2192,
5256,5256,5274,
5257,5257,5277,
5258,5258,6383,
5259,5259,7423,
5260,5260,7825,
5261,5261,4841,
5262,5262,4076,
5263,5263,3014,
5264,5264,3337,
5265,5265,3295,
5266,5266,6762,
5267,5267,8085,
5268,5268,3213,
5269,5269,4911,
5270,5270,2202,
5271,5271,8681,
5272,5272,1534,
5273,5273,4663,
5274,5274,9172,
5275,5275,5828,
5276,5276,3570,
5277,5277,4586,
5278,5278,8319,
5279,5279,2497,
5280,5280,1855,
5281,5281,7351,
5282,5282,7949,
5283,5283,9571,
5284,5284,2972,
5285,5285,1842,
5286,5286,6638,
5287,5287,6511,
5288,5288,2678,
5289,5289,4188,
5290,5290,6117,
5291,5291,1635,
5292,5292,1564,
5293,5293,4352,
5294,5294,2869,
5295,5295,6213,
5296,5296,5230,
5297,5297,6217,
5298,5298,1654,
5299,5299,2953,
5300,5300,3454,
5301,5301,5028,
5302,5302,3903,
5303,5303,8092,
5304,5304,8464,
5305,5305,3665,
5306,5306,6892,
5307,5307,4874,
5308,5308,3067,
5309,5309,8045,
5310,5310,2226,
5311,5311,8853,
5312,5312,7438,
5313,5313,2792,
5314,5314,2432,
5315,5315,4283,
5316,5316,9776,
5317,5317,3755,
5318,5318,7621,
5319,5319,8307,
5320,5320,7354,
5321,5321,9281,
5322,5322,9895,
5323,5323,3161,
5324,5324,4669,
5325,5325,5639,
5326,5326,7664,
5327,5327,8339,
5328,5328,1963,
5329,5329,7282,
5330,5330,1705,
5331,5331,1569,
5332,5332,1760,
5333,5333,9367,
5334,5334,3540,
5335,5335,8691,
5336,5336,6504,
5337,5337,4651,
5338,5338,3031,
5339,5339,2765,
5340,5340,4979,
5341,5341,4211,
5342,5342,2128,
5343,5343,4262,
5344,5344,4273,
5345,5345,9387,
5346,5346,5883,
5347,5347,6737,
5348,5348,6039,
5349,5349,9081,
5350,5350,6973,
5351,5351,8497,
5352,5352,5130,
5353,5353,7223,
5354,5354,4857,
5355,5355,1840,
5356,5356,7503,
5357,5357,6338,
5358,5358,3284,
5359,5359,8933,
5360,5360,1600,
5361,5361,9101,
5362,5362,2863,
5363,5363,7954,
5364,5364,5845,
5365,5365,2193,
5366,5366,5299,
5367,5367,6803,
5368,5368,7832,
5369,5369,2881,
5370,5370,3540,
5371,5371,5584,
5372,5372,3651,
5373,5373,2580,
5374,5374,1830,
5375,5375,7102,
5376,5376,2709,
5377,5377,2869,
5378,5378,3386,
5379,5379,5832,
5380,5380,8133,
5381,5381,6570,
5382,5382,6212,
5383,5383,7385,
5384,5384,9999,
5385,5385,2552,
5386,5386,9721,
5387,5387,9649,
5388,5388,3621,
5389,5389,3348,
5390,5390,2350,
5391,5391,8007,
5392,5392,6236,
5393,5393,1811,
5394,5394,2314,
5395,5395,9348,
5396,5396,2539,
5397,5397,7298,
5398,5398,8209,
5399,5399,8537,
5400,5400,2804,
5401,5401,7486,
5402,5402,5549,
5403,5403,4071,
5404,5404,6541,
5405,5405,8786,
5406,5406,4432,
5407,5407,5052,
5408,5408,1764,
5409,5409,8378,
5410,5410,9771,
5411,5411,6605,
5412,5412,4884,
5413,5413,8461,
5414,5414,7075,
5415,5415,3364,
5416,5416,4498,
5417,5417,3830,
5418,5418,3309,
5419,5419,4899,
5420,5420,8401,
5421,5421,9793,
5422,5422,4176,
5423,5423,4784,
5424,5424,8086,
5425,5425,4087,
5426,5426,9594,
5427,5427,5608,
5428,5428,9304,
5429,5429,9716,
5430,5430,3715,
5431,5431,8836,
5432,5432,2650,
5433,5433,2328,
5434,5434,2450,
5435,5435,5492,
5436,5436,3299,
5437,5437,1857,
5438,5438,5783,
5439,5439,8767,
5440,5440,4644,
5441,5441,1664,
5442,5442,3996,
5443,5443,9393,
5444,5444,2231,
5445,5445,9980,
5446,5446,5132,
5447,5447,9674,
5448,5448,3072,
5449,5449,6107,
5450,5450,6182,
5451,5451,4833,
5452,5452,4981,
5453,5453,9799,
5454,5454,3111,
5455,5455,9378,
5456,5456,3961,
5457,5457,5089,
5458,5458,1896,
5459,5459,3894,
5460,5460,9325,
5461,5461,3462,
5462,5462,1817,
5463,5463,1861,
5464,5464,7055,
5465,5465,3803,
5466,5466,3023,
5467,5467,7173,
5468,5468,6458,
5469,5469,5128,
5470,5470,7156,
5471,5471,7484,
5472,5472,6145,
5473,5473,8059,
5474,5474,8538,
5475,5475,7838,
5476,5476,8378,
5477,5477,5293,
5478,5478,3538,
5479,5479,4867,
5480,5480,7803,
5481,5481,7693,
5482,5482,2792,
5483,5483,2453,
5484,5484,9634,
5485,5485,2865,
5486,5486,1859,
5487,5487,5586,
5488,5488,3006,
5489,5489,3547,
5490,5490,5886,
5491,5491,9566,
5492,5492,9746,
5493,5493,3114,
5494,5494,2162,
5495,5495,8571,
5496,5496,4035,
5497,5497,5461,
5498,5498,2668,
5499,5499,2348,
5500,5500,2627,
5501,5501,6059,
5502,5502,1975,
5503,5503,1567,
5504,5504,9486,
5505,5505,9958,
5506,5506,4604,
5507,5507,9441,
5508,5508,2733,
5509,5509,9417,
5510,5510,1568,
5511,5511,2793,
5512,5512,1844,
5513,5513,3288,
5514,5514,8060,
5515,5515,6840,
5516,5516,2990,
5517,5517,9597,
5518,5518,2075,
5519,5519,5159,
5520,5520,9446,
5521,5521,3267,
5522,5522,3598,
5523,5523,6903,
5524,5524,5723,
5525,5525,9066,
5526,5526,8514,
5527,5527,9521,
5528,5528,3928,
5529,5529,8495,
5530,5530,6948,
5531,5531,8359,
5532,5532,9379,
5533,5533,5912,
5534,5534,7200,
5535,5535,5565,
5536,5536,1704,
5537,5537,5477,
5538,5538,4762,
5539,5539,2352,
5540,5540,3820,
5541,5541,9990,
5542,5542,4220,
5543,5543,1528,
5544,5544,1951,
5545,5545,5653,
5546,5546,6454,
5547,5547,4291,
5548,5548,5620,
5549,5549,7779,
5550,5550,7569,
5551,5551,4465,
5552,5552,3243,
5553,5553,7000,
5554,5554,6563,
5555,5555,9702,
5556,5556,3072,
5557,5557,1954,
5558,5558,4373,
5559,5559,7646,
5560,5560,3704,
5561,5561,5864,
5562,5562,8057,
5563,5563,8880,
5564,5564,9733,
5565,5565,4639,
5566,5566,2425,
5567,5567,2877,
5568,5568,2208,
5569,5569,8834,
5570,5570,9103,
5571,5571,2347,
5572,5572,8394,
5573,5573,1968,
5574,5574,5770,
5575,5575,5174,
5576,5576,6246,
5577,5577,6620,
5578,5578,9861,
5579,5579,3622,
5580,5580,5583,
5581,5581,3410,
5582,5582,5806,
5583,5583,7678,
5584,5584,6433,
5585,5585,6431,
5586,5586,3502,
5587,5587,1900,
5588,5588,8446,
5589,5589,6852,
5590,5590,5631,
5591,5591,2658,
5592,5592,1510,
5593,5593,5652,
5594,5594,1737,
5595,5595,9244,
5596,5596,2458,
5597,5597,6653,
5598,5598,9465,
5599,5599,2296,
5600,5600,4565,
5601,5601,8348,
5602,5602,6314,
5603,5603,5896,
5604,5604,6862,
5605,5605,8470,
5606,5606,5179,
5607,5607,9699,
5608,5608,4511,
5609,5609,9436,
5610,5610,1638,
5611,5611,9966,
5612,5612,2485,
5613,5613,2679,
5614,5614,5688,
5615,5615,3633,
5616,5616,9856,
5617,5617,8952,
5618,5618,5629,
5619,5619,2511,
5620,5620,2027,
5621,5621,9682,
5622,5622,3635,
5623,5623,2504,
5624,5624,9812,
5625,5625,5270,
5626,5626,7898,
5627,5627,2953,
5628,5628,7668,
5629,5629,2171,
5630,5630,6878,
5631,5631,3180,
5632,5632,6871,
5633,5633,4734,
5634,5634,7024,
5635,5635,3123,
5636,5636,4123,
5637,5637,3292,
5638,5638,6967,
5639,5639,3814,
5640,5640,7132,
5641,5641,8206,
5642,5642,7149,
5643,5643,6159,
5644,5644,3502,
5645,5645,8948,
5646,5646,5029,
5647,5647,5464,
5648,5648,8002,
5649,5649,8224,
5650,5650,3460,
5651,5651,3475,
5652,5652,2037,
5653,5653,2703,
5654,5654,4842,
5655,5655,8960,
5656,5656,7408,
5657,5657,5554,
5658,5658,9083,
5659,5659,8161,
5660,5660,4464,
5661,5661,4850,
5662,5662,9398,
5663,5663,9211,
5664,5664,3118,
5665,5665,8627,
5666,5666,8391,
5667,5667,9267,
5668,5668,3302,
5669,5669,4436,
5670,5670,4739,
5671,5671,2706,
5672,5672,5731,
5673,5673,1958,
5674,5674,8653,
5675,5675,9129,
5676,5676,9526,
5677,5677,5108,
5678,5678,1909,
5679,5679,7417,
5680,5680,7192,
5681,5681,8116,
5682,5682,7621,
5683,5683,5530,
5684,5684,2982,
5685,5685,2187,
5686,5686,9888,
5687,5687,9668,
5688,5688,4217,
5689,5689,3725,
5690,5690,9156,
5691,5691,7116,
5692,5692,9037,
5693,5693,7680,
5694,5694,8809,
5695,5695,5761,
5696,5696,9210,
5697,5697,4927,
5698,5698,2377,
5699,5699,4005,
5700,5700,9332,
5701,5701,3247,
5702,5702,3225,
5703,5703,6567,
5704,5704,4630,
5705,5705,4110,
5706,5706,4213,
5707,5707,6942,
5708,5708,9006,
5709,5709,2723,
5710,5710,2031,
5711,5711,5299,
5712,5712,2038,
5713,5713,4359,
5714,5714,3835,
5715,5715,7774,
5716,5716,5614,
5717,5717,8866,
5718,5718,3805,
5719,5719,9564,
5720,5720,8133,
5721,5721,7450,
5722,5722,3909,
5723,5723,2792,
5724,5724,6624,
5725,5725,6484,
5726,5726,9721,
5727,5727,1947,
5728,5728,6844,
5729,5729,5622,
5730,5730,4464,
5731,5731,8248,
5732,5732,3743,
5733,5733,4148,
5734,5734,8548,
5735,5735,3738,
5736,5736,8055,
5737,5737,6800,
5738,5738,2247,
5739,5739,3149,
5740,5740,2667,
5741,5741,7851,
5742,5742,7418,
5743,5743,1508,
5744,5744,6506,
5745,5745,7527,
5746,5746,4697,
5747,5747,3590,
5748,5748,8054,
5749,5749,1533,
5750,5750,8681,
5751,5751,2424,
5752,5752,6338,
5753,5753,7261,
5754,5754,7168,
5755,5755,6802,
5756,5756,8650,
5757,5757,7537,
5758,5758,2903,
5759,5759,3574,
5760,5760,5743,
5761,5761,3663,
5762,5762,9852,
5763,5763,1697,
5764,5764,7513,
5765,5765,2833,
5766,5766,8642,
5767,5767,9232,
5768,5768,2194,
5769,5769,6659,
5770,5770,8185,
5771,5771,9706,
5772,5772,9965,
5773,5773,2018,
5774,5774,8264,
5775,5775,3181,
5776,5776,1929,
5777,5777,8547,
5778,5778,4769,
5779,5779,7561,
5780,5780,7521,
5781,5781,4924,
5782,5782,8070,
5783,5783,4376,
5784,5784,5602,
5785,5785,8516,
5786,5786,6927,
5787,5787,2623,
5788,5788,6416,
5789,5789,6794,
5790,5790,1836,
5791,5791,8784,
5792,5792,7728,
5793,5793,4073,
5794,5794,8136,
5795,5795,9840,
5796,5796,1843,
5797,5797,3162,
5798,5798,6695,
5799,5799,4766,
5800,5800,4581,
5801,5801,8606,
5802,5802,7867,
5803,5803,2214,
5804,5804,8457,
5805,5805,8557,
5806,5806,2071,
5807,5807,9314,
5808,5808,3066,
5809,5809,3453,
5810,5810,5025,
5811,5811,2515,
5812,5812,3714,
5813,5813,9548,
5814,5814,9813,
5815,5815,5638,
5816,5816,9331,
5817,5817,6697,
5818,5818,5849,
5819,5819,5788,
5820,5820,5137,
5821,5821,8337,
5822,5822,5816,
5823,5823,6496,
5824,5824,8543,
5825,5825,4074,
5826,5826,2006,
5827,5827,6563,
5828,5828,4328,
5829,5829,7979,
5830,5830,8331,
5831,5831,3230,
5832,5832,6772,
5833,5833,3321,
5834,5834,6235,
5835,5835,9727,
5836,5836,3854,
5837,5837,2230,
5838,5838,5618,
5839,5839,9345,
5840,5840,8616,
5841,5841,6098,
5842,5842,1549,
5843,5843,7481,
5844,5844,3664,
5845,5845,4638,
5846,5846,5543,
5847,5847,7349,
5848,5848,5535,
5849,5849,9696,
5850,5850,7295,
5851,5851,2217,
5852,5852,6928,
5853,5853,5878,
5854,5854,8581,
5855,5855,3036,
5856,5856,3405,
5857,5857,7950,
5858,5858,6142,
5859,5859,6794,
5860,5860,4253,
5861,5861,9815,
5862,5862,7444,
5863,5863,8649,
5864,5864,6400,
5865,5865,4557,
5866,5866,1519,
5867,5867,9075,
5868,5868,3017,
5869,5869,9834,
5870,5870,8404,
5871,5871,6979,
5872,5872,9633,
5873,5873,2116,
5874,5874,4141,
5875,5875,7401,
5876,5876,8419,
5877,5877,7439,
5878,5878,5716,
5879,5879,8785,
5880,5880,7766,
5881,5881,2818,
5882,5882,6785,
5883,5883,7530,
5884,5884,7067,
5885,5885,9259,
5886,5886,4127,
5887,5887,8510,
5888,5888,8160,
5889,5889,3280,
5890,5890,3172,
5891,5891,3035,
5892,5892,3752,
5893,5893,2190,
5894,5894,3021,
5895,5895,2312,
5896,5896,3222,
5897,5897,6289,
5898,5898,1700,
5899,5899,9538,
5900,5900,6366,
5901,5901,4632,
5902,5902,3419,
5903,5903,9164,
5904,5904,8068,
5905,5905,2887,
5906,5906,4113,
5907,5907,3658,
5908,5908,6228,
5909,5909,3662,
5910,5910,6424,
5911,5911,7615,
5912,5912,8720,
5913,5913,9613,
5914,5914,6252,
5915,5915,7303,
5916,5916,9840,
5917,5917,4002,
5918,5918,3660,
5919,5919,4355,
5920,5920,6129,
5921,5921,8505,
5922,5922,4518,
5923,5923,4189,
5924,5924,9413,
5925,5925,1923,
5926,5926,3520,
5927,5927,9183,
5928,5928,2512,
5929,5929,2732,
5930,5930,6968,
5931,5931,2181,
5932,5932,2864,
5933,5933,8429,
5934,5934,7722,
5935,5935,8148,
5936,5936,2244,
5937,5937,4420,
5938,5938,7437,
5939,5939,9642,
5940,5940,7164,
5941,5941,7075,
5942,5942,7548,
5943,5943,2792,
5944,5944,9165,
5945,5945,2120,
5946,5946,2856,
5947,5947,7709,
5948,5948,8160,
5949,5949,6405,
5950,5950,1886,
5951,5951,1955,
5952,5952,2869,
5953,5953,4098,
5954,5954,6049,
5955,5955,4949,
5956,5956,9931,
5957,5957,9606,
5958,5958,6700,
5959,5959,2334,
5960,5960,9121,
5961,5961,8553,
5962,5962,4551,
5963,5963,6112,
5964,5964,4332,
5965,5965,1875,
5966,5966,3271,
5967,5967,9515,
5968,5968,4286,
5969,5969,5872,
5970,5970,6890,
5971,5971,4644,
5972,5972,8440,
5973,5973,4058,
5974,5974,3021,
5975,5975,4521,
5976,5976,7000,
5977,5977,9883,
5978,5978,4879,
5979,5979,6120,
5980,5980,1748,
5981,5981,5764,
5982,5982,5418,
5983,5983,6837,
5984,5984,7681,
5985,5985,8198,
5986,5986,4833,
5987,5987,6633,
5988,5988,1756,
5989,5989,8380,
5990,5990,9449,
5991,5991,9470,
5992,5992,6570,
5993,5993,7198,
5994,5994,8214,
5995,5995,6238,
5996,5996,4662,
5997,5997,9767,
5998,5998,8324,
5999,5999,6951,
6000,6000,9115,
6001,6001,2074,
6002,6002,5170,
6003,6003,4608,
6004,6004,3079,
6005,6005,7958,
6006,6006,9135,
6007,6007,1700,
6008,6008,8208,
6009,6009,3343,
6010,6010,9131,
6011,6011,6077,
6012,6012,5806,
6013,6013,4604,
6014,6014,6755,
6015,6015,2063,
6016,6016,9164,
6017,6017,2339,
6018,6018,8432,
6019,6019,3866,
6020,6020,7907,
6021,6021,4212,
6022,6022,2901,
6023,6023,3488,
6024,6024,2271,
6025,6025,7389,
6026,6026,6878,
6027,6027,7979,
6028,6028,4291,
6029,6029,9887,
6030,6030,1792,
6031,6031,5422,
6032,6032,3276,
6033,6033,5935,
6034,6034,4189,
6035,6035,7336,
6036,6036,5470,
6037,6037,8892,
6038,6038,8132,
6039,6039,6058,
6040,6040,6923,
6041,6041,3473,
6042,6042,4820,
6043,6043,8278,
6044,6044,9757,
6045,6045,6530,
6046,6046,2230,
6047,6047,5468,
6048,6048,5738,
6049,6049,8940,
6050,6050,2369,
6051,6051,8981,
6052,6052,5844,
6053,6053,9995,
6054,6054,6399,
6055,6055,4134,
6056,6056,8398,
6057,6057,4400,
6058,6058,8168,
6059,6059,2254,
6060,6060,3634,
6061,6061,2975,
6062,6062,6675,
6063,6063,1985,
6064,6064,6448,
6065,6065,2682,
6066,6066,3183,
6067,6067,5010,
6068,6068,4631,
6069,6069,3598,
6070,6070,3492,
6071,6071,4711,
6072,6072,8228,
6073,6073,4445,
6074,6074,5206,
6075,6075,2282,
6076,6076,2352,
6077,6077,6658,
6078,6078,4462,
6079,6079,5658,
6080,6080,8158,
6081,6081,3552,
6082,6082,7403,
6083,6083,7945,
6084,6084,3745,
6085,6085,6827,
6086,6086,5402,
6087,6087,7237,
6088,6088,2960,
6089,6089,4733,
6090,6090,8560,
6091,6091,7845,
6092,6092,5999,
6093,6093,6605,
6094,6094,6683,
6095,6095,6049,
6096,6096,9491,
6097,6097,6753,
6098,6098,3422,
6099,6099,8520,
6100,6100,5375,
6101,6101,4033,
6102,6102,5564,
6103,6103,2810,
6104,6104,5322,
6105,6105,4609,
6106,6106,4688,
6107,6107,4729,
6108,6108,5617,
6109,6109,4363,
6110,6110,5960,
6111,6111,8579,
6112,6112,4850,
6113,6113,5825,
6114,6114,9255,
6115,6115,7127,
6116,6116,9907,
6117,6117,4993,
6118,6118,7604,
6119,6119,9586,
6120,6120,5302,
6121,6121,6429,
6122,6122,2091,
6123,6123,3236,
6124,6124,7480,
6125,6125,3268,
6126,6126,2499,
6127,6127,7973,
6128,6128,7395,
6129,6129,8510,
6130,6130,7161,
6131,6131,2007,
6132,6132,2565,
6133,6133,3405,
6134,6134,4141,
6135,6135,3089,
6136,6136,8303,
6137,6137,8502,
6138,6138,4993,
6139,6139,9196,
6140,6140,8362,
6141,6141,5501,
6142,6142,2680,
6143,6143,6294,
6144,6144,2443,
6145,6145,6391,
6146,6146,7093,
6147,6147,5295,
6148,6148,6414,
6149,6149,8591,
6150,6150,1669,
6151,6151,5579,
6152,6152,7445,
6153,6153,2180,
6154,6154,3930,
6155,6155,3955,
6156,6156,2484,
6157,6157,5509,
6158,6158,8287,
6159,6159,3091,
6160,6160,3415,
6161,6161,5139,
6162,6162,3932,
6163,6163,4578,
6164,6164,4912,
6165,6165,8912,
6166,6166,9455,
6167,6167,3771,
6168,6168,9806,
6169,6169,8178,
6170,6170,5129,
6171,6171,7042,
6172,6172,9439,
6173,6173,6608,
6174,6174,4504,
6175,6175,5242,
6176,6176,5080,
6177,6177,9966,
6178,6178,5152,
6179,6179,4141,
6180,6180,4049,
6181,6181,6313,
6182,6182,4107,
6183,6183,5492,
6184,6184,8602,
6185,6185,5692,
6186,6186,8258,
6187,6187,1595,
6188,6188,3822,
6189,6189,9928,
6190,6190,4558,
6191,6191,3891,
6192,6192,3409,
6193,6193,1860,
6194,6194,1577,
6195,6195,6185,
6196,6196,7514,
6197,6197,6212,
6198,6198,8898,
6199,6199,2606,
6200,6200,2788,
6201,6201,4018,
6202,6202,4951,
6203,6203,7335,
6204,6204,9243,
6205,6205,5216,
6206,6206,1563,
6207,6207,3943,
6208,6208,9946,
6209,6209,3447,
6210,6210,4387,
6211,6211,6063,
6212,6212,1967,
6213,6213,8212,
6214,6214,3228,
6215,6215,8500,
6216,6216,1698,
6217,6217,4816,
6218,6218,8901,
6219,6219,8029,
6220,6220,4633,
6221,6221,1634,
6222,6222,6711,
6223,6223,4933,
6224,6224,7045,
6225,6225,6783,
6226,6226,6299,
6227,6227,5204,
6228,6228,5330,
6229,6229,9822,
6230,6230,1884,
6231,6231,3888,
6232,6232,6173,
6233,6233,8048,
6234,6234,5014,
6235,6235,6587,
6236,6236,4557,
6237,6237,6818,
6238,6238,6779,
6239,6239,9364,
6240,6240,5644,
6241,6241,7412,
6242,6242,1989,
6243,6243,2502,
6244,6244,5987,
6245,6245,8576,
6246,6246,7207,
6247,6247,9505,
6248,6248,3413,
6249,6249,1988,
6250,6250,5209,
6251,6251,3189,
6252,6252,2935,
6253,6253,7167,
6254,6254,9558,
6255,6255,9172,
6256,6256,1828,
6257,6257,4265,
6258,6258,9290,
6259,6259,3971,
6260,6260,5637,
6261,6261,9172,
6262,6262,9821,
6263,6263,4100,
6264,6264,2083,
6265,6265,9242,
6266,6266,8348,
6267,6267,5063,
6268,6268,9250,
6269,6269,1720,
6270,6270,4100,
6271,6271,3558,
6272,6272,7176,
6273,6273,3723,
6274,6274,8390,
6275,6275,9348,
6276,6276,8464,
6277,6277,6371,
6278,6278,6107,
6279,6279,4615,
6280,6280,7998,
6281,6281,9196,
6282,6282,8472,
6283,6283,4470,
6284,6284,6178,
6285,6285,2162,
6286,6286,8505,
6287,6287,2486,
6288,6288,3537,
6289,6289,3089,
6290,6290,6860,
6291,6291,6048,
6292,6292,8449,
6293,6293,8134,
6294,6294,2956,
6295,6295,3948,
6296,6296,6001,
6297,6297,4389,
6298,6298,6636,
6299,6299,8220,
6300,6300,9089,
6301,6301,2667,
6302,6302,2760,
6303,6303,3668,
6304,6304,4418,
6305,6305,4959,
6306,6306,2143,
6307,6307,4565,
6308,6308,6190,
6309,6309,3737,
6310,6310,3866,
6311,6311,3260,
6312,6312,9681,
6313,6313,6459,
6314,6314,1802,
6315,6315,5251,
6316,6316,4117,
6317,6317,4483,
6318,6318,8647,
6319,6319,5902,
6320,6320,5402,
6321,6321,2626,
6322,6322,9468,
6323,6323,4283,
6324,6324,9191,
6325,6325,1697,
6326,6326,8343,
6327,6327,4410,
6328,6328,8587,
6329,6329,9238,
6330,6330,3436,
6331,6331,8021,
6332,6332,9521,
6333,6333,3190,
6334,6334,2955,
6335,6335,5166,
6336,6336,3742,
6337,6337,7389,
6338,6338,4772,
6339,6339,6965,
6340,6340,3283,
6341,6341,3494,
6342,6342,3873,
6343,6343,1522,
6344,6344,6487,
6345,6345,7757,
6346,6346,4474,
6347,6347,7347,
6348,6348,5505,
6349,6349,9724,
6350,6350,5396,
6351,6351,4664,
6352,6352,9832,
6353,6353,9665,
6354,6354,4240,
6355,6355,7995,
6356,6356,4664,
6357,6357,6507,
6358,6358,2914,
6359,6359,2618,
6360,6360,9580,
6361,6361,3343,
6362,6362,1766,
6363,6363,9371,
6364,6364,7491,
6365,6365,7522,
6366,6366,9389,
6367,6367,4248,
6368,6368,5526,
6369,6369,1628,
6370,6370,6929,
6371,6371,6307,
6372,6372,7185,
6373,6373,6310,
6374,6374,7577,
6375,6375,6822,
6376,6376,9633,
6377,6377,4501,
6378,6378,1524,
6379,6379,9077,
6380,6380,4496,
6381,6381,3542,
6382,6382,2816,
6383,6383,1606,
6384,6384,3717,
6385,6385,2842,
6386,6386,8367,
6387,6387,2124,
6388,6388,8805,
6389,6389,2738,
6390,6390,5204,
6391,6391,5530,
6392,6392,5189,
6393,6393,5084,
6394,6394,7305,
6395,6395,9956,
6396,6396,3451,
6397,6397,7652,
6398,6398,2532,
6399,6399,7792,
6400,6400,7952,
6401,6401,2816,
6402,6402,7690,
6403,6403,1687,
6404,6404,2026,
6405,6405,2834,
6406,6406,9979,
6407,6407,9103,
6408,6408,9655,
6409,6409,9169,
6410,6410,9046,
6411,6411,9169,
6412,6412,4206,
6413,6413,2634,
6414,6414,3105,
6415,6415,5846,
6416,6416,9545,
6417,6417,5319,
6418,6418,8827,
6419,6419,4692,
6420,6420,3467,
6421,6421,8138,
6422,6422,6844,
6423,6423,5883,
6424,6424,6029,
6425,6425,6195,
6426,6426,7429,
6427,6427,3544,
6428,6428,5702,
6429,6429,5501,
6430,6430,9224,
6431,6431,9430,
6432,6432,4703,
6433,6433,7595,
6434,6434,6383,
6435,6435,3750,
6436,6436,2289,
6437,6437,1618,
6438,6438,9166,
6439,6439,3724,
6440,6440,5049,
6441,6441,9480,
6442,6442,6835,
6443,6443,3502,
6444,6444,9767,
6445,6445,9284,
6446,6446,9708,
6447,6447,2899,
6448,6448,7337,
6449,6449,6007,
6450,6450,2227,
6451,6451,7995,
6452,6452,7662,
6453,6453,6032,
6454,6454,8818,
6455,6455,4156,
6456,6456,8375,
6457,6457,3384,
6458,6458,6003,
6459,6459,4698,
6460,6460,5957,
6461,6461,2406,
6462,6462,5201,
6463,6463,2876,
6464,6464,6977,
6465,6465,3987,
6466,6466,3340,
6467,6467,2014,
6468,6468,2432,
6469,6469,3778,
6470,6470,6134,
6471,6471,3917,
6472,6472,5798,
6473,6473,3867,
6474,6474,4511,
6475,6475,3720,
6476,6476,2983,
6477,6477,3019,
6478,6478,4243,
6479,6479,2290,
6480,6480,3468,
6481,6481,2745,
6482,6482,6607,
6483,6483,4347,
6484,6484,4993,
6485,6485,6356,
6486,6486,1984,
6487,6487,4357,
6488,6488,7038,
6489,6489,3050,
6490,6490,2038,
6491,6491,8205,
6492,6492,2230,
6493,6493,3097,
6494,6494,7971,
6495,6495,8340,
6496,6496,7613,
6497,6497,1503,
6498,6498,8990,
6499,6499,5511,
6500,6500,2114,
6501,6501,2863,
6502,6502,3991,
6503,6503,4651,
6504,6504,4281,
6505,6505,6375,
6506,6506,3866,
6507,6507,7480,
6508,6508,5815,
6509,6509,2471,
6510,6510,3538,
6511,6511,3147,
6512,6512,6305,
6513,6513,6028,
6514,6514,9787,
6515,6515,8015,
6516,6516,8993,
6517,6517,8774,
6518,6518,6540,
6519,6519,3632,
6520,6520,8257,
6521,6521,8261,
6522,6522,3298,
6523,6523,7704,
6524,6524,3840,
6525,6525,2378,
6526,6526,3876,
6527,6527,7812,
6528,6528,8245,
6529,6529,8919,
6530,6530,9337,
6531,6531,4190,
6532,6532,9005,
6533,6533,6739,
6534,6534,8905,
6535,6535,9576,
6536,6536,2857,
6537,6537,9022,
6538,6538,9911,
6539,6539,6678,
6540,6540,6796,
6541,6541,8280,
6542,6542,1635,
6543,6543,4235,
6544,6544,8421,
6545,6545,7208,
6546,6546,2775,
6547,6547,7676,
6548,6548,8165,
6549,6549,5809,
6550,6550,4747,
6551,6551,5220,
6552,6552,6632,
6553,6553,8142,
6554,6554,9960,
6555,6555,7152,
6556,6556,3665,
6557,6557,4249,
6558,6558,3639,
6559,6559,7463,
6560,6560,1829,
6561,6561,9582,
6562,6562,4877,
6563,6563,2426,
6564,6564,8190,
6565,6565,3126,
6566,6566,1837,
6567,6567,4839,
6568,6568,6416,
6569,6569,5862,
6570,6570,2547,
6571,6571,6017,
6572,6572,8640,
6573,6573,8824,
6574,6574,7311,
6575,6575,9804,
6576,6576,4663,
6577,6577,6509,
6578,6578,4982,
6579,6579,5405,
6580,6580,4356,
6581,6581,5848,
6582,6582,2074,
6583,6583,6272,
6584,6584,6015,
6585,6585,2894,
6586,6586,4472,
6587,6587,7002,
6588,6588,1715,
6589,6589,4507,
6590,6590,6844,
6591,6591,9185,
6592,6592,3012,
6593,6593,8536,
6594,6594,4061,
6595,6595,8782,
6596,6596,1667,
6597,6597,9585,
6598,6598,5893,
6599,6599,3797,
6600,6600,1649,
6601,6601,5159,
6602,6602,5743,
6603,6603,3582,
6604,6604,9503,
6605,6605,6709,
6606,6606,8042,
6607,6607,6422,
6608,6608,3082,
6609,6609,2241,
6610,6610,5085,
6611,6611,7671,
6612,6612,1780,
6613,6613,3342,
6614,6614,6208,
6615,6615,9996,
6616,6616,1541,
6617,6617,5769,
6618,6618,4284,
6619,6619,8531,
6620,6620,9632,
6621,6621,6356,
6622,6622,8375,
6623,6623,1898,
6624,6624,3001,
6625,6625,4355,
6626,6626,3768,
6627,6627,2365,
6628,6628,2845,
6629,6629,8886,
6630,6630,8872,
6631,6631,3450,
6632,6632,9689,
6633,6633,5258,
6634,6634,5765,
6635,6635,4726,
6636,6636,4273,
6637,6637,9638,
6638,6638,1907,
6639,6639,4938,
6640,6640,7535,
6641,6641,2236,
6642,6642,7782,
6643,6643,4621,
6644,6644,7388,
6645,6645,9792,
6646,6646,7804,
6647,6647,9514,
6648,6648,7901,
6649,6649,7886,
6650,6650,7619,
6651,6651,7582,
6652,6652,6326,
6653,6653,9041,
6654,6654,5424,
6655,6655,2288,
6656,6656,6706,
6657,6657,2316,
6658,6658,3358,
6659,6659,9560,
6660,6660,4210,
6661,6661,3585,
6662,6662,4919,
6663,6663,4559,
6664,6664,2533,
6665,6665,4838,
6666,6666,4989,
6667,6667,2658,
6668,6668,4286,
6669,6669,8239,
6670,6670,9560,
6671,6671,9658,
6672,6672,5542,
6673,6673,6198,
6674,6674,8967,
6675,6675,1516,
6676,6676,6881,
6677,6677,5255,
6678,6678,4960,
6679,6679,4199,
6680,6680,4694,
6681,6681,9039,
6682,6682,5740,
6683,6683,1864,
6684,6684,6590,
6685,6685,5425,
6686,6686,8901,
6687,6687,6764,
6688,6688,5675,
6689,6689,5306,
6690,6690,9249,
6691,6691,5391,
6692,6692,3268,
6693,6693,9346,
6694,6694,5179,
6695,6695,4910,
6696,6696,4956,
6697,6697,7861,
6698,6698,4153,
6699,6699,2691,
6700,6700,8884,
6701,6701,2978,
6702,6702,1772,
6703,6703,6448,
6704,6704,3274,
6705,6705,7415,
6706,6706,5181,
6707,6707,3066,
6708,6708,2958,
6709,6709,5303,
6710,6710,9933,
6711,6711,5065,
6712,6712,6056,
6713,6713,9579,
6714,6714,8244,
6715,6715,2343,
6716,6716,6094,
6717,6717,2764,
6718,6718,6680,
6719,6719,8405,
6720,6720,5261,
6721,6721,6638,
6722,6722,6239,
6723,6723,9513,
6724,6724,6760,
6725,6725,1794,
6726,6726,3056,
6727,6727,2863,
6728,6728,7070,
6729,6729,8815,
6730,6730,5837,
6731,6731,3595,
6732,6732,7502,
6733,6733,1693,
6734,6734,2947,
6735,6735,3399,
6736,6736,9124,
6737,6737,6264,
6738,6738,9498,
6739,6739,9213,
6740,6740,7940,
6741,6741,5581,
6742,6742,3146,
6743,6743,5939,
6744,6744,5077,
6745,6745,8466,
6746,6746,3103,
6747,6747,7176,
6748,6748,9965,
6749,6749,4740,
6750,6750,8198,
6751,6751,8146,
6752,6752,5475,
6753,6753,4754,
6754,6754,1550,
6755,6755,5903,
6756,6756,6344,
6757,6757,2037,
6758,6758,5297,
6759,6759,6527,
6760,6760,7919,
6761,6761,7505,
6762,6762,8923,
6763,6763,6536,
6764,6764,5474,
6765,6765,1664,
6766,6766,7827,
6767,6767,1753,
6768,6768,1780,
6769,6769,6805,
6770,6770,1928,
6771,6771,2777,
6772,6772,4505,
6773,6773,7983,
6774,6774,4373,
6775,6775,2397,
6776,6776,7569,
6777,6777,6707,
6778,6778,5118,
6779,6779,3820,
6780,6780,8806,
6781,6781,8184,
6782,6782,4406,
6783,6783,1911,
6784,6784,3162,
6785,6785,3774,
6786,6786,6409,
6787,6787,4844,
6788,6788,6689,
6789,6789,9549,
6790,6790,4684,
6791,6791,3124,
6792,6792,8565,
6793,6793,3254,
6794,6794,9571,
6795,6795,7633,
6796,6796,3190,
6797,6797,8795,
6798,6798,1977,
6799,6799,8461,
6800,6800,9860,
6801,6801,9462,
6802,6802,4922,
6803,6803,4662,
6804,6804,7758,
6805,6805,6558,
6806,6806,6408,
6807,6807,7490,
6808,6808,9978,
6809,6809,2915,
6810,6810,7104,
6811,6811,9334,
6812,6812,3096,
6813,6813,7570,
6814,6814,4553,
6815,6815,6324,
6816,6816,6110,
6817,6817,4631,
6818,6818,8950,
6819,6819,8160,
6820,6820,8864,
6821,6821,8563,
6822,6822,8023,
6823,6823,7826,
6824,6824,2235,
6825,6825,6559,
6826,6826,7130,
6827,6827,4706,
6828,6828,1758,
6829,6829,5789,
6830,6830,7963,
6831,6831,2789,
6832,6832,5484,
6833,6833,4222,
6834,6834,2720,
6835,6835,8585,
6836,6836,9562,
6837,6837,3645,
6838,6838,3932,
6839,6839,3987,
6840,6840,7797,
6841,6841,5225,
6842,6842,4618,
6843,6843,8151,
6844,6844,5216,
6845,6845,9851,
6846,6846,5185,
6847,6847,8810,
6848,6848,3965,
6849,6849,3787,
6850,6850,5032,
6851,6851,8532,
6852,6852,8945,
6853,6853,3174,
6854,6854,2938,
6855,6855,10000,
6856,6856,1651,
6857,6857,3989,
6858,6858,1888,
6859,6859,2759,
6860,6860,5919,
6861,6861,1821,
6862,6862,2876,
6863,6863,8658,
6864,6864,1850,
6865,6865,6427,
6866,6866,2957,
6867,6867,9326,
6868,6868,9115,
6869,6869,8836,
6870,6870,8826,
6871,6871,7737,
6872,6872,4918,
6873,6873,6699,
6874,6874,9687,
6875,6875,5215,
6876,6876,4169,
6877,6877,2615,
6878,6878,1565,
6879,6879,9010,
6880,6880,1636,
6881,6881,5600,
6882,6882,7562,
6883,6883,5832,
6884,6884,6296,
6885,6885,2429,
6886,6886,8294,
6887,6887,5684,
6888,6888,4664,
6889,6889,3543,
6890,6890,4432,
6891,6891,6775,
6892,6892,5851,
6893,6893,4078,
6894,6894,5028,
6895,6895,2599,
6896,6896,9500,
6897,6897,9794,
6898,6898,2450,
6899,6899,6256,
6900,6900,4042,
6901,6901,3596,
6902,6902,7312,
6903,6903,3556,
6904,6904,2367,
6905,6905,2644,
6906,6906,2753,
6907,6907,3510,
6908,6908,8223,
6909,6909,5883,
6910,6910,2324,
6911,6911,6458,
6912,6912,4352,
6913,6913,9416,
6914,6914,3715,
6915,6915,7495,
6916,6916,9055,
6917,6917,2785,
6918,6918,9300,
6919,6919,9392,
6920,6920,4197,
6921,6921,6600,
6922,6922,6436,
6923,6923,4538,
6924,6924,1524,
6925,6925,3932,
6926,6926,3392,
6927,6927,3486,
6928,6928,9433,
6929,6929,7546,
6930,6930,9161,
6931,6931,8642,
6932,6932,8501,
6933,6933,6238,
6934,6934,9322,
6935,6935,6720,
6936,6936,8005,
6937,6937,6730,
6938,6938,2202,
6939,6939,6732,
6940,6940,9331,
6941,6941,5143,
6942,6942,5988,
6943,6943,1511,
6944,6944,5589,
6945,6945,2813,
6946,6946,2305,
6947,6947,1960,
6948,6948,4059,
6949,6949,6756,
6950,6950,6979,
6951,6951,8570,
6952,6952,7621,
6953,6953,3210,
6954,6954,4584,
6955,6955,1500,
6956,6956,2084,
6957,6957,3152,
6958,6958,6107,
6959,6959,7500,
6960,6960,4210,
6961,6961,5373,
6962,6962,7930,
6963,6963,4680,
6964,6964,9838,
6965,6965,5128,
6966,6966,4240,
6967,6967,3221,
6968,6968,8110,
6969,6969,7078,
6970,6970,5084,
6971,6971,7213,
6972,6972,5545,
6973,6973,8706,
6974,6974,5488,
6975,6975,9742,
6976,6976,9754,
6977,6977,9766,
6978,6978,5765,
6979,6979,2264,
6980,6980,6291,
6981,6981,2580,
6982,6982,3948,
6983,6983,4764,
6984,6984,5340,
6985,6985,5110,
6986,6986,2569,
6987,6987,6723,
6988,6988,7853,
6989,6989,5604,
6990,6990,9842,
6991,6991,5861,
6992,6992,5162,
6993,6993,5452,
6994,6994,4967,
6995,6995,6665,
6996,6996,3749,
6997,6997,2991,
6998,6998,4947,
6999,6999,7154,
7000,7000,1885,
7001,7001,6121,
7002,7002,3528,
7003,7003,4213,
7004,7004,2001,
7005,7005,4323,
7006,7006,1968,
7007,7007,6120,
7008,7008,9178,
7009,7009,1809,
7010,7010,3271,
7011,7011,7234,
7012,7012,5360,
7013,7013,8558,
7014,7014,4746,
7015,7015,4300,
7016,7016,4409,
7017,7017,3258,
7018,7018,6224,
7019,7019,4085,
7020,7020,2032,
7021,7021,4457,
7022,7022,6108,
7023,7023,6812,
7024,7024,1791,
7025,7025,7515,
7026,7026,5864,
7027,7027,5226,
7028,7028,9628,
7029,7029,2135,
7030,7030,9576,
7031,7031,2925,
7032,7032,6308,
7033,7033,2597,
7034,7034,4403,
7035,7035,9500,
7036,7036,6824,
7037,7037,6176,
7038,7038,4553,
7039,7039,5823,
7040,7040,1758,
7041,7041,7899,
7042,7042,6709,
7043,7043,2482,
7044,7044,6704,
7045,7045,3815,
7046,7046,7002,
7047,7047,6933,
7048,7048,8319,
7049,7049,6799,
7050,7050,4543,
7051,7051,3675,
7052,7052,7069,
7053,7053,7642,
7054,7054,4314,
7055,7055,7462,
7056,7056,9843,
7057,7057,2775,
7058,7058,5851,
7059,7059,6037,
7060,7060,5488,
7061,7061,6574,
7062,7062,5623,
7063,7063,8776,
7064,7064,9842,
7065,7065,1894,
7066,7066,8712,
7067,7067,4593,
7068,7068,4342,
7069,7069,9940,
7070,7070,5128,
7071,7071,6640,
7072,7072,9126,
7073,7073,9888,
7074,7074,4265,
7075,7075,1947,
7076,7076,6000,
7077,7077,4899,
7078,7078,2219,
7079,7079,6825,
7080,7080,3646,
7081,7081,5459,
7082,7082,4123,
7083,7083,8664,
7084,7084,9790,
7085,7085,4738,
7086,7086,8082,
7087,7087,1588,
7088,7088,8727,
7089,7089,8621,
7090,7090,5368,
7091,7091,6062,
7092,7092,3719,
7093,7093,7434,
7094,7094,6960,
7095,7095,3871,
7096,7096,6665,
7097,7097,7188,
7098,7098,5941,
7099,7099,7642,
7100,7100,9487,
7101,7101,7909,
7102,7102,5244,
7103,7103,4807,
7104,7104,6127,
7105,7105,7698,
7106,7106,7457,
7107,7107,7650,
7108,7108,9391,
7109,7109,7667,
7110,7110,5528,
7111,7111,6922,
7112,7112,5996,
7113,7113,7298,
7114,7114,8113,
7115,7115,8741,
7116,7116,4797,
7117,7117,8848,
7118,7118,4985,
7119,7119,4515,
7120,7120,9683,
7121,7121,8893,
7122,7122,9925,
7123,7123,7335,
7124,7124,5446,
7125,7125,4424,
7126,7126,6821,
7127,7127,3035,
7128,7128,6240,
7129,7129,5936,
7130,7130,3050,
7131,7131,3129,
7132,7132,9882,
7133,7133,8593,
7134,7134,1857,
7135,7135,3063,
7136,7136,5064,
7137,7137,5182,
7138,7138,2249,
7139,7139,8158,
7140,7140,1841,
7141,7141,6650,
7142,7142,7211,
7143,7143,2316,
7144,7144,7077,
7145,7145,4270,
7146,7146,4952,
7147,7147,3046,
7148,7148,9195,
7149,7149,6687,
7150,7150,5218,
7151,7151,6437,
7152,7152,5004,
7153,7153,2735,
7154,7154,4407,
7155,7155,7529,
7156,7156,5518,
7157,7157,6443,
7158,7158,4578,
7159,7159,6604,
7160,7160,3070,
7161,7161,6090,
7162,7162,2662,
7163,7163,3317,
7164,7164,7548,
7165,7165,8935,
7166,7166,2195,
7167,7167,9910,
7168,7168,5496,
7169,7169,3423,
7170,7170,8449,
7171,7171,8983,
7172,7172,5351,
7173,7173,2898,
7174,7174,2733,
7175,7175,8898,
7176,7176,6908,
7177,7177,2751,
7178,7178,7579,
7179,7179,8596,
7180,7180,9901,
7181,7181,3206,
7182,7182,9843,
7183,7183,5859,
7184,7184,3945,
7185,7185,9726,
7186,7186,2312,
7187,7187,5682,
7188,7188,6210,
7189,7189,7906,
7190,7190,2209,
7191,7191,6351,
7192,7192,4363,
7193,7193,6168,
7194,7194,7031,
7195,7195,9629,
7196,7196,4666,
7197,7197,1912,
7198,7198,7066,
7199,7199,6677,
7200,7200,5435,
7201,7201,5305,
7202,7202,4962,
7203,7203,6256,
7204,7204,4881,
7205,7205,5739,
7206,7206,8266,
7207,7207,7347,
7208,7208,8251,
7209,7209,7183,
7210,7210,9220,
7211,7211,6703,
7212,7212,6612,
7213,7213,7076,
7214,7214,9200,
7215,7215,9316,
7216,7216,9960,
7217,7217,1928,
7218,7218,6052,
7219,7219,3057,
7220,7220,5939,
7221,7221,7589,
7222,7222,2242,
7223,7223,5951,
7224,7224,6868,
7225,7225,3803,
7226,7226,5020,
7227,7227,3874,
7228,7228,2345,
7229,7229,2874,
7230,7230,7917,
7231,7231,5209,
7232,7232,5930,
7233,7233,7643,
7234,7234,3609,
7235,7235,3309,
7236,7236,6497,
7237,7237,7021,
7238,7238,6839,
7239,7239,4944,
7240,7240,6782,
7241,7241,7417,
7242,7242,4549,
7243,7243,4767,
7244,7244,5058,
7245,7245,8897,
7246,7246,8345,
7247,7247,5558,
7248,7248,4106,
7249,7249,7528,
7250,7250,6632,
7251,7251,9887,
7252,7252,8807,
7253,7253,3083,
7254,7254,9212,
7255,7255,5176,
7256,7256,1767,
7257,7257,6739,
7258,7258,6234,
7259,7259,2202,
7260,7260,2099,
7261,7261,1546,
7262,7262,7669,
7263,7263,4708,
7264,7264,9929,
7265,7265,3488,
7266,7266,5989,
7267,7267,3404,
7268,7268,2140,
7269,7269,8131,
7270,7270,4410,
7271,7271,2972,
7272,7272,9677,
7273,7273,7083,
7274,7274,6021,
7275,7275,8604,
7276,7276,5982,
7277,7277,7741,
7278,7278,7331,
7279,7279,3983,
7280,7280,8006,
7281,7281,2569,
7282,7282,7560,
7283,7283,2684,
7284,7284,8459,
7285,7285,4247,
7286,7286,3899,
7287,7287,3505,
7288,7288,3714,
7289,7289,5683,
7290,7290,5992,
7291,7291,1883,
7292,7292,7894,
7293,7293,5072,
7294,7294,3440,
7295,7295,7956,
7296,7296,8693,
7297,7297,2193,
7298,7298,6966,
7299,7299,6699,
7300,7300,4210,
7301,7301,8444,
7302,7302,3027,
7303,7303,8125,
7304,7304,3525,
7305,7305,1527,
7306,7306,5509,
7307,7307,9373,
7308,7308,5019,
7309,7309,2418,
7310,7310,8321,
7311,7311,7651,
7312,7312,4148,
7313,7313,3569,
7314,7314,1748,
7315,7315,7972,
7316,7316,7020,
7317,7317,7936,
7318,7318,3954,
7319,7319,2849,
7320,7320,4256,
7321,7321,7661,
7322,7322,5512,
7323,7323,2055,
7324,7324,1926,
7325,7325,2179,
7326,7326,4603,
7327,7327,9880,
7328,7328,9652,
7329,7329,9141,
7330,7330,8334,
7331,7331,5007,
7332,7332,6221,
7333,7333,2357,
7334,7334,3902,
7335,7335,4994,
7336,7336,5327,
7337,7337,7316,
7338,7338,8993,
7339,7339,8635,
7340,7340,8127,
7341,7341,6939,
7342,7342,6907,
7343,7343,3116,
7344,7344,8407,
7345,7345,7943,
7346,7346,2036,
7347,7347,8492,
7348,7348,7280,
7349,7349,7791,
7350,7350,1793,
7351,7351,8516,
7352,7352,5259,
7353,7353,5775,
7354,7354,9588,
7355,7355,6762,
7356,7356,7330,
7357,7357,5358,
7358,7358,9939,
7359,7359,2364,
7360,7360,4443,
7361,7361,9294,
7362,7362,3033,
7363,7363,4879,
7364,7364,9756,
7365,7365,7912,
7366,7366,5843,
7367,7367,4013,
7368,7368,2439,
7369,7369,5626,
7370,7370,2126,
7371,7371,8760,
7372,7372,4472,
7373,7373,4870,
7374,7374,2342,
7375,7375,1596,
7376,7376,2448,
7377,7377,7116,
7378,7378,3514,
7379,7379,7441,
7380,7380,6883,
7381,7381,9690,
7382,7382,2456,
7383,7383,7778,
7384,7384,8286,
7385,7385,9679,
7386,7386,2415,
7387,7387,5793,
7388,7388,9482,
7389,7389,7292,
7390,7390,2840,
7391,7391,9459,
7392,7392,3441,
7393,7393,6979,
7394,7394,2768,
7395,7395,2171,
7396,7396,8638,
7397,7397,7271,
7398,7398,7717,
7399,7399,9782,
7400,7400,9556,
7401,7401,7952,
7402,7402,7529,
7403,7403,1871,
7404,7404,4986,
7405,7405,2541,
7406,7406,6359,
7407,7407,3942,
7408,7408,7676,
7409,7409,4228,
7410,7410,6478,
7411,7411,9510,
7412,7412,2048,
7413,7413,5271,
7414,7414,5071,
7415,7415,8759,
7416,7416,3752,
7417,7417,9469,
7418,7418,9538,
7419,7419,6055,
7420,7420,1773,
7421,7421,4992,
7422,7422,3041,
7423,7423,9767,
7424,7424,8984,
7425,7425,9447,
7426,7426,5079,
7427,7427,9622,
7428,7428,6603,
7429,7429,6338,
7430,7430,3092,
7431,7431,1636,
7432,7432,5916,
7433,7433,2491,
7434,7434,8185,
7435,7435,4005,
7436,7436,1702,
7437,7437,3214,
7438,7438,2878,
7439,7439,8700,
7440,7440,9731,
7441,7441,9696,
7442,7442,2527,
7443,7443,6418,
7444,7444,5067,
7445,7445,6133,
7446,7446,3226,
7447,7447,3972,
7448,7448,9322,
7449,7449,7720,
7450,7450,3039,
7451,7451,2077,
7452,7452,4687,
7453,7453,5228,
7454,7454,9831,
7455,7455,5372,
7456,7456,6387,
7457,7457,6143,
7458,7458,6588,
7459,7459,5344,
7460,7460,7446,
7461,7461,7783,
7462,7462,8890,
7463,7463,6897,
7464,7464,7836,
7465,7465,9434,
7466,7466,1897,
7467,7467,5757,
7468,7468,1700,
7469,7469,5737,
7470,7470,5715,
7471,7471,2953,
7472,7472,1686,
7473,7473,9239,
7474,7474,5709,
7475,7475,3617,
7476,7476,4997,
7477,7477,2473,
7478,7478,3663,
7479,7479,7111,
7480,7480,5221,
7481,7481,2513,
7482,7482,9356,
7483,7483,2013,
7484,7484,9941,
7485,7485,7443,
7486,7486,8427,
7487,7487,8782,
7488,7488,5911,
7489,7489,3917,
7490,7490,9664,
7491,7491,6749,
7492,7492,8275,
7493,7493,3714,
7494,7494,5539,
7495,7495,9327,
7496,7496,1578,
7497,7497,5377,
7498,7498,4008,
7499,7499,2961,
7500,7500,7238,
7501,7501,5129,
7502,7502,8091,
7503,7503,8351,
7504,7504,7165,
7505,7505,3082,
7506,7506,7533,
7507,7507,2425,
7508,7508,3549,
7509,7509,8167,
7510,7510,6336,
7511,7511,6080,
7512,7512,9163,
7513,7513,9627,
7514,7514,3066,
7515,7515,6835,
7516,7516,2985,
7517,7517,2608,
7518,7518,2496,
7519,7519,7704,
7520,7520,8999,
7521,7521,7970,
7522,7522,2044,
7523,7523,4799,
7524,7524,9061,
7525,7525,5359,
7526,7526,4147,
7527,7527,9769,
7528,7528,3994,
7529,7529,4443,
7530,7530,7843,
7531,7531,3490,
7532,7532,7610,
7533,7533,5405,
7534,7534,8046,
7535,7535,4623,
7536,7536,7645,
7537,7537,6167,
7538,7538,7258,
7539,7539,5828,
7540,7540,4099,
7541,7541,7478,
7542,7542,5659,
7543,7543,2605,
7544,7544,1545,
7545,7545,7584,
7546,7546,9925,
7547,7547,1838,
7548,7548,9430,
7549,7549,2590,
7550,7550,8507,
7551,7551,9550,
7552,7552,4122,
7553,7553,4160,
7554,7554,9919,
7555,7555,2202,
7556,7556,4443,
7557,7557,7768,
7558,7558,5876,
7559,7559,6606,
7560,7560,3206,
7561,7561,2459,
7562,7562,9258,
7563,7563,9691,
7564,7564,5986,
7565,7565,1532,
7566,7566,9303,
7567,7567,7462,
7568,7568,5805,
7569,7569,5412,
7570,7570,2944,
7571,7571,2488,
7572,7572,3223,
7573,7573,1632,
7574,7574,8284,
7575,7575,8923,
7576,7576,2764,
7577,7577,4664,
7578,7578,9676,
7579,7579,3353,
7580,7580,5913,
7581,7581,6253,
7582,7582,1940,
7583,7583,3431,
7584,7584,7182,
7585,7585,7779,
7586,7586,7729,
7587,7587,3843,
7588,7588,3196,
7589,7589,2532,
7590,7590,8043,
7591,7591,6149,
7592,7592,1768,
7593,7593,8728,
7594,7594,8573,
7595,7595,3375,
7596,7596,3269,
7597,7597,8441,
7598,7598,2906,
7599,7599,3432,
7600,7600,5524,
7601,7601,7666,
7602,7602,6254,
7603,7603,5807,
7604,7604,6663,
7605,7605,2708,
7606,7606,7781,
7607,7607,2731,
7608,7608,7969,
7609,7609,6629,
7610,7610,7232,
7611,7611,5608,
7612,7612,8803,
7613,7613,1842,
7614,7614,9671,
7615,7615,3571,
7616,7616,3112,
7617,7617,3885,
7618,7618,4044,
7619,7619,6074,
7620,7620,5066,
7621,7621,2917,
7622,7622,8422,
7623,7623,5237,
7624,7624,1800,
7625,7625,3867,
7626,7626,7078,
7627,7627,2185,
7628,7628,7953,
7629,7629,9230,
7630,7630,1822,
7631,7631,3001,
7632,7632,9473,
7633,7633,3431,
7634,7634,9734,
7635,7635,9571,
7636,7636,5571,
7637,7637,9419,
7638,7638,7895,
7639,7639,9071,
7640,7640,4857,
7641,7641,3323,
7642,7642,8213,
7643,7643,1681,
7644,7644,2032,
7645,7645,2294,
7646,7646,3374,
7647,7647,8891,
7648,7648,2219,
7649,7649,3630,
7650,7650,5240,
7651,7651,3730,
7652,7652,3252,
7653,7653,7853,
7654,7654,3815,
7655,7655,2604,
7656,7656,2686,
7657,7657,3655,
7658,7658,9752,
7659,7659,1742,
7660,7660,7978,
7661,7661,3477,
7662,7662,3311,
7663,7663,7657,
7664,7664,6218,
7665,7665,7585,
7666,7666,7270,
7667,7667,9958,
7668,7668,8651,
7669,7669,9509,
7670,7670,2648,
7671,7671,3671,
7672,7672,6929,
7673,7673,5814,
7674,7674,9244,
7675,7675,2034,
7676,7676,3463,
7677,7677,1547,
7678,7678,6425,
7679,7679,5309,
7680,7680,3856,
7681,7681,5000,
7682,7682,4778,
7683,7683,3236,
7684,7684,4044,
7685,7685,8380,
7686,7686,2944,
7687,7687,5604,
7688,7688,5706,
7689,7689,1689,
7690,7690,7580,
7691,7691,8155,
7692,7692,4671,
7693,7693,9973,
7694,7694,2755,
7695,7695,6583,
7696,7696,6617,
7697,7697,5441,
7698,7698,7473,
7699,7699,3684,
7700,7700,3410,
7701,7701,9093,
7702,7702,5085,
7703,7703,8733,
7704,7704,8519,
7705,7705,2710,
7706,7706,8260,
7707,7707,8963,
7708,7708,2324,
7709,7709,9508,
7710,7710,3623,
7711,7711,8454,
7712,7712,7759,
7713,7713,6824,
7714,7714,3554,
7715,7715,5634,
7716,7716,2663,
7717,7717,8849,
7718,7718,5648,
7719,7719,1908,
7720,7720,7597,
7721,7721,1784,
7722,7722,1672,
7723,7723,5225,
7724,7724,2071,
7725,7725,7220,
7726,7726,6854,
7727,7727,2952,
7728,7728,9180,
7729,7729,2462,
7730,7730,9449,
7731,7731,9913,
7732,7732,2437,
7733,7733,9697,
7734,7734,3412,
7735,7735,2880,
7736,7736,5344,
7737,7737,2217,
7738,7738,2927,
7739,7739,7859,
7740,7740,4535,
7741,7741,9696,
7742,7742,5655,
7743,7743,1948,
7744,7744,2437,
7745,7745,5115,
7746,7746,7145,
7747,7747,4938,
7748,7748,7461,
7749,7749,2645,
7750,7750,1736,
7751,7751,4643,
7752,7752,3525,
7753,7753,2646,
7754,7754,2837,
7755,7755,2129,
7756,7756,5790,
7757,7757,8161,
7758,7758,8783,
7759,7759,8105,
7760,7760,1906,
7761,7761,5016,
7762,7762,5201,
7763,7763,5024,
7764,7764,7810,
7765,7765,4338,
7766,7766,1866,
7767,7767,6911,
7768,7768,9929,
7769,7769,2038,
7770,7770,5036,
7771,7771,6184,
7772,7772,6532,
7773,7773,3997,
7774,7774,7532,
7775,7775,9600,
7776,7776,7734,
7777,7777,4599,
7778,7778,8095,
7779,7779,7440,
7780,7780,9797,
7781,7781,1698,
7782,7782,9010,
7783,7783,2091,
7784,7784,5892,
7785,7785,9573,
7786,7786,2730,
7787,7787,9161,
7788,7788,5839,
7789,7789,2851,
7790,7790,2246,
7791,7791,4844,
7792,7792,9594,
7793,7793,3615,
7794,7794,3294,
7795,7795,3843,
7796,7796,4976,
7797,7797,9478,
7798,7798,8971,
7799,7799,8760,
7800,7800,5535,
7801,7801,4766,
7802,7802,9190,
7803,7803,2821,
7804,7804,5170,
7805,7805,8216,
7806,7806,5032,
7807,7807,9279,
7808,7808,3413,
7809,7809,3952,
7810,7810,8501,
7811,7811,3204,
7812,7812,5506,
7813,7813,2141,
7814,7814,3431,
7815,7815,7145,
7816,7816,8017,
7817,7817,9119,
7818,7818,9862,
7819,7819,8781,
7820,7820,8059,
7821,7821,6351,
7822,7822,9162,
7823,7823,3474,
7824,7824,7767,
7825,7825,2773,
7826,7826,1611,
7827,7827,2923,
7828,7828,9976,
7829,7829,9028,
7830,7830,4563,
7831,7831,3272,
7832,7832,6606,
7833,7833,1785,
7834,7834,8117,
7835,7835,7610,
7836,7836,3854,
7837,7837,1609,
7838,7838,2201,
7839,7839,4397,
7840,7840,4666,
7841,7841,5290,
7842,7842,9187,
7843,7843,9794,
7844,7844,1680,
7845,7845,7936,
7846,7846,9081,
7847,7847,9118,
7848,7848,3540,
7849,7849,9944,
7850,7850,7478,
7851,7851,9840,
7852,7852,8225,
7853,7853,2626,
7854,7854,8870,
7855,7855,2024,
7856,7856,6736,
7857,7857,5051,
7858,7858,4567,
7859,7859,4361,
7860,7860,9920,
7861,7861,7021,
7862,7862,2768,
7863,7863,3994,
7864,7864,5122,
7865,7865,7457,
7866,7866,1501,
7867,7867,6275,
7868,7868,6906,
7869,7869,2737,
7870,7870,5211,
7871,7871,4603,
7872,7872,6803,
7873,7873,9841,
7874,7874,5709,
7875,7875,1812,
7876,7876,2418,
7877,7877,2244,
7878,7878,8085,
7879,7879,5884,
7880,7880,8304,
7881,7881,3354,
7882,7882,4678,
7883,7883,3689,
7884,7884,3932,
7885,7885,3359,
7886,7886,8811,
7887,7887,7466,
7888,7888,2765,
7889,7889,5430,
7890,7890,6708,
7891,7891,2970,
7892,7892,9113,
7893,7893,3683,
7894,7894,9617,
7895,7895,7027,
7896,7896,9188,
7897,7897,5517,
7898,7898,5980,
7899,7899,2391,
7900,7900,4566,
7901,7901,8117,
7902,7902,1969,
7903,7903,8970,
7904,7904,8161,
7905,7905,7294,
7906,7906,8361,
7907,7907,6100,
7908,7908,5752,
7909,7909,7207,
7910,7910,4962,
7911,7911,3770,
7912,7912,4046,
7913,7913,7894,
7914,7914,3489,
7915,7915,7724,
7916,7916,9859,
7917,7917,8330,
7918,7918,7473,
7919,7919,5719,
7920,7920,9606,
7921,7921,7237,
7922,7922,8220,
7923,7923,1750,
7924,7924,9961,
7925,7925,8732,
7926,7926,8876,
7927,7927,5755,
7928,7928,6252,
7929,7929,6177,
7930,7930,8761,
7931,7931,4024,
7932,7932,9902,
7933,7933,4558,
7934,7934,6829,
7935,7935,6038,
7936,7936,9494,
7937,7937,5981,
7938,7938,6975,
7939,7939,3963,
7940,7940,3093,
7941,7941,8554,
7942,7942,1715,
7943,7943,9562,
7944,7944,2542,
7945,7945,5355,
7946,7946,1572,
7947,7947,7362,
7948,7948,3169,
7949,7949,6531,
7950,7950,7834,
7951,7951,8706,
7952,7952,4286,
7953,7953,4453,
7954,7954,3852,
7955,7955,5625,
7956,7956,4530,
7957,7957,1589,
7958,7958,3279,
7959,7959,8808,
7960,7960,8221,
7961,7961,7631,
7962,7962,7449,
7963,7963,6749,
7964,7964,6982,
7965,7965,7920,
7966,7966,5399,
7967,7967,8298,
7968,7968,1693,
7969,7969,7295,
7970,7970,5631,
7971,7971,8819,
7972,7972,4503,
7973,7973,4685,
7974,7974,5656,
7975,7975,5076,
7976,7976,7118,
7977,7977,3240,
7978,7978,2405,
7979,7979,7347,
7980,7980,4630,
7981,7981,3715,
7982,7982,9661,
7983,7983,6186,
7984,7984,1878,
7985,7985,6442,
7986,7986,7652,
7987,7987,6992,
7988,7988,5357,
7989,7989,6704,
7990,7990,4834,
7991,7991,9744,
7992,7992,1588,
7993,7993,6948,
7994,7994,5978,
7995,7995,6544,
7996,7996,8493,
7997,7997,8587,
7998,7998,4435,
7999,7999,4129,
8000,8000,1999,
8001,8001,6920,
8002,8002,9201,
8003,8003,2455,
8004,8004,4764,
8005,8005,6930,
8006,8006,2803,
8007,8007,7821,
8008,8008,6174,
8009,8009,6905,
8010,8010,5226,
8011,8011,3360,
8012,8012,7092,
8013,8013,7835,
8014,8014,7194,
8015,8015,6265,
8016,8016,7205,
8017,8017,5535,
8018,8018,5497,
8019,8019,8895,
8020,8020,8371,
8021,8021,7117,
8022,8022,2595,
8023,8023,7848,
8024,8024,2233,
8025,8025,1924,
8026,8026,6811,
8027,8027,6169,
8028,8028,1851,
8029,8029,9393,
8030,8030,5470,
8031,8031,5703,
8032,8032,7440,
8033,8033,3008,
8034,8034,7171,
8035,8035,5383,
8036,8036,5523,
8037,8037,5792,
8038,8038,7237,
8039,8039,7322,
8040,8040,6858,
8041,8041,6354,
8042,8042,1930,
8043,8043,10000,
8044,8044,7499,
8045,8045,9337,
8046,8046,1987,
8047,8047,5992,
8048,8048,4532,
8049,8049,6432,
8050,8050,6821,
8051,8051,5232,
8052,8052,3927,
8053,8053,2005,
8054,8054,7995,
8055,8055,8449,
8056,8056,9081,
8057,8057,3157,
8058,8058,9758,
8059,8059,5606,
8060,8060,2076,
8061,8061,4814,
8062,8062,8382,
8063,8063,2295,
8064,8064,1844,
8065,8065,4402,
8066,8066,6564,
8067,8067,5159,
8068,8068,6715,
8069,8069,6418,
8070,8070,1901,
8071,8071,6919,
8072,8072,9922,
8073,8073,3702,
8074,8074,1605,
8075,8075,5645,
8076,8076,2815,
8077,8077,4759,
8078,8078,7486,
8079,8079,4611,
8080,8080,8813,
8081,8081,7272,
8082,8082,3713,
8083,8083,3231,
8084,8084,2365,
8085,8085,4074,
8086,8086,2675,
8087,8087,2287,
8088,8088,8943,
8089,8089,2903,
8090,8090,4446,
8091,8091,2568,
8092,8092,4860,
8093,8093,3668,
8094,8094,3782,
8095,8095,5522,
8096,8096,6670,
8097,8097,6696,
8098,8098,8725,
8099,8099,5629,
8100,8100,5359,
8101,8101,1624,
8102,8102,6760,
8103,8103,2211,
8104,8104,9583,
8105,8105,4377,
8106,8106,4271,
8107,8107,6773,
8108,8108,9716,
8109,8109,7648,
8110,8110,3772,
8111,8111,3910,
8112,8112,6006,
8113,8113,5771,
8114,8114,4162,
8115,8115,4529,
8116,8116,5762,
8117,8117,4352,
8118,8118,4735,
8119,8119,4226,
8120,8120,2196,
8121,8121,4051,
8122,8122,4291,
8123,8123,4456,
8124,8124,2587,
8125,8125,5535,
8126,8126,1677,
8127,8127,4858,
8128,8128,7259,
8129,8129,6250,
8130,8130,6049,
8131,8131,5054,
8132,8132,5533,
8133,8133,6629,
8134,8134,6585,
8135,8135,2665,
8136,8136,4246,
8137,8137,4458,
8138,8138,9388,
8139,8139,5377,
8140,8140,3051,
8141,8141,1989,
8142,8142,9409,
8143,8143,9655,
8144,8144,3131,
8145,8145,9927,
8146,8146,8852,
8147,8147,6170,
8148,8148,3385,
8149,8149,8675,
8150,8150,8132,
8151,8151,6477,
8152,8152,9284,
8153,8153,9912,
8154,8154,8134,
8155,8155,2752,
8156,8156,2776,
8157,8157,8236,
8158,8158,9774,
8159,8159,2656,
8160,8160,8550,
8161,8161,8439,
8162,8162,9127,
8163,8163,7859,
8164,8164,8141,
8165,8165,5380,
8166,8166,6277,
8167,8167,7533,
8168,8168,9413,
8169,8169,7720,
8170,8170,5744,
8171,8171,1538,
8172,8172,7661,
8173,8173,2616,
8174,8174,8755,
8175,8175,7498,
8176,8176,3283,
8177,8177,6536,
8178,8178,4046,
8179,8179,2809,
8180,8180,1787,
8181,8181,5662,
8182,8182,6374,
8183,8183,5984,
8184,8184,2046,
8185,8185,3475,
8186,8186,9486,
8187,8187,8247,
8188,8188,5720,
8189,8189,3504,
8190,8190,7296,
8191,8191,3382,
8192,8192,3028,
8193,8193,9334,
8194,8194,9625,
8195,8195,6725,
8196,8196,9185,
8197,8197,4080,
8198,8198,7316,
8199,8199,2843,
8200,8200,2766,
8201,8201,1648,
8202,8202,5444,
8203,8203,3381,
8204,8204,4122,
8205,8205,5070,
8206,8206,7879,
8207,8207,6456,
8208,8208,6387,
8209,8209,2423,
8210,8210,4370,
8211,8211,4987,
8212,8212,8957,
8213,8213,9131,
8214,8214,2229,
8215,8215,3205,
8216,8216,5626,
8217,8217,2634,
8218,8218,7148,
8219,8219,8731,
8220,8220,5813,
8221,8221,6397,
8222,8222,3697,
8223,8223,2605,
8224,8224,6068,
8225,8225,2580,
8226,8226,3440,
8227,8227,3364,
8228,8228,6680,
8229,8229,8395,
8230,8230,4885,
8231,8231,6703,
8232,8232,2357,
8233,8233,3682,
8234,8234,7241,
8235,8235,9313,
8236,8236,5093,
8237,8237,5606,
8238,8238,8296,
8239,8239,1612,
8240,8240,5678,
8241,8241,4816,
8242,8242,8788,
8243,8243,1913,
8244,8244,2119,
8245,8245,9579,
8246,8246,3591,
8247,8247,3934,
8248,8248,9320,
8249,8249,6253,
8250,8250,2925,
8251,8251,3502,
8252,8252,8767,
8253,8253,2251,
8254,8254,6149,
8255,8255,6829,
8256,8256,7059,
8257,8257,4197,
8258,8258,7630,
8259,8259,2503,
8260,8260,7551,
8261,8261,6740,
8262,8262,3213,
8263,8263,6786,
8264,8264,7411,
8265,8265,6568,
8266,8266,4054,
8267,8267,1959,
8268,8268,8607,
8269,8269,2000,
8270,8270,2563,
8271,8271,5497,
8272,8272,7686,
8273,8273,9984,
8274,8274,2615,
8275,8275,2952,
8276,8276,7719,
8277,8277,7702,
8278,8278,1718,
8279,8279,7878,
8280,8280,6291,
8281,8281,7921,
8282,8282,7427,
8283,8283,9632,
8284,8284,8602,
8285,8285,1764,
8286,8286,2647,
8287,8287,8584,
8288,8288,2031,
8289,8289,9213,
8290,8290,6768,
8291,8291,5190,
8292,8292,4556,
8293,8293,9077,
8294,8294,3092,
8295,8295,3362,
8296,8296,8493,
8297,8297,2411,
8298,8298,6525,
8299,8299,4590,
8300,8300,3006,
8301,8301,4362,
8302,8302,1733,
8303,8303,5888,
8304,8304,6943,
8305,8305,8197,
8306,8306,8057,
8307,8307,9557,
8308,8308,8400,
8309,8309,6351,
8310,8310,8362,
8311,8311,1685,
8312,8312,6972,
8313,8313,2843,
8314,8314,9873,
8315,8315,7420,
8316,8316,5020,
8317,8317,5453,
8318,8318,5613,
8319,8319,1558,
8320,8320,5489,
8321,8321,3053,
8322,8322,2510,
8323,8323,9520,
8324,8324,2118,
8325,8325,2604,
8326,8326,8573,
8327,8327,6126,
8328,8328,7537,
8329,8329,4287,
8330,8330,5500,
8331,8331,4138,
8332,8332,4350,
8333,8333,9762,
8334,8334,3864,
8335,8335,9063,
8336,8336,5069,
8337,8337,2606,
8338,8338,5612,
8339,8339,8670,
8340,8340,4483,
8341,8341,9592,
8342,8342,3383,
8343,8343,2618,
8344,8344,5644,
8345,8345,2044,
8346,8346,4572,
8347,8347,1787,
8348,8348,6650,
8349,8349,4345,
8350,8350,2300,
8351,8351,4708,
8352,8352,6391,
8353,8353,3458,
8354,8354,6763,
8355,8355,6437,
8356,8356,7304,
8357,8357,6544,
8358,8358,7796,
8359,8359,6903,
8360,8360,3715,
8361,8361,6404,
8362,8362,6803,
8363,8363,6694,
8364,8364,7351,
8365,8365,2090,
8366,8366,7704,
8367,8367,7317,
8368,8368,6280,
8369,8369,2100,
8370,8370,7283,
8371,8371,4239,
8372,8372,8868,
8373,8373,5447,
8374,8374,6793,
8375,8375,5174,
8376,8376,3800,
8377,8377,6942,
8378,8378,2243,
8379,8379,6956,
8380,8380,6795,
8381,8381,4327,
8382,8382,6834,
8383,8383,2884,
8384,8384,4927,
8385,8385,6416,
8386,8386,6032,
8387,8387,2989,
8388,8388,7141,
8389,8389,9562,
8390,8390,1708,
8391,8391,1752,
8392,8392,5368,
8393,8393,6029,
8394,8394,8701,
8395,8395,9693,
8396,8396,7143,
8397,8397,3037,
8398,8398,8418,
8399,8399,5818,
8400,8400,6581,
8401,8401,3389,
8402,8402,5974,
8403,8403,5587,
8404,8404,6859,
8405,8405,4260,
8406,8406,9514,
8407,8407,3965,
8408,8408,7629,
8409,8409,8412,
8410,8410,5365,
8411,8411,1671,
8412,8412,9447,
8413,8413,5964,
8414,8414,4023,
8415,8415,7855,
8416,8416,3270,
8417,8417,4078,
8418,8418,8052,
8419,8419,4019,
8420,8420,7001,
8421,8421,9386,
8422,8422,6783,
8423,8423,5141,
8424,8424,8826,
8425,8425,1554,
8426,8426,9204,
8427,8427,5585,
8428,8428,6046,
8429,8429,6183,
8430,8430,1649,
8431,8431,5117,
8432,8432,3850,
8433,8433,2701,
8434,8434,5064,
8435,8435,4151,
8436,8436,8502,
8437,8437,9793,
8438,8438,9202,
8439,8439,8348,
8440,8440,7231,
8441,8441,2981,
8442,8442,7203,
8443,8443,9559,
8444,8444,5105,
8445,8445,7650,
8446,8446,9168,
8447,8447,7955,
8448,8448,1975,
8449,8449,5866,
8450,8450,6787,
8451,8451,4955,
8452,8452,3374,
8453,8453,5644,
8454,8454,1586,
8455,8455,1987,
8456,8456,9220,
8457,8457,9924,
8458,8458,9026,
8459,8459,7855,
8460,8460,6122,
8461,8461,8397,
8462,8462,8473,
8463,8463,9994,
8464,8464,1503,
8465,8465,3651,
8466,8466,9853,
8467,8467,2414,
8468,8468,1751,
8469,8469,9179,
8470,8470,5544,
8471,8471,7365,
8472,8472,6802,
8473,8473,2586,
8474,8474,2762,
8475,8475,7481,
8476,8476,5710,
8477,8477,2233,
8478,8478,6710,
8479,8479,5997,
8480,8480,7180,
8481,8481,4361,
8482,8482,5890,
8483,8483,5914,
8484,8484,9050,
8485,8485,7325,
8486,8486,1511,
8487,8487,3926,
8488,8488,5214,
8489,8489,2793,
8490,8490,3293,
8491,8491,6677,
8492,8492,8915,
8493,8493,4669,
8494,8494,9016,
8495,8495,7144,
8496,8496,2157,
8497,8497,6314,
8498,8498,2608,
8499,8499,8869,
8500,8500,3288,
8501,8501,8512,
8502,8502,1852,
8503,8503,5475,
8504,8504,2934,
8505,8505,7460,
8506,8506,4684,
8507,8507,2386,
8508,8508,6510,
8509,8509,6199,
8510,8510,1589,
8511,8511,8792,
8512,8512,7821,
8513,8513,7664,
8514,8514,3291,
8515,8515,6510,
8516,8516,7882,
8517,8517,9004,
8518,8518,3794,
8519,8519,8662,
8520,8520,8688,
8521,8521,4818,
8522,8522,5819,
8523,8523,8515,
8524,8524,7172,
8525,8525,6734,
8526,8526,2661,
8527,8527,8532,
8528,8528,8139,
8529,8529,6328,
8530,8530,2789,
8531,8531,7039,
8532,8532,5049,
8533,8533,6324,
8534,8534,8461,
8535,8535,9170,
8536,8536,3017,
8537,8537,7051,
8538,8538,9165,
8539,8539,3439,
8540,8540,5284,
8541,8541,2990,
8542,8542,5324,
8543,8543,5841,
8544,8544,2315,
8545,8545,4052,
8546,8546,9916,
8547,8547,2643,
8548,8548,6363,
8549,8549,7429,
8550,8550,6331,
8551,8551,9259,
8552,8552,1775,
8553,8553,9353,
8554,8554,4269,
8555,8555,4657,
8556,8556,2488,
8557,8557,9642,
8558,8558,9221,
8559,8559,7685,
8560,8560,7075,
8561,8561,9857,
8562,8562,8247,
8563,8563,7820,
8564,8564,2131,
8565,8565,3320,
8566,8566,6546,
8567,8567,9238,
8568,8568,9913,
8569,8569,9509,
8570,8570,8822,
8571,8571,7344,
8572,8572,3914,
8573,8573,7412,
8574,8574,4344,
8575,8575,6722,
8576,8576,6790,
8577,8577,9197,
8578,8578,4589,
8579,8579,9112,
8580,8580,9252,
8581,8581,2521,
8582,8582,6921,
8583,8583,3831,
8584,8584,2664,
8585,8585,4208,
8586,8586,7218,
8587,8587,2586,
8588,8588,6074,
8589,8589,5832,
8590,8590,7396,
8591,8591,4823,
8592,8592,5386,
8593,8593,6341,
8594,8594,5034,
8595,8595,4836,
8596,8596,8690,
8597,8597,7497,
8598,8598,7519,
8599,8599,7546,
8600,8600,7612,
8601,8601,4219,
8602,8602,7785,
8603,8603,5621,
8604,8604,9527,
8605,8605,6811,
8606,8606,5597,
8607,8607,6882,
8608,8608,9011,
8609,8609,5900,
8610,8610,8710,
8611,8611,1791,
8612,8612,3233,
8613,8613,3247,
8614,8614,2191,
8615,8615,3709,
8616,8616,9158,
8617,8617,5761,
8618,8618,1715,
8619,8619,7673,
8620,8620,1632,
8621,8621,6939,
8622,8622,6379,
8623,8623,7770,
8624,8624,6233,
8625,8625,8077,
8626,8626,9230,
8627,8627,3965,
8628,8628,7406,
8629,8629,6919,
8630,8630,7874,
8631,8631,4565,
8632,8632,7016,
8633,8633,4721,
8634,8634,1974,
8635,8635,7719,
8636,8636,7642,
8637,8637,5546,
8638,8638,7039,
8639,8639,8495,
8640,8640,1608,
8641,8641,5894,
8642,8642,5766,
8643,8643,9474,
8644,8644,8960,
8645,8645,9073,
8646,8646,8585,
8647,8647,2164,
8648,8648,2919,
8649,8649,4117,
8650,8650,8183,
8651,8651,4770,
8652,8652,6047,
8653,8653,8308,
8654,8654,2029,
8655,8655,5772,
8656,8656,7994,
8657,8657,2607,
8658,8658,9656,
8659,8659,3582,
8660,8660,5475,
8661,8661,6318,
8662,8662,6313,
8663,8663,9389,
8664,8664,2031,
8665,8665,6347,
8666,8666,6414,
8667,8667,2059,
8668,8668,9805,
8669,8669,9569,
8670,8670,3706,
8671,8671,7687,
8672,8672,6565,
8673,8673,2398,
8674,8674,9222,
8675,8675,2942,
8676,8676,4247,
8677,8677,7866,
8678,8678,4815,
8679,8679,4570,
8680,8680,4444,
8681,8681,2783,
8682,8682,5492,
8683,8683,2254,
8684,8684,6628,
8685,8685,1704,
8686,8686,2948,
8687,8687,7115,
8688,8688,2669,
8689,8689,3797,
8690,8690,3502,
8691,8691,7494,
8692,8692,8927,
8693,8693,2246,
8694,8694,8174,
8695,8695,9826,
8696,8696,4689,
8697,8697,9774,
8698,8698,7338,
8699,8699,6329,
8700,8700,9009,
8701,8701,7648,
8702,8702,6771,
8703,8703,5616,
8704,8704,3213,
8705,8705,4088,
8706,8706,7385,
8707,8707,7852,
8708,8708,9545,
8709,8709,5268,
8710,8710,9298,
8711,8711,6459,
8712,8712,5745,
8713,8713,5306,
8714,8714,9160,
8715,8715,2888,
8716,8716,7091,
8717,8717,4331,
8718,8718,8644,
8719,8719,2296,
8720,8720,9423,
8721,8721,5502,
8722,8722,6205,
8723,8723,2840,
8724,8724,3614,
8725,8725,3544,
8726,8726,5023,
8727,8727,6698,
8728,8728,7596,
8729,8729,2557,
8730,8730,2798,
8731,8731,7043,
8732,8732,6097,
8733,8733,1906,
8734,8734,2785,
8735,8735,2692,
8736,8736,7090,
8737,8737,9136,
8738,8738,7236,
8739,8739,7576,
8740,8740,9620,
8741,8741,6081,
8742,8742,3878,
8743,8743,4716,
8744,8744,4807,
8745,8745,9912,
8746,8746,6188,
8747,8747,9895,
8748,8748,8060,
8749,8749,7352,
8750,8750,7050,
8751,8751,4730,
8752,8752,2819,
8753,8753,2564,
8754,8754,3575,
8755,8755,2449,
8756,8756,8609,
8757,8757,8323,
8758,8758,2431,
8759,8759,6957,
8760,8760,6440,
8761,8761,5777,
8762,8762,7657,
8763,8763,1603,
8764,8764,8498,
8765,8765,6098,
8766,8766,2225,
8767,8767,6851,
8768,8768,2705,
8769,8769,5515,
8770,8770,4416,
8771,8771,1729,
8772,8772,6443,
8773,8773,2211,
8774,8774,9408,
8775,8775,3980,
8776,8776,6398,
8777,8777,5483,
8778,8778,7526,
8779,8779,9242,
8780,8780,7596,
8781,8781,2476,
8782,8782,7588,
8783,8783,5773,
8784,8784,3467,
8785,8785,6236,
8786,8786,2346,
8787,8787,7732,
8788,8788,7447,
8789,8789,8259,
8790,8790,6184,
8791,8791,7375,
8792,8792,9588,
8793,8793,3825,
8794,8794,3186,
8795,8795,5384,
8796,8796,4154,
8797,8797,6576,
8798,8798,3023,
8799,8799,8005,
8800,8800,9713,
8801,8801,5651,
8802,8802,7777,
8803,8803,7432,
8804,8804,7799,
8805,8805,3461,
8806,8806,1880,
8807,8807,4642,
8808,8808,3860,
8809,8809,3164,
8810,8810,7141,
8811,8811,6436,
8812,8812,1976,
8813,8813,7660,
8814,8814,8365,
8815,8815,9676,
8816,8816,4223,
8817,8817,8118,
8818,8818,2839,
8819,8819,8494,
8820,8820,4598,
8821,8821,2875,
8822,8822,5433,
8823,8823,3914,
8824,8824,5618,
8825,8825,4126,
8826,8826,8130,
8827,8827,6468,
8828,8828,9637,
8829,8829,6051,
8830,8830,4482,
8831,8831,9700,
8832,8832,3909,
8833,8833,2982,
8834,8834,4819,
8835,8835,1981,
8836,8836,9532,
8837,8837,5906,
8838,8838,5241,
8839,8839,9297,
8840,8840,9323,
8841,8841,8672,
8842,8842,6007,
8843,8843,5140,
8844,8844,7137,
8845,8845,4896,
8846,8846,4173,
8847,8847,2149,
8848,8848,2930,
8849,8849,5270,
8850,8850,4323,
8851,8851,2340,
8852,8852,4967,
8853,8853,9848,
8854,8854,2032,
8855,8855,8511,
8856,8856,1676,
8857,8857,6043,
8858,8858,8864,
8859,8859,4593,
8860,8860,6191,
8861,8861,4888,
8862,8862,3334,
8863,8863,5873,
8864,8864,5172,
8865,8865,3461,
8866,8866,4966,
8867,8867,2068,
8868,8868,9316,
8869,8869,1972,
8870,8870,8291,
8871,8871,6887,
8872,8872,5489,
8873,8873,8581,
8874,8874,4841,
8875,8875,8286,
8876,8876,5238,
8877,8877,3493,
8878,8878,5400,
8879,8879,6067,
8880,8880,6142,
8881,8881,5137,
8882,8882,7139,
8883,8883,9747,
8884,8884,5675,
8885,8885,9665,
8886,8886,4184,
8887,8887,9349,
8888,8888,1568,
8889,8889,2615,
8890,8890,4219,
8891,8891,9271,
8892,8892,9983,
8893,8893,8279,
8894,8894,7321,
8895,8895,2644,
8896,8896,3958,
8897,8897,2063,
8898,8898,3439,
8899,8899,7194,
8900,8900,9494,
8901,8901,3334,
8902,8902,8464,
8903,8903,8307,
8904,8904,6167,
8905,8905,1750,
8906,8906,6156,
8907,8907,7518,
8908,8908,5499,
8909,8909,3386,
8910,8910,3191,
8911,8911,1687,
8912,8912,9182,
8913,8913,9657,
8914,8914,6499,
8915,8915,9221,
8916,8916,7263,
8917,8917,2459,
8918,8918,7038,
8919,8919,1628,
8920,8920,3943,
8921,8921,2531,
8922,8922,4251,
8923,8923,3620,
8924,8924,2131,
8925,8925,4757,
8926,8926,4937,
8927,8927,2052,
8928,8928,9289,
8929,8929,3737,
8930,8930,8589,
8931,8931,2946,
8932,8932,2232,
8933,8933,7972,
8934,8934,7586,
8935,8935,4708,
8936,8936,7975,
8937,8937,7861,
8938,8938,2244,
8939,8939,8613,
8940,8940,6191,
8941,8941,5657,
8942,8942,6850,
8943,8943,7866,
8944,8944,4281,
8945,8945,2374,
8946,8946,8772,
8947,8947,4557,
8948,8948,3732,
8949,8949,6141,
8950,8950,5439,
8951,8951,6820,
8952,8952,1816,
8953,8953,9128,
8954,8954,7150,
8955,8955,5803,
8956,8956,4237,
8957,8957,7292,
8958,8958,2866,
8959,8959,7390,
8960,8960,2833,
8961,8961,3880,
8962,8962,7862,
8963,8963,6290,
8964,8964,5660,
8965,8965,9791,
8966,8966,3539,
8967,8967,6480,
8968,8968,4058,
8969,8969,3081,
8970,8970,3661,
8971,8971,8917,
8972,8972,6626,
8973,8973,2519,
8974,8974,6818,
8975,8975,7595,
8976,8976,7091,
8977,8977,6456,
8978,8978,8130,
8979,8979,9804,
8980,8980,3558,
8981,8981,4831,
8982,8982,5784,
8983,8983,2372,
8984,8984,8048,
8985,8985,8401,
8986,8986,6612,
8987,8987,8734,
8988,8988,4857,
8989,8989,1714,
8990,8990,5523,
8991,8991,7579,
8992,8992,7713,
8993,8993,9419,
8994,8994,2677,
8995,8995,9288,
8996,8996,8505,
8997,8997,2427,
8998,8998,8532,
8999,8999,8698,
9000,9000,8875,
9001,9001,5601,
9002,9002,6103,
9003,9003,8580,
9004,9004,9899,
9005,9005,8024,
9006,9006,7837,
9007,9007,3454,
9008,9008,8606,
9009,9009,1913,
9010,9010,4777,
9011,9011,6961,
9012,9012,6272,
9013,9013,4509,
9014,9014,4090,
9015,9015,3773,
9016,9016,7096,
9017,9017,6617,
9018,9018,8150,
9019,9019,3409,
9020,9020,9169,
9021,9021,3826,
9022,9022,5014,
9023,9023,2977,
9024,9024,9197,
9025,9025,5232,
9026,9026,9838,
9027,9027,6779,
9028,9028,9167,
9029,9029,8297,
9030,9030,3493,
9031,9031,5721,
9032,9032,9077,
9033,9033,8224,
9034,9034,6872,
9035,9035,9635,
9036,9036,8299,
9037,9037,7629,
9038,9038,1859,
9039,9039,5314,
9040,9040,7913,
9041,9041,3244,
9042,9042,7789,
9043,9043,7338,
9044,9044,6237,
9045,9045,2714,
9046,9046,8148,
9047,9047,4534,
9048,9048,8286,
9049,9049,3254,
9050,9050,5758,
9051,9051,9322,
9052,9052,4686,
9053,9053,9384,
9054,9054,4144,
9055,9055,3520,
9056,9056,7473,
9057,9057,2599,
9058,9058,1973,
9059,9059,3361,
9060,9060,3058,
9061,9061,6066,
9062,9062,4987,
9063,9063,5067,
9064,9064,6203,
9065,9065,2375,
9066,9066,9458,
9067,9067,3059,
9068,9068,3215,
9069,9069,5617,
9070,9070,8856,
9071,9071,6768,
9072,9072,1659,
9073,9073,4816,
9074,9074,2578,
9075,9075,3755,
9076,9076,6593,
9077,9077,8855,
9078,9078,6073,
9079,9079,2037,
9080,9080,6434,
9081,9081,5190,
9082,9082,5070,
9083,9083,3983,
9084,9084,6965,
9085,9085,5332,
9086,9086,7595,
9087,9087,7855,
9088,9088,5401,
9089,9089,4434,
9090,9090,4591,
9091,9091,5876,
9092,9092,6436,
9093,9093,8240,
9094,9094,7111,
9095,9095,8273,
9096,9096,2876,
9097,9097,4411,
9098,9098,3432,
9099,9099,6720,
9100,9100,4332,
9101,9101,2170,
9102,9102,9430,
9103,9103,1594,
9104,9104,3345,
9105,9105,2913,
9106,9106,7412,
9107,9107,3963,
9108,9108,4904,
9109,9109,4691,
9110,9110,3618,
9111,9111,7843,
9112,9112,4881,
9113,9113,4925,
9114,9114,6241,
9115,9115,4874,
9116,9116,4699,
9117,9117,1608,
9118,9118,2168,
9119,9119,3169,
9120,9120,2298,
9121,9121,8939,
9122,9122,5251,
9123,9123,5070,
9124,9124,3023,
9125,9125,4882,
9126,9126,7829,
9127,9127,8663,
9128,9128,8943,
9129,9129,9556,
9130,9130,9772,
9131,9131,1829,
9132,9132,2596,
9133,9133,6202,
9134,9134,9237,
9135,9135,9533,
9136,9136,9988,
9137,9137,8786,
9138,9138,9794,
9139,9139,2230,
9140,9140,7451,
9141,9141,9076,
9142,9142,4869,
9143,9143,4408,
9144,9144,6507,
9145,9145,9957,
9146,9146,8548,
9147,9147,1573,
9148,9148,4864,
9149,9149,2670,
9150,9150,6220,
9151,9151,3271,
9152,9152,2820,
9153,9153,8239,
9154,9154,3371,
9155,9155,8689,
9156,9156,4380,
9157,9157,5960,
9158,9158,1957,
9159,9159,1538,
9160,9160,4510,
9161,9161,6136,
9162,9162,9037,
9163,9163,6970,
9164,9164,4065,
9165,9165,3195,
9166,9166,6540,
9167,9167,4272,
9168,9168,5493,
9169,9169,4488,
9170,9170,8749,
9171,9171,5582,
9172,9172,2515,
9173,9173,8458,
9174,9174,1914,
9175,9175,6895,
9176,9176,9696,
9177,9177,6583,
9178,9178,8915,
9179,9179,3893,
9180,9180,2328,
9181,9181,7749,
9182,9182,9994,
9183,9183,7904,
9184,9184,8549,
9185,9185,5909,
9186,9186,2053,
9187,9187,4530,
9188,9188,8540,
9189,9189,9537,
9190,9190,2394,
9191,9191,4087,
9192,9192,9263,
9193,9193,6794,
9194,9194,6010,
9195,9195,4930,
9196,9196,7471,
9197,9197,2174,
9198,9198,2213,
9199,9199,3535,
9200,9200,3948,
9201,9201,7763,
9202,9202,8096,
9203,9203,5432,
9204,9204,2095,
9205,9205,7719,
9206,9206,9153,
9207,9207,4833,
9208,9208,8279,
9209,9209,3762,
9210,9210,2995,
9211,9211,5021,
9212,9212,7260,
9213,9213,9306,
9214,9214,2843,
9215,9215,7808,
9216,9216,7096,
9217,9217,1619,
9218,9218,3849,
9219,9219,8452,
9220,9220,4667,
9221,9221,8088,
9222,9222,7309,
9223,9223,2604,
9224,9224,3554,
9225,9225,2235,
9226,9226,3361,
9227,9227,9489,
9228,9228,5318,
9229,9229,3373,
9230,9230,5290,
9231,9231,4395,
9232,9232,4563,
9233,9233,6957,
9234,9234,1558,
9235,9235,2305,
9236,9236,2508,
9237,9237,2796,
9238,9238,9715,
9239,9239,9811,
9240,9240,6609,
9241,9241,8892,
9242,9242,1651,
9243,9243,9135,
9244,9244,3792,
9245,9245,9481,
9246,9246,9803,
9247,9247,2163,
9248,9248,6449,
9249,9249,1780,
9250,9250,3657,
9251,9251,7511,
9252,9252,3315,
9253,9253,9935,
9254,9254,5599,
9255,9255,9709,
9256,9256,9667,
9257,9257,4615,
9258,9258,6161,
9259,9259,5070,
9260,9260,5549,
9261,9261,7787,
9262,9262,6332,
9263,9263,5287,
9264,9264,5746,
9265,9265,2636,
9266,9266,3644,
9267,9267,3878,
9268,9268,4303,
9269,9269,4134,
9270,9270,8671,
9271,9271,9498,
9272,9272,8359,
9273,9273,2233,
9274,9274,3394,
9275,9275,7970,
9276,9276,7793,
9277,9277,9176,
9278,9278,3931,
9279,9279,4068,
9280,9280,5366,
9281,9281,3558,
9282,9282,5986,
9283,9283,6577,
9284,9284,4016,
9285,9285,2511,
9286,9286,3710,
9287,9287,4803,
9288,9288,7977,
9289,9289,4519,
9290,9290,3727,
9291,9291,1904,
9292,9292,7039,
9293,9293,9415,
9294,9294,7859,
9295,9295,6789,
9296,9296,2364,
9297,9297,6762,
9298,9298,5031,
9299,9299,1762,
9300,9300,5194,
9301,9301,5264,
9302,9302,8160,
9303,9303,4457,
9304,9304,1856,
9305,9305,7486,
9306,9306,4432,
9307,9307,2166,
9308,9308,8693,
9309,9309,2043,
9310,9310,6996,
9311,9311,2312,
9312,9312,9918,
9313,9313,5346,
9314,9314,2109,
9315,9315,2072,
9316,9316,1914,
9317,9317,9204,
9318,9318,1939,
9319,9319,4324,
9320,9320,2492,
9321,9321,9732,
9322,9322,7105,
9323,9323,8301,
9324,9324,2152,
9325,9325,8481,
9326,9326,3075,
9327,9327,5258,
9328,9328,5533,
9329,9329,4505,
9330,9330,5570,
9331,9331,5005,
9332,9332,3424,
9333,9333,4304,
9334,9334,9732,
9335,9335,8687,
9336,9336,3041,
9337,9337,5943,
9338,9338,3155,
9339,9339,4139,
9340,9340,7688,
9341,9341,3312,
9342,9342,6347,
9343,9343,6901,
9344,9344,2446,
9345,9345,2924,
9346,9346,7233,
9347,9347,8794,
9348,9348,9893,
9349,9349,3247,
9350,9350,3667,
9351,9351,2766,
9352,9352,4988,
9353,9353,2829,
9354,9354,8537,
9355,9355,6941,
9356,9356,3914,
9357,9357,8116,
9358,9358,7892,
9359,9359,9755,
9360,9360,7676,
9361,9361,9169,
9362,9362,5518,
9363,9363,8815,
9364,9364,5679,
9365,9365,6242,
9366,9366,6593,
9367,9367,6013,
9368,9368,7402,
9369,9369,6554,
9370,9370,3839,
9371,9371,2341,
9372,9372,1815,
9373,9373,5486,
9374,9374,4675,
9375,9375,8468,
9376,9376,8092,
9377,9377,3315,
9378,9378,2306,
9379,9379,2239,
9380,9380,8912,
9381,9381,2844,
9382,9382,3840,
9383,9383,6081,
9384,9384,6268,
9385,9385,2773,
9386,9386,3151,
9387,9387,4896,
9388,9388,9171,
9389,9389,8861,
9390,9390,2424,
9391,9391,7323,
9392,9392,7720,
9393,9393,2911,
9394,9394,2489,
9395,9395,4528,
9396,9396,6791,
9397,9397,2933,
9398,9398,4098,
9399,9399,9788,
9400,9400,8517,
9401,9401,8936,
9402,9402,3190,
9403,9403,6607,
9404,9404,4056,
9405,9405,3137,
9406,9406,1712,
9407,9407,5485,
9408,9408,5770,
9409,9409,6622,
9410,9410,5098,
9411,9411,2776,
9412,9412,2779,
9413,9413,7635,
9414,9414,3574,
9415,9415,4374,
9416,9416,8590,
9417,9417,5793,
9418,9418,8858,
9419,9419,8133,
9420,9420,3113,
9421,9421,2681,
9422,9422,4302,
9423,9423,8068,
9424,9424,7713,
9425,9425,8054,
9426,9426,7111,
9427,9427,8332,
9428,9428,6081,
9429,9429,7418,
9430,9430,4859,
9431,9431,8321,
9432,9432,1963,
9433,9433,8855,
9434,9434,6462,
9435,9435,7611,
9436,9436,1807,
9437,9437,2523,
9438,9438,9292,
9439,9439,5770,
9440,9440,1989,
9441,9441,7327,
9442,9442,7641,
9443,9443,9824,
9444,9444,9442,
9445,9445,3647,
9446,9446,2615,
9447,9447,2305,
9448,9448,4623,
9449,9449,2289,
9450,9450,4566,
9451,9451,1917,
9452,9452,5804,
9453,9453,4104,
9454,9454,9435,
9455,9455,9810,
9456,9456,6129,
9457,9457,3405,
9458,9458,2754,
9459,9459,7805,
9460,9460,5161,
9461,9461,6838,
9462,9462,8724,
9463,9463,9647,
9464,9464,7041,
9465,9465,8429,
9466,9466,4367,
9467,9467,5819,
9468,9468,4875,
9469,9469,3660,
9470,9470,6109,
9471,9471,9864,
9472,9472,6245,
9473,9473,7784,
9474,9474,8270,
9475,9475,7810,
9476,9476,3868,
9477,9477,5259,
9478,9478,4401,
9479,9479,4753,
9480,9480,9934,
9481,9481,4832,
9482,9482,3851,
9483,9483,5974,
9484,9484,9877,
9485,9485,8581,
9486,9486,5835,
9487,9487,4355,
9488,9488,6218,
9489,9489,8779,
9490,9490,9535,
9491,9491,4241,
9492,9492,2986,
9493,9493,5427,
9494,9494,2021,
9495,9495,5647,
9496,9496,5219,
9497,9497,3992,
9498,9498,6874,
9499,9499,4628,
9500,9500,4344,
9501,9501,9816,
9502,9502,8440,
9503,9503,5197,
9504,9504,4122,
9505,9505,1540,
9506,9506,9880,
9507,9507,4670,
9508,9508,7044,
9509,9509,9699,
9510,9510,4163,
9511,9511,6585,
9512,9512,5199,
9513,9513,1796,
9514,9514,7983,
9515,9515,3051,
9516,9516,4819,
9517,9517,6206,
9518,9518,7057,
9519,9519,4418,
9520,9520,6705,
9521,9521,5238,
9522,9522,4854,
9523,9523,4247,
9524,9524,2316,
9525,9525,4768,
9526,9526,3750,
9527,9527,5532,
9528,9528,2789,
9529,9529,1999,
9530,9530,3564,
9531,9531,9859,
9532,9532,2447,
9533,9533,7416,
9534,9534,5838,
9535,9535,6590,
9536,9536,2670,
9537,9537,9907,
9538,9538,4791,
9539,9539,6723,
9540,9540,7057,
9541,9541,5221,
9542,9542,2448,
9543,9543,3699,
9544,9544,7015,
9545,9545,4906,
9546,9546,6111,
9547,9547,7142,
9548,9548,1932,
9549,9549,8062,
9550,9550,6816,
9551,9551,9440,
9552,9552,6879,
9553,9553,2262,
9554,9554,2155,
9555,9555,3031,
9556,9556,6979,
9557,9557,7274,
9558,9558,6047,
9559,9559,7691,
9560,9560,9115,
9561,9561,1531,
9562,9562,9666,
9563,9563,6247,
9564,9564,4223,
9565,9565,1715,
9566,9566,2349,
9567,9567,3540,
9568,9568,7638,
9569,9569,6771,
9570,9570,9077,
9571,9571,3674,
9572,9572,7406,
9573,9573,1795,
9574,9574,3107,
9575,9575,3936,
9576,9576,7365,
9577,9577,4371,
9578,9578,2643,
9579,9579,7575,
9580,9580,8324,
9581,9581,9489,
9582,9582,5119,
9583,9583,7817,
9584,9584,6837,
9585,9585,9297,
9586,9586,7940,
9587,9587,8860,
9588,9588,3976,
9589,9589,4980,
9590,9590,2922,
9591,9591,7376,
9592,9592,9313,
9593,9593,4761,
9594,9594,9127,
9595,9595,7945,
9596,9596,8223,
9597,9597,8954,
9598,9598,5287,
9599,9599,3789,
9600,9600,4437,
9601,9601,9214,
9602,9602,5072,
9603,9603,9567,
9604,9604,6221,
9605,9605,2471,
9606,9606,4513,
9607,9607,6607,
9608,9608,6126,
9609,9609,7728,
9610,9610,6414,
9611,9611,9622,
9612,9612,4340,
9613,9613,7037,
9614,9614,8092,
9615,9615,2291,
9616,9616,7581,
9617,9617,2019,
9618,9618,3661,
9619,9619,3507,
9620,9620,7946,
9621,9621,8202,
9622,9622,4974,
9623,9623,3004,
9624,9624,3664,
9625,9625,6736,
9626,9626,2457,
9627,9627,3096,
9628,9628,6660,
9629,9629,5801,
9630,9630,2792,
9631,9631,4871,
9632,9632,8377,
9633,9633,5811,
9634,9634,8425,
9635,9635,5470,
9636,9636,3854,
9637,9637,3960,
9638,9638,4014,
9639,9639,2335,
9640,9640,9348,
9641,9641,9918,
9642,9642,6673,
9643,9643,8685,
9644,9644,3517,
9645,9645,4769,
9646,9646,2813,
9647,9647,8519,
9648,9648,9650,
9649,9649,6924,
9650,9650,6367,
9651,9651,1719,
9652,9652,3231,
9653,9653,3680,
9654,9654,4377,
9655,9655,1600,
9656,9656,4019,
9657,9657,6622,
9658,9658,7777,
9659,9659,3044,
9660,9660,7196,
9661,9661,9329,
9662,9662,2972,
9663,9663,9363,
9664,9664,9918,
9665,9665,2958,
9666,9666,4615,
9667,9667,9777,
9668,9668,3988,
9669,9669,5831,
9670,9670,3637,
9671,9671,4709,
9672,9672,3021,
9673,9673,5186,
9674,9674,6576,
9675,9675,5219,
9676,9676,6652,
9677,9677,8410,
9678,9678,5493,
9679,9679,6272,
9680,9680,4561,
9681,9681,7440,
9682,9682,7420,
9683,9683,9387,
9684,9684,9390,
9685,9685,4166,
9686,9686,8160,
9687,9687,2940,
9688,9688,1820,
9689,9689,4699,
9690,9690,6536,
9691,9691,8715,
9692,9692,1655,
9693,9693,8988,
9694,9694,2205,
9695,9695,4254,
9696,9696,4883,
9697,9697,7471,
9698,9698,6989,
9699,9699,6474,
9700,9700,9675,
9701,9701,7295,
9702,9702,7268,
9703,9703,2317,
9704,9704,9529,
9705,9705,6817,
9706,9706,5457,
9707,9707,7072,
9708,9708,1936,
9709,9709,2313,
9710,9710,3293,
9711,9711,3348,
9712,9712,9450,
9713,9713,6760,
9714,9714,1726,
9715,9715,5464,
9716,9716,2450,
9717,9717,7552,
9718,9718,4049,
9719,9719,4300,
9720,9720,7990,
9721,9721,9384,
9722,9722,6429,
9723,9723,7942,
9724,9724,1872,
9725,9725,3090,
9726,9726,4127,
9727,9727,4058,
9728,9728,4741,
9729,9729,8196,
9730,9730,5330,
9731,9731,6817,
9732,9732,8898,
9733,9733,7055,
9734,9734,5839,
9735,9735,6064,
9736,9736,5318,
9737,9737,8216,
9738,9738,7614,
9739,9739,6862,
9740,9740,1722,
9741,9741,1906,
9742,9742,7502,
9743,9743,8841,
9744,9744,9846,
9745,9745,4217,
9746,9746,6064,
9747,9747,5414,
9748,9748,8072,
9749,9749,9563,
9750,9750,5694,
9751,9751,8551,
9752,9752,3854,
9753,9753,1852,
9754,9754,2134,
9755,9755,8412,
9756,9756,7652,
9757,9757,5403,
9758,9758,6094,
9759,9759,7335,
9760,9760,5700,
9761,9761,3967,
9762,9762,2684,
9763,9763,6377,
9764,9764,8799,
9765,9765,3095,
9766,9766,8880,
9767,9767,1597,
9768,9768,8265,
9769,9769,7072,
9770,9770,8622,
9771,9771,6678,
9772,9772,3458,
9773,9773,2673,
9774,9774,9581,
9775,9775,7496,
9776,9776,3423,
9777,9777,6734,
9778,9778,3558,
9779,9779,4704,
9780,9780,9038,
9781,9781,3247,
9782,9782,7772,
9783,9783,7010,
9784,9784,4835,
9785,9785,1574,
9786,9786,4451,
9787,9787,1983,
9788,9788,8004,
9789,9789,6339,
9790,9790,4788,
9791,9791,3956,
9792,9792,5151,
9793,9793,3263,
9794,9794,7103,
9795,9795,6183,
9796,9796,2031,
9797,9797,2127,
9798,9798,2330,
9799,9799,7544,
9800,9800,2668,
9801,9801,6563,
9802,9802,7501,
9803,9803,4431,
9804,9804,7914,
9805,9805,8872,
9806,9806,8664,
9807,9807,9881,
9808,9808,3461,
9809,9809,2929,
9810,9810,4767,
9811,9811,2169,
9812,9812,5580,
9813,9813,8079,
9814,9814,8146,
9815,9815,4856,
9816,9816,7986,
9817,9817,9396,
9818,9818,4157,
9819,9819,5768,
9820,9820,8088,
9821,9821,6589,
9822,9822,2254,
9823,9823,5888,
9824,9824,6624,
9825,9825,9154,
9826,9826,2207,
9827,9827,9703,
9828,9828,7505,
9829,9829,4671,
9830,9830,8122,
9831,9831,6281,
9832,9832,5917,
9833,9833,6042,
9834,9834,7410,
9835,9835,6371,
9836,9836,1562,
9837,9837,3355,
9838,9838,8292,
9839,9839,4371,
9840,9840,5184,
9841,9841,6598,
9842,9842,2678,
9843,9843,5486,
9844,9844,6029,
9845,9845,9995,
9846,9846,7009,
9847,9847,3676,
9848,9848,4848,
9849,9849,9248,
9850,9850,6533,
9851,9851,2154,
9852,9852,4973,
9853,9853,2101,
9854,9854,4865,
9855,9855,2058,
9856,9856,6300,
9857,9857,8875,
9858,9858,8113,
9859,9859,6589,
9860,9860,5287,
9861,9861,1949,
9862,9862,6431,
9863,9863,8539,
9864,9864,2987,
9865,9865,4238,
9866,9866,7069,
9867,9867,8608,
9868,9868,9351,
9869,9869,6162,
9870,9870,6331,
9871,9871,4837,
9872,9872,2105,
9873,9873,9957,
9874,9874,4999,
9875,9875,4901,
9876,9876,2654,
9877,9877,6968,
9878,9878,4846,
9879,9879,2186,
9880,9880,9575,
9881,9881,4565,
9882,9882,9541,
9883,9883,6393,
9884,9884,7153,
9885,9885,6289,
9886,9886,5299,
9887,9887,5128,
9888,9888,9429,
9889,9889,7491,
9890,9890,7781,
9891,9891,5698,
9892,9892,3536,
9893,9893,7605,
9894,9894,7947,
9895,9895,2749,
9896,9896,7318,
9897,9897,6743,
9898,9898,4488,
9899,9899,2187,
9900,9900,4320,
9901,9901,8094,
9902,9902,7002,
9903,9903,3313,
9904,9904,7602,
9905,9905,8729,
9906,9906,4280,
9907,9907,9045,
9908,9908,7224,
9909,9909,5518,
9910,9910,1892,
9911,9911,4682,
9912,9912,8940,
9913,9913,4156,
9914,9914,1560,
9915,9915,9106,
9916,9916,9236,
9917,9917,8141,
9918,9918,3362,
9919,9919,5913,
9920,9920,9623,
9921,9921,3796,
9922,9922,3282,
9923,9923,3003,
9924,9924,1791,
9925,9925,6568,
9926,9926,4503,
9927,9927,1551,
9928,9928,1755,
9929,9929,3188,
9930,9930,7110,
9931,9931,4817,
9932,9932,7256,
9933,9933,9370,
9934,9934,5219,
9935,9935,4246,
9936,9936,6970,
9937,9937,6530,
9938,9938,9174,
9939,9939,3706,
9940,9940,6874,
9941,9941,5314,
9942,9942,4605,
9943,9943,4943,
9944,9944,6444,
9945,9945,2309,
9946,9946,2035,
9947,9947,2075,
9948,9948,3718,
9949,9949,4423,
9950,9950,3689,
9951,9951,3277,
9952,9952,7056,
9953,9953,4019,
9954,9954,6072,
9955,9955,6329,
9956,9956,7893,
9957,9957,8388,
9958,9958,2705,
9959,9959,9664,
9960,9960,4760,
9961,9961,5911,
9962,9962,5444,
9963,9963,5965,
9964,9964,4383,
9965,9965,6403,
9966,9966,4632,
9967,9967,2801,
9968,9968,6086,
9969,9969,9652,
9970,9970,5569,
9971,9971,1632,
9972,9972,5728,
9973,9973,8116,
9974,9974,6387,
9975,9975,5627,
9976,9976,7307,
9977,9977,6103,
9978,9978,1699,
9979,9979,5647,
9980,9980,4068,
9981,9981,8792,
9982,9982,8392,
9983,9983,7823,
9984,9984,6040,
9985,9985,9189,
9986,9986,7293,
9987,9987,5623,
9988,9988,4579,
9989,9989,8468,
9990,9990,8849,
9991,9991,2964,
9992,9992,9158,
9993,9993,9861,
9994,9994,4756,
9995,9995,5694,
9996,9996,2708,
9997,9997,5560,
9998,9998,1737,
9999,9999,5675,
10000,10000,9628,
10001,10001,8685,
10002,10002,3353,
10003,10003,5794,
10004,10004,2359,
10005,10005,2615,
10006,10006,9719,
10007,10007,5018,
10008,10008,5180,
10009,10009,5937,
10010,10010,5946,
10011,10011,5834,
10012,10012,5876,
10013,10013,3726,
10014,10014,3490,
10015,10015,1983,
10016,10016,9370,
10017,10017,7444,
10018,10018,6420,
10019,10019,4374,
10020,10020,8944,
10021,10021,4928,
10022,10022,6952,
10023,10023,2504,
10024,10024,4554,
10025,10025,2574,
10026,10026,5949,
10027,10027,4505,
10028,10028,4204,
10029,10029,5691,
10030,10030,4769,
10031,10031,1565,
10032,10032,8334,
10033,10033,7399,
10034,10034,2053,
10035,10035,9658,
10036,10036,2771,
10037,10037,3455,
10038,10038,6474,
10039,10039,3078,
10040,10040,3033,
10041,10041,9130,
10042,10042,9846,
10043,10043,3967,
10044,10044,4888,
10045,10045,3910,
10046,10046,3044,
10047,10047,5601,
10048,10048,2145,
10049,10049,3997,
10050,10050,9034,
10051,10051,5241,
10052,10052,7729,
10053,10053,5957,
10054,10054,2845,
10055,10055,3532,
10056,10056,1620,
10057,10057,6666,
10058,10058,7157,
10059,10059,4481,
10060,10060,3160,
10061,10061,6480,
10062,10062,9504,
10063,10063,4292,
10064,10064,7138,
10065,10065,9088,
10066,10066,3681,
10067,10067,6830,
10068,10068,8236,
10069,10069,3033,
10070,10070,3464,
10071,10071,7263,
10072,10072,7212,
10073,10073,8883,
10074,10074,8697,
10075,10075,7432,
10076,10076,2116,
10077,10077,5440,
10078,10078,5237,
10079,10079,9128,
10080,10080,4083,
10081,10081,8148,
10082,10082,2665,
10083,10083,9280,
10084,10084,5195,
10085,10085,1971,
10086,10086,3189,
10087,10087,6122,
10088,10088,4262,
